,ctpt_individual_prediction,ctpt_confidence
AAAGGGCGTCGAAACG-1,Endo CLDN5 IL1R1,0.7171537318739419
AAATGGAGTGCACAAG-1,Oligo MOG OPALIN,0.9946439649427534
AACAAGAGTATTTCTC-1,Endo CLDN5 SLC7A5,0.7182108584423798
AACCTGAGTTCTAACG-1,Endo CLDN5 SLC7A5,0.6074008215054871
AACTTCTAGATAACAC-1,Oligo MOG OPALIN,0.994935399258932
AAGAACATCATCACTT-1,L2-3 CUX2 ACVR1C THSD7A,0.7623321686642723
AAGTACCCACATGACT-1,Endo CLDN5 IL1R1,0.4264363178770531
AAGTACCGTAGTCTGT-1,Endo CLDN5 IL1R1,0.5172657031416145
AATAGAGGTATATGGA-1,Endo CLDN5 IL1R1,0.38230755892247714
AATAGAGGTGGCATCC-1,InN VIP EXPH5,0.34742610446862576
AATCGACAGGCCCAAA-1,L3-5 RORB PCBP3 ARHGAP15,0.30825785500609176
AATCGTGGTAACAAGT-1,L3-5 RORB MKX GRIN3A,0.4640624286030424
AATCGTGGTGTCCTAA-1,L3-5 RORB MKX GRIN3A,0.4627910345420841
AATGAAGTCCTAGCGG-1,Endo CLDN5 IL1R1,0.9061689372895555
AATGCCACACCTTCCA-1,Oligo MOG OPALIN,0.9918645312190283
AATGGAAGTCGAGTGA-1,L5-6 FEZF2 NXPH2 CDH8,0.3492802480005857
AATTCCTGTACAGTTC-1,Endo CLDN5 SLC7A5,0.34397376628883586
ACACTGACAGAGTGAC-1,Endo CLDN5 IL1R1,0.36847592146928754
ACACTGATCGGAATGG-1,Astro AQP4 SLC1A2,0.5547415148674332
ACAGGGACATGGCGCT-1,Endo CLDN5 IL1R1,0.41218842602481
ACATCCCCATCGGCCA-1,L5-6 FEZF2 NXPH2 GRIK1,0.4043875358769953
ACATTTCCACGGGCTT-1,Oligo MOG OPALIN,0.9999993588859573
ACCAACAGTCCATACA-1,InN VIP EXPH5,0.3982284014225379
ACCAACATCATTGGTG-1,Oligo MOG OPALIN,0.4672393548336274
ACCTGTCTCGAGAGAC-1,L2-3 CUX2 NTNG1 PLCH1,0.3975101805416699
ACGGGTCGTAGTGTGG-1,Oligo MOG OPALIN,0.6699428692035623
ACGGTCGCACTGGATT-1,OPC PDGFRA PCDH15,0.354678423265623
ACGTACAAGCTGGTGA-1,Endo CLDN5 IL1R1,0.8119674659461822
ACGTAGTTCAAATAGG-1,Endo CLDN5 SLC7A5,0.3684135033795314
ACGTAGTTCCCTTTGG-1,Oligo MOG OPALIN,0.999824745633093
ACTACGATCAGCCTTC-1,Endo CLDN5 IL1R1,0.4311855307001005
ACTATGGTCATTTGTC-1,Endo CLDN5 IL1R1,0.3519012031751769
ACTCCCAGTAGGACCA-1,Endo CLDN5 IL1R1,0.30187380006245534
ACTGCAACACCAGTAT-1,L3-5 RORB PCBP3 ARHGAP15,0.3762374470949924
ACTGTGACAGGCTATT-1,Endo CLDN5 SLC7A5,0.9698093762112133
ACTTCCGCAGTTGTTG-1,L3-5 RORB MKX GRIN3A,0.8232285657035046
ACTTCGCTCAGCCCAG-1,Oligo MOG GSN,0.6039801029432738
ACTTTGTTCCGGGACT-1,InN LAMP5 ADAMTS20,0.48329618187133605
AGAAGCGAGCTATCCA-1,PC P2RY14 GRM8,0.3682604158163877
AGACCATCAGCGCTTG-1,InN LAMP5 ADAMTS20,0.7743463798571576
AGAGAATGTTCTCCTG-1,Astro AQP4 SLC1A2,0.4189900568328919
AGAGAGCAGCTCAGAG-1,L3-5 RORB PCBP3 ARHGAP15,0.7677321728235633
AGAGAGCAGTAGGTTA-1,Oligo MOG OPALIN,0.32819579066530014
AGAGCAGAGAGAGGTA-1,Oligo MOG OPALIN,0.9802516098991162
AGAGCCCAGTAACGAT-1,L3-5 RORB PCBP3 ARHGAP15,0.39564765509906985
AGAGCCCCAATGACCT-1,Endo CLDN5 SLC7A5,0.4442429877806822
AGATCGTAGATGGCAC-1,Endo CLDN5 IL1R1,0.5509636648901517
AGATCGTGTTAGGCCC-1,InN LAMP5 BMP7,0.43028019140910834
AGCATCACACCGTCGA-1,InN ADARB2 FAM19A1,0.9974057814923604
AGCGCCACAGTAGATA-1,L3-5 RORB MKX GRIN3A,0.45201545258084885
AGCGTCGTCCGCACGA-1,Oligo MOG OPALIN,0.5860604258513692
AGCTACATCCATACAG-1,Endo CLDN5 IL1R1,0.330049202801002
AGGAATAAGGATCACG-1,L3-5 RORB PCBP3 ARHGAP15,0.3757024427603052
AGGATAATCTTAAGGC-1,Astro AQP4 SLC1A2,0.47178657213184777
AGGATCTGTAACCCGC-1,Endo CLDN5 IL1R1,0.49526954540765555
AGGCTGCAGTTGCATC-1,Endo CLDN5 SLC7A5,0.5221777077262874
AGGCTGCTCTATCGTT-1,InN LAMP5 LHX6 PROX1,0.3713980396948295
AGGGCCTAGCCATTCA-1,Oligo MOG OPALIN,0.4070619907508762
AGGGCCTGTCGCGTTG-1,InN PVALB HPSE,0.4795307347703467
AGGTAGGGTACGACTT-1,Astro AQP4 SLC1A2,0.3303576284833219
AGTAACCCAGGAATCG-1,Astro AQP4 SLC1A2,0.3193470144095755
AGTAGTCAGCATTTGC-1,Endo CLDN5 SLC7A5,0.4226981587356598
AGTCAACCATGTGCTA-1,InN PVALB HPSE,0.6712467169842776
AGTCACATCATTGAGC-1,Endo CLDN5 IL1R1,0.4252452372561171
AGTCATGGTAGGCAAC-1,Oligo MOG OPALIN,0.7475450362490058
AGTGACTCACACACTA-1,Endo CLDN5 IL1R1,0.33636585341829844
AGTGATCAGAAACACT-1,InN LAMP5 LHX6 TAC1,0.3443741683589995
AGTGCCGCATTGCAAC-1,Oligo MOG OPALIN,0.9983900487384468
AGTGTTGGTCCGGTGT-1,L3-5 RORB PCBP3 ARHGAP15,0.32556089532900456
AGTGTTGGTTGGAGGT-1,InN PVALB SYT2,0.4215067185865495
ATACTTCGTCGAATGG-1,Endo CLDN5 IL1R1,0.49454768936228327
ATAGACCCAAACCATC-1,L2-3 CUX2 NTNG1 PALMD,0.3131261404581404
ATAGAGAAGAGGGTAA-1,Endo CLDN5 IL1R1,0.3978995215922558
ATCACAGGTCAGTCGC-1,InN LAMP5 ADAMTS20,0.918913330386603
ATCACGATCTCTCGAC-1,Endo CLDN5 IL1R1,0.33412301379569176
ATCAGGTAGTATGAAC-1,Oligo MOG OPALIN,0.996299847217471
ATCCACCCACTAACCA-1,InN SST ADAMTSL1,0.3611288969098324
ATCGTAGCACCCTAAA-1,Endo CLDN5 IL1R1,0.3638042250235259
ATCTCTAGTGGCTACC-1,InN SST NPY,0.9988560912739317
ATGACCAGTGAGCGAT-1,Oligo MOG OPALIN,0.8921656677637254
ATGAGGGTCCGTATAG-1,Endo CLDN5 SLC7A5,0.8396203736977266
ATGGAGGGTCGGTAAG-1,L2-3 CUX2 ACVR1C THSD7A,0.3676929953880889
ATGTCCCAGCTGTTCA-1,Endo CLDN5 IL1R1,0.7091560183200041
ATGTCTTAGTAAACGT-1,L3-5 RORB PCBP3 ARHGAP15,0.3842215486189197
ATTACTCGTGCTTATG-1,Endo CLDN5 SLC7A5,0.6971226102886765
ATTCACTTCCAATCCC-1,L2-3 CUX2 ACVR1C THSD7A,0.9914592865171205
ATTCCATAGGAGATAG-1,Endo CLDN5 IL1R1,0.30746004575799607
ATTCCCGGTGCAGATG-1,Endo CLDN5 SLC7A5,0.9559271663509638
ATTGTTCCAGCTGAGA-1,Micro P2RY12 APBB1IP,0.998375279500255
ATTTCTGAGACTGAGC-1,InN LAMP5 LHX6 TAC1,0.7255642034598782
ATTTCTGTCTCCCATG-1,Endo CLDN5 IL1R1,0.3634868362702201
CAACGATGTGTGCCTG-1,Endo CLDN5 SLC7A5,0.9972128182719828
CAACGGCCACGGCGTT-1,Endo CLDN5 IL1R1,0.47113981537825245
CAAGACTCACGCACCA-1,Astro GFAP AQP1,0.5803590911013669
CAATACGCACCTGATA-1,OPC PDGFRA PCDH15,0.6365649678594375
CAATGACGTCCTGAAT-1,InN LAMP5 RELN,0.5963908413969718
CACACAAGTGAGTTGG-1,Oligo MOG OPALIN,0.9986580009430551
CACATGACAACATACC-1,L3-5 RORB PCBP3 ARHGAP15,0.3657602249454395
CACGTTCGTTGATGTC-1,Endo CLDN5 SLC7A5,0.671992987065577
CACTGAACATCGGTTA-1,Endo CLDN5 IL1R1,0.3273659940705845
CACTGGGCAAAGGCGT-1,Oligo MOG OPALIN,0.7170797491569915
CAGAGCCGTGTTCCTC-1,Endo CLDN5 IL1R1,0.3823321128699653
CAGATACTCGTAACCA-1,Endo CLDN5 IL1R1,0.6305854036793772
CAGCAATAGCATCGAG-1,Oligo MOG OPALIN,0.30046358622619185
CAGCAGCGTTCTTGCC-1,L3-5 RORB PCBP3 ARHGAP15,0.43183482832788506
CAGTTAGAGCCGTTGC-1,Oligo MOG OPALIN,0.513176354964124
CAGTTCCGTAGTATAG-1,Endo CLDN5 IL1R1,0.36984774424224487
CAGTTCCTCATTGCGA-1,InN VIP EXPH5,0.4253982105639367
CAGTTCCTCCTCACCA-1,L3-5 RORB MKX GRIN3A,0.34191429011400043
CATACAGAGCGATCGA-1,Oligo MOG OPALIN,0.3427303024320113
CATACAGTCAGCTTGA-1,Endo CLDN5 SLC7A5,0.9306441913858848
CATACCCGTTTCTTAC-1,Oligo MOG OPALIN,0.9889207586927116
CATCGGGAGTCCCAGC-1,Endo CLDN5 SLC7A5,0.30342704701186934
CATCGTCTCACCCTCA-1,Endo CLDN5 IL1R1,0.3025907292455604
CATGAGTCATAGAAAC-1,Endo CLDN5 IL1R1,0.4553584538229426
CATGCAAGTGACTCTA-1,Oligo MOG OPALIN,0.5051531647168149
CATGGATAGAGGGTAA-1,L3-5 RORB PCBP3 ARHGAP15,0.6831983085552946
CATGGATCACCCTGTT-1,L3-5 RORB PCBP3 ARHGAP15,0.3678826549732571
CATGGTATCGGCTATA-1,Endo CLDN5 SLC7A5,0.47434675370516377
CATTCCGAGGCTCAAG-1,Oligo MOG OPALIN,0.6676271640059607
CATTGAGCACAGTACT-1,Endo CLDN5 SLC7A5,0.5745122078141477
CATTGTTCAGAAGCGT-1,Endo CLDN5 SLC7A5,0.8682692067003644
CATTTCAGTGTCTCCT-1,Endo CLDN5 IL1R1,0.8941343387296594
CCACAAACATCGTCCT-1,Endo CLDN5 SLC7A5,0.4692705209744318
CCACACTGTCCGGATC-1,Endo CLDN5 SLC7A5,0.5171498208710898
CCACACTGTCTACACA-1,Endo CLDN5 IL1R1,0.3108687004895931
CCACCATGTGCAGTGA-1,L5-6 FEZF2 NXPH2 GRIK1,0.33067066740366474
CCACCATTCCTTCACG-1,InN LAMP5 LHX6 PROX1,0.3067852055665757
CCACGTTAGCGGATCA-1,Endo CLDN5 IL1R1,0.4517792324802867
CCACGTTCAAGGGTCA-1,Endo CLDN5 SLC7A5,0.9858637069732576
CCACGTTTCATCAGTG-1,Endo CLDN5 SLC7A5,0.7801348760645181
CCACTTGTCGTGGGAA-1,InN VIP EXPH5,0.30645614667781346
CCATCACCAGATCATC-1,L2-3 CUX2 NTNG1 PLCH1,0.3786028577991444
CCCATTGCAGCTCCTT-1,Endo CLDN5 SLC7A5,0.9313295061356766
CCCGGAAAGGGAGGGT-1,L3-5 RORB GABRG1 KCNH7,0.6082505582256866
CCGATGGCAAGATGTA-1,L3-5 RORB PCBP3 ARHGAP15,0.3698409722746966
CCGCAAGGTGTCTTGA-1,InN ADARB2 SFRP2,0.9982054928027361
CCGCAAGTCTGGCCTT-1,Endo CLDN5 SLC7A5,0.41458480944963777
CCGGACACAACACTAC-1,InN LAMP5 RELN,0.9997563322070604
CCGGACAGTCTGCGCA-1,InN VIP EXPH5,0.41106640090500407
CCGGTAGTCCTGGTCT-1,L2-3 CUX2 NTNG1 PLCH1,0.35989406731421847
CCGTTCAAGGTGATAT-1,OPC PDGFRA PCDH15,0.9999858296489369
CCTATCGAGCTGAGCA-1,L3-5 RORB PCBP3 ARHGAP15,0.5345264131648805
CCTCATGCAAAGTGTA-1,Oligo MOG OPALIN,0.9998184731341492
CCTCCAACATCGATGT-1,Micro P2RY12 APBB1IP,0.9995325633105402
CCTCTCCTCGAGTTGT-1,InN LAMP5 ADAMTS20,0.9830310430385257
CCTGTTGTCTGATTCT-1,InN LAMP5 RELN,0.9893902329631826
CCTGTTGTCTGCCTCA-1,L2-3 CUX2 ACVR1C THSD7A,0.9920121933759402
CCTTCAGTCTACGCGG-1,Endo CLDN5 IL1R1,0.42215149675217223
CGACAGCTCCGCACGA-1,Endo CLDN5 SLC7A5,0.7007185146593403
CGAGGAAGTTTAGACC-1,Oligo MOG OPALIN,0.9999211429322079
CGATGCGAGGAAAGAC-1,Endo CLDN5 SLC7A5,0.9734914650788263
CGATGCGAGTAAGGGA-1,L3-5 RORB PCBP3 ARHGAP15,0.6061556035279735
CGATGCGGTGACTGAG-1,Endo CLDN5 SLC7A5,0.9846630894908811
CGCAGGTTCTGTACAG-1,Oligo MOG GSN,0.6264517243317189
CGCCATTTCCGTGACG-1,InN ADARB2 PALMD,0.31614588471501825
CGCCATTTCGCGCTGA-1,Endo CLDN5 IL1R1,0.30564782923687456
CGCGTGATCTCCACTG-1,Endo CLDN5 SLC7A5,0.996991905022774
CGGAACCCAACCGACC-1,Endo CLDN5 SLC7A5,0.6034218005322177
CGGCAGTGTATCGAGG-1,Micro P2RY12 APBB1IP,0.9778370819995961
CGGGCATGTGTGTTTG-1,Astro AQP4 SLC1A2,0.4321843146804748
CGTAAGTTCGTGGAAG-1,InN LAMP5 RELN,0.8681968048267609
CGTGAATCATTGACCA-1,OPC PDGFRA PCDH15,0.5182344208461429
CTACAGACAGCTTTGA-1,L3-5 RORB PCBP3 ARHGAP15,0.6626899793556497
CTACATTCATACTGTG-1,OPC PDGFRA PCDH15,0.43425925620899386
CTACATTGTGGTTCTA-1,L3-5 RORB MKX GRIN3A,0.4050837224514722
CTACATTTCTGTCAGA-1,InN LAMP5 ADAMTS20,0.5047626668239295
CTACCTGAGCTCTGTA-1,L2-3 CUX2 NTNG1 PLCH1,0.44971660253198464
CTACTATGTGGTCTTA-1,Endo CLDN5 IL1R1,0.40181639832114563
CTATCCGAGCATCGAG-1,Endo CLDN5 IL1R1,0.4620312660396504
CTATCCGAGGTTGGTG-1,Astro GFAP AQP1,0.7589600747361444
CTATCTAAGGATATGT-1,Oligo MOG OPALIN,0.3400191817936723
CTATCTAAGTTGCTGT-1,InN SST HTR2C,0.9703343260907178
CTCACTGCAGCTCGGT-1,InN LAMP5 LHX6 TAC1,0.8956275096474449
CTCAGGGCACCATAAC-1,InN PVALB PRKCH,0.40912439982749094
CTCATTAGTTCCCAAA-1,Endo CLDN5 SLC7A5,0.601549535173655
CTCCACAGTAACCCTA-1,InN LAMP5 BMP7,0.9532677248226242
CTCCCAATCGTAACCA-1,Oligo MOG OPALIN,0.9999981529493177
CTCCGATGTACCAATC-1,Oligo MOG OPALIN,0.926373443435631
CTCCTCCCAACACAGG-1,L3-5 RORB MKX GRIN3A,0.6251035555291446
CTCCTCCCAGAACCGA-1,Endo CLDN5 SLC7A5,0.38110724265346574
CTCCTTTAGATCCAAA-1,InN VIP EXPH5,0.8817269649581746
CTCGAGGGTTCTTGCC-1,OPC PDGFRA PCDH15,0.6422920677799044
CTCTCGAAGGATCATA-1,Endo CLDN5 SLC7A5,0.5617840666413249
CTGCCTAGTGACAGCA-1,Endo CLDN5 SLC7A5,0.9041509694270807
CTGTACCAGTTGAAGT-1,Endo CLDN5 IL1R1,0.31703914733072186
CTGTACCGTTTACACG-1,InN ADARB2 PALMD,0.5066058158103862
CTGTACCTCCACATAG-1,Oligo MOG OPALIN,0.6704074116826283
CTGTAGAAGGTCCTGC-1,Endo CLDN5 SLC7A5,0.6029044960946842
CTGTATTGTTGTACGT-1,Endo CLDN5 IL1R1,0.3319501001354024
CTGTCGTAGATTAGTG-1,Endo CLDN5 SLC7A5,0.7227627511138902
CTGTGAAGTGACACGA-1,InN ADARB2 PALMD,0.42364469918400643
CTTAGGAGTCCGAAAG-1,L3-5 RORB PCBP3 ARHGAP15,0.3436225809314783
CTTCCGACAAGTTCGT-1,L3-5 RORB PCBP3 ARHGAP15,0.3339123457214068
CTTCCGATCGTCCTTG-1,Endo CLDN5 SLC7A5,0.8978689678683667
CTTCCTTCAAAGACGC-1,L2-3 CUX2 NTNG1 PLCH1,0.6941957159669402
CTTCTAATCAGGAGAC-1,Endo CLDN5 SLC7A5,0.8744334281055829
CTTGAGAAGCTACTGT-1,InN VIP EXPH5,0.3082686798310069
CTTTCAACATCTTAGG-1,Endo CLDN5 IL1R1,0.3709697554439708
CTTTCAATCAGTCTTT-1,Endo CLDN5 IL1R1,0.32673622620862913
GAAGCGAAGAAGCGCT-1,Oligo MOG OPALIN,0.429650300201057
GAAGGGTGTTGCAAGG-1,InN VIP EXPH5,0.6633808430141289
GAAGTAATCTGGTTGA-1,Endo CLDN5 SLC7A5,0.8272550238194767
GACACGCTCGATCCAA-1,InN ADARB2 PALMD,0.5210435947642192
GACCAATGTCACAATC-1,Endo CLDN5 IL1R1,0.3612940402839762
GACCCTTCATCTCAAG-1,Oligo MOG OPALIN,0.8382983899929134
GACTCTCTCTCGCGTT-1,Endo CLDN5 IL1R1,0.5899689943904926
GACTGATAGCTCGCAC-1,L2-3 CUX2 ACVR1C THSD7A,0.7127427859209139
GACTTCCAGCGGGTTA-1,Endo CLDN5 SLC7A5,0.6564641331997348
GACTTCCGTACCAGAG-1,Endo CLDN5 IL1R1,0.30864888786193073
GAGAGGTTCGGTCTGG-1,Oligo MOG OPALIN,0.9999836279718085
GAGTGAGAGCGTCAAG-1,L3-5 RORB PCBP3 ARHGAP15,0.4284968069248215
GAGTGAGTCGCCACTT-1,Endo CLDN5 IL1R1,0.5476596058710204
GAGTTTGTCTGTAAGC-1,Astro AQP4 SLC1A2,0.4486244191377239
GATCACAAGCCATATC-1,L3-5 RORB MKX GRIN3A,0.3484581409147003
GATCACAGTTCCGCGA-1,Endo CLDN5 IL1R1,0.42689243025390494
GATCACATCAAGGCTT-1,Endo CLDN5 SLC7A5,0.9220911004144673
GATCACATCCAGCCTT-1,Endo CLDN5 IL1R1,0.3219963443944066
GATCCCTAGACTCTAC-1,OPC PDGFRA PCDH15,0.9999999945897453
GATCCCTTCCGTCCTA-1,Endo CLDN5 IL1R1,0.42011802000898707
GATGACTAGGCATCAG-1,Endo CLDN5 IL1R1,0.3912626139596971
GATGTTGAGGAAAGTG-1,L6 OPRK1 SMYD1 KCND2,0.8369781460136672
GATTGGTGTCCAAAGG-1,L3-5 RORB PCBP3 ARHGAP15,0.46560405533668775
GCAACCGAGCTTCATG-1,Endo CLDN5 IL1R1,0.3113708403654554
GCAACCGGTATTCCTT-1,L5-6 FEZF2 NXPH2 GRIK1,0.6451050158776613
GCACTAAAGCGAAACC-1,L3-5 RORB PCBP3 ARHGAP15,0.3688766083520962
GCAGCCATCCTCTGCA-1,Endo CLDN5 IL1R1,0.3327603258335055
GCAGCTGGTCTGTCAA-1,Oligo MOG GSN,0.9221779323921645
GCATGATCAAGCGAGT-1,Oligo MOG OPALIN,0.9153159932809479
GCCATTCAGCGTGCCT-1,Endo CLDN5 IL1R1,0.429233384035864
GCCATTCAGTCCCAGC-1,InN VIP SCML4,0.6942129551271561
GCCATTCTCGTCTCAC-1,Endo CLDN5 IL1R1,0.5699103219299145
GCCATTCTCGTTGTTT-1,Endo CLDN5 SLC7A5,0.5487513257637778
GCCCGAAAGTTGTACC-1,L2-3 CUX2 NTNG1 COL5A2,0.3311102170605001
GCCGATGCACATTCGA-1,Endo CLDN5 IL1R1,0.6975222114963086
GCCGATGGTCGTCAGC-1,OPC PDGFRA PCDH15,0.4348677510643518
GCCGTGAAGAGCTGCA-1,L2-3 CUX2 NTNG1 PALMD,0.5724287192588613
GCCTGTTGTACAAAGT-1,InN LAMP5 RELN,0.9787786608446519
GCGAGAATCAAGTAAG-1,InN LAMP5 RELN,0.892474478866898
GCGATCGGTCCTCATC-1,InN VIP HS3ST3B1,0.999197003814309
GCGGAAACAGACCTGC-1,L3-5 RORB MKX GRIN3A,0.4001083716680066
GCGTTTCGTCTCGGAC-1,Endo CLDN5 IL1R1,0.37604446271432235
GCTCAAAGTCTGTCAA-1,Endo CLDN5 SLC7A5,0.47485367018802077
GCTTGGGTCGAACTCA-1,Endo CLDN5 SLC7A5,0.385790332027785
GCTTTCGAGCCTCATA-1,Endo CLDN5 IL1R1,0.34693443232105137
GGAACCCGTCACGTGC-1,Endo CLDN5 IL1R1,0.3837554272350448
GGAAGTGCATGCTGCG-1,Endo CLDN5 IL1R1,0.34409706712295574
GGAAGTGGTGTCATTG-1,Oligo MOG OPALIN,0.6870844683661982
GGAGAACCAGGAATAT-1,InN VIP EXPH5,0.4589926716178948
GGATGTTTCAAACCCA-1,InN LAMP5 RELN,0.9990675182417166
GGCAGTCCACGTAGAG-1,Oligo MOG OPALIN,0.8467680371307291
GGGACAATCACCGCTT-1,Endo CLDN5 IL1R1,0.3906904883798357
GGGAGATTCACAAGGG-1,Endo CLDN5 SLC7A5,0.9587515900579979
GGGCTCATCTATCCAT-1,Endo CLDN5 IL1R1,0.34119752526822555
GGGTGAAAGGTGCTGA-1,Endo CLDN5 SLC7A5,0.3439774529338986
GGGTTATAGACAAGCC-1,L3-5 RORB PCBP3 ARHGAP15,0.5408744740370124
GGGTTTATCTGGCTGG-1,Endo CLDN5 IL1R1,0.5358604827184951
GGTAATCAGAATGTTG-1,InN VIP EXPH5,0.348239162145715
GGTAATCCACTCAAGT-1,Endo CLDN5 SLC7A5,0.8819197748549081
GGTCACGAGATAGGGA-1,Endo CLDN5 IL1R1,0.38267679607474103
GGTGATTTCGGTAGGA-1,Endo CLDN5 SLC7A5,0.9682405133342842
GGTTCTCCACACGGTC-1,Endo CLDN5 IL1R1,0.3979569141845634
GGTTCTCGTCTTCCGT-1,Micro P2RY12 APBB1IP,0.995689247935698
GTAGAAAAGTCACGAG-1,L5-6 FEZF2 NXPH2 GRIK1,0.324125237064947
GTAGAAATCGCAGTCG-1,Endo CLDN5 SLC7A5,0.7200838351201974
GTAGGAGAGAAGCCTG-1,InN VIP EXPH5,0.9825331090706982
GTAGGAGCATAGATCC-1,InN LAMP5 MEIS2,0.5277670836401185
GTATTGGCAGTTGGTT-1,Astro GFAP FABP7,0.40402124162542413
GTCATCCGTATGCGGA-1,L3-5 RORB MKX GRIN3A,0.3910212226058026
GTCCACTCACTTGAAC-1,InN ADARB2 COL5A2,0.4367649542656095
GTCCTCAAGGTGATCG-1,Oligo MOG OPALIN,0.7569435069349021
GTCCTCAGTCTCAGAT-1,Endo CLDN5 IL1R1,0.42259948861805885
GTCCTCAGTCTTACAG-1,InN VIP EXPH5,0.3339278571732433
GTCGAATCAAGGTCTT-1,Endo CLDN5 SLC7A5,0.9417184402604669
GTCGTAACACTGTGAT-1,Oligo MOG OPALIN,0.5138750685973722
GTCGTTCTCGGACTGC-1,L3-5 RORB PCBP3 ARHGAP15,0.43816469602895164
GTCTAGAAGTAGGGTC-1,Oligo MOG OPALIN,0.9751815907400484
GTCTCACCATCGTCCT-1,L2-3 CUX2 ACVR1C THSD7A,0.9962572471015338
GTCTTTACACTACCGG-1,Endo CLDN5 SLC7A5,0.7099951560910999
GTCTTTAGTCAAAGTA-1,InN LAMP5 RELN,0.9977852241230137
GTGACGCGTTGCATCA-1,Endo CLDN5 SLC7A5,0.5566311333521446
GTGCTGGAGGGTACAC-1,L3-5 RORB MKX GRIN3A,0.4371069054575255
GTGCTTCTCTTCGCTG-1,Oligo MOG OPALIN,0.4322260568698924
GTGGAGACACAAAGCG-1,OPC PDGFRA PCDH15,0.4823055046249867
GTGGCGTCACTGGACC-1,Astro GFAP AQP1,0.32667637826674817
GTGGGAATCGTAGCTA-1,Micro P2RY12 APBB1IP,0.33483505459927687
GTGTCCTGTCACTCTC-1,Astro AQP4 OSMR,0.3830801607926166
GTGTCCTGTGTCGATT-1,Micro P2RY12 APBB1IP,0.5448825247238166
GTGTGATTCCCTCTCC-1,Astro GFAP AQP1,0.5130149486649612
GTGTTAGCAACTACGT-1,Endo CLDN5 SLC7A5,0.8635708794630177
GTTACAGAGCTGAAAT-1,InN LAMP5 RELN,0.9951445434001895
GTTACCCAGTCATGCT-1,Endo CLDN5 IL1R1,0.3151357496448396
GTTCATTAGTTCCATG-1,Oligo MOG OPALIN,0.567263548956362
GTTGAACGTAGGCTGA-1,OPC PDGFRA PCDH15,0.9999999999971056
GTTGCGGAGAGCGACT-1,Endo CLDN5 IL1R1,0.35568656414401345
GTTGCTCCATGGAAGC-1,Endo CLDN5 SLC7A5,0.9965259193719472
GTTGCTCTCTACCTTA-1,L3-5 RORB PCBP3 ARHGAP15,0.3082902020897678
GTTTACTGTCGGAAAC-1,Astro AQP4 SLC1A2,0.4774387996320091
GTTTACTTCAACTTTC-1,Endo CLDN5 IL1R1,0.541039648437471
GTTTGGACATGAGAAT-1,L3-5 RORB PCBP3 ARHGAP15,0.6335487675634482
TAACCAGTCTGCCTGT-1,Endo CLDN5 SLC7A5,0.34173972797565566
TAACTTCGTATCGGTT-1,Endo CLDN5 IL1R1,0.5506363112308742
TAACTTCGTGGGCTCT-1,Oligo MOG OPALIN,0.8227216520922043
TAAGCCAGTCGAGTGA-1,L3-5 RORB PCBP3 ARHGAP15,0.665723634055669
TAATTCCGTCGTATGT-1,Endo CLDN5 IL1R1,0.3457765979451021
TACAACGGTCGTGCCA-1,Endo CLDN5 IL1R1,0.5783022156602216
TACAACGTCGCTTTAT-1,Oligo MOG OPALIN,0.6801819187226943
TACAACGTCTAACGGT-1,Endo CLDN5 IL1R1,0.6704972548024727
TACCCGTGTCGAGCTC-1,Oligo MOG OPALIN,0.999880236869669
TACCCGTGTGAGTAAT-1,Oligo MOG OPALIN,0.32774079026995484
TACCGGGCAGTGTATC-1,Endo CLDN5 IL1R1,0.36082227521995713
TACCTGCGTATAATGG-1,Endo CLDN5 IL1R1,0.6263495447116533
TACGTCCCAGTCTGGC-1,Oligo MOG OPALIN,0.45942256254544117
TACTGCCAGTCCGCCA-1,Endo CLDN5 SLC7A5,0.9520103696495015
TACTGCCCAAGGTACG-1,L2-3 CUX2 NTNG1 PALMD,0.46143239584529844
TACTTCATCAGAACCT-1,InN LAMP5 ADAMTS20,0.9305629514137936
TAGACTGAGCACACAG-1,Oligo MOG OPALIN,0.350204960558827
TAGACTGGTCGTACAT-1,Endo CLDN5 SLC7A5,0.48204528192639684
TAGCACAGTATGATCC-1,L3-5 RORB PCBP3 ARHGAP15,0.5297845664893716
TAGGGTTGTGAACTAA-1,Oligo MOG OPALIN,0.36941832153455445
TAGGGTTTCTCGAACA-1,Endo CLDN5 IL1R1,0.3207899191290518
TAGGTTGCAGACACAG-1,OPC PDGFRA PCDH15,0.41349166698842366
TATATCCCACAATGTC-1,Oligo MOG OPALIN,0.8543855308518314
TATCAGGCACGAAAGC-1,Endo CLDN5 IL1R1,0.36575284963149024
TATCTGTCAAGAGTTA-1,L3-5 RORB PCBP3 ARHGAP15,0.3660709031545847
TATCTTGGTATAGGGC-1,OPC PDGFRA PCDH15,0.3098991867900441
TATGTTCAGACGTCCC-1,Micro P2RY12 APBB1IP,0.9980046267296822
TCAAGACGTGGCTTGC-1,OPC PDGFRA PCDH15,0.5472543227278555
TCAAGCAAGTGGGAAA-1,InN VIP FREM2,0.8742837999795949
TCACACCAGCTCCGAC-1,L3-5 RORB PCBP3 ARHGAP15,0.3510123859842536
TCACTATCAGCTTCCT-1,Endo CLDN5 SLC7A5,0.9618421631998665
TCACTATTCTGAGCAT-1,Endo CLDN5 SLC7A5,0.5737898974080032
TCAGGGCCATAGCACT-1,Oligo MOG OPALIN,0.9999969465150079
TCAGGTACACGCAGTC-1,OPC PDGFRA PCDH15,0.35493870918639475
TCAGTCCCATGGGTCC-1,InN LAMP5 RELN,0.9902633530378084
TCATATCTCTCCTGCA-1,Oligo MOG OPALIN,0.9999369707459405
TCATTACCAGAAACCG-1,Micro P2RY12 APBB1IP,0.9592459455085955
TCATTGTGTCCTCCAT-1,InN LAMP5 BMP7,0.9989886030274968
TCATTGTGTTTCAGAC-1,OPC PDGFRA PCDH15,0.349073430776292
TCCACGTTCCGGACTG-1,Endo CLDN5 IL1R1,0.3303798620363647
TCCAGAACACCTGCAG-1,Endo CLDN5 IL1R1,0.43436420836457146
TCCAGAACACTACACA-1,Endo CLDN5 SLC7A5,0.5170751673122735
TCCATCGGTTCTAACG-1,Endo CLDN5 IL1R1,0.33514589553984786
TCCCACACAAATCCCA-1,Endo CLDN5 SLC7A5,0.9762060298585868
TCCCATGGTCGCGGTT-1,L2-3 CUX2 NTNG1 PLCH1,0.35671298546414865
TCCCATGGTGGGTCAA-1,InN LAMP5 BMP7,0.9864086815980736
TCCGAAAGTAACCAGG-1,L3-5 RORB MKX GRIN3A,0.3708978483377846
TCCGGGAGTCGACTTA-1,L3-5 RORB MKX GRIN3A,0.39895570065067926
TCCGTGTTCATGACAC-1,Endo CLDN5 SLC7A5,0.7957769509730295
TCCTAATCACGACAGA-1,Oligo MOG OPALIN,0.6727099202366944
TCCTCCCAGTTAGTGA-1,Endo CLDN5 SLC7A5,0.673449058783977
TCCTCTTAGATTCGCT-1,Endo CLDN5 SLC7A5,0.8153416112929226
TCCTGCAAGGCCATAG-1,Macro F13A1 COLEC12,0.9999901745656763
TCCTTTCAGATAGCAT-1,Endo CLDN5 IL1R1,0.5738735094457446
TCGAACAGTCAAGTTC-1,L2-4 CUX2 RORB CLMN,0.32065490896722226
TCGAACAGTGAGTAGC-1,L5-6 FEZF2 NXPH2 GRIK1,0.32476285708586694
TCGAACATCAGCAGAG-1,L6 OPRK1 SMYD1 KCND2,0.9026846357938532
TCGACGGCAAGGCAAC-1,Endo CLDN5 IL1R1,0.3209633593295292
TCGATTTCAAACTCGT-1,Endo CLDN5 SLC7A5,0.9808353547551841
TCGGGCAGTCCCAAAT-1,L2-3 CUX2 NTNG1 PLCH1,0.3469566532120495
TCGTAGACATCCCGTT-1,Oligo MOG OPALIN,0.677247708831861
TCTACCGCAAGTGTCT-1,OPC PDGFRA PCDH15,0.9999999999906424
TCTCTGGTCCTTGGAA-1,Endo CLDN5 IL1R1,0.3872209712211071
TCTTTGACATTCTCCG-1,L2-3 CUX2 NTNG1 PLCH1,0.596687064259295
TGACAGTTCGCCTATC-1,L2-3 CUX2 NTNG1 COL5A2,0.34474116351018996
TGACCCTAGGCATCTT-1,L3-5 RORB PCBP3 ARHGAP15,0.3192759345085104
TGAGCATAGGTGATCG-1,InN LAMP5 ADAMTS20,0.44246625302448034
TGAGGTTCAAGGGTCA-1,Oligo MOG OPALIN,0.8573194100900284
TGATCTTTCCGCTTAC-1,Oligo MOG OPALIN,0.9999706296636206
TGATGGTAGCTGTGCC-1,L2-4 CUX2 RORB CLMN,0.5042303013457281
TGATTTCGTCAGACGA-1,L3-5 RORB PCBP3 ARHGAP15,0.5813754444629913
TGCACGGCAGTTCTAG-1,Oligo MOG OPALIN,0.9999906342340418
TGCAGGCGTATCGTGT-1,Endo CLDN5 IL1R1,0.40618650128662137
TGCAGTAAGCACACCC-1,Endo CLDN5 SLC7A5,0.6285962118343706
TGCAGTACAGCCTACG-1,Endo CLDN5 SLC7A5,0.8411900844603086
TGCATGACAATAGGGC-1,Endo CLDN5 SLC7A5,0.4723476091929057
TGCGACGAGCTATCTG-1,Endo CLDN5 SLC7A5,0.9936477496772862
TGCTCGTAGACGCAGT-1,L3-5 RORB PCBP3 ARHGAP15,0.6064370522829039
TGCTCGTTCACTAGCA-1,InN LAMP5 ADAMTS20,0.9703013186165537
TGCTGAACAAAGGGTC-1,L3-5 RORB PCBP3 ARHGAP15,0.31643685295238655
TGCTGAATCCGTTGAA-1,Astro AQP4 SLC1A2,0.32287131239412775
TGCTTCGGTCTTACAG-1,Endo CLDN5 IL1R1,0.4886570990613409
TGGAGGAGTGACTATC-1,InN VIP EXPH5,0.38347271895935403
TGGAGGATCCTTATGT-1,Oligo MOG OPALIN,0.36134526519093685
TGGATCAGTCGTTCAA-1,InN VIP EXPH5,0.4269235764403325
TGGCGTGTCCCTCTAG-1,L3-5 RORB PCBP3 ARHGAP15,0.3033162901852402
TGGGAAGCAGGGCTTC-1,L3-5 RORB PCBP3 ARHGAP15,0.47085713972551163
TGGTACAAGGAAAGTG-1,Endo CLDN5 SLC7A5,0.8971028494287392
TGGTAGTAGGATGGCT-1,Oligo MOG OPALIN,0.35328057887624
TGGTGATAGGACAACC-1,Astro AQP4 SLC1A2,0.6953374288411392
TGTCCACAGTTGTAGA-1,Endo CLDN5 IL1R1,0.3338847649735907
TGTGATGTCCAAGAGG-1,Astro AQP4 SLC1A2,0.5696766490838628
TGTGTGAGTTGTGGCC-1,L3-5 RORB MKX GRIN3A,0.4304552828097816
TGTTACTAGGGACCAT-1,L2-3 CUX2 NTNG1 PLCH1,0.7400883578042168
TGTTCTACAACCACAT-1,Oligo MOG OPALIN,0.6729259896828014
TGTTTGTGTTGCACGC-1,Astro AQP4 SLC1A2,0.3129356739765426
TTAATCCGTAAGTCAA-1,L3-5 RORB MKX GRIN3A,0.33095973173290905
TTACGCCCACTGCGAC-1,L3-5 RORB MKX GRIN3A,0.3095133652365516
TTACGTTAGAGAGTTT-1,Endo CLDN5 SLC7A5,0.8312702507464875
TTACTGTAGGGCATGT-1,Endo CLDN5 IL1R1,0.30240044710923636
TTCATGTTCGGTCAGC-1,OPC PDGFRA PCDH15,0.5785258016342453
TTCATTGGTGATACAA-1,L2-3 CUX2 NTNG1 PLCH1,0.7276307556099975
TTCCACGCAGAGGTTG-1,L3-5 RORB PCBP3 ARHGAP15,0.3529977110128298
TTCCGTGTCTTCACAT-1,L2-3 CUX2 NTNG1 COL5A2,0.7822120619173584
TTCGGTCGTAGCTGTT-1,L2-3 CUX2 NTNG1 PLCH1,0.4880519654864365
TTCGGTCTCTCAACGA-1,Endo CLDN5 SLC7A5,0.8557048663818049
TTCTAACCAGTAGATA-1,OPC PDGFRA PCDH15,0.4922531677211599
TTCTCTCAGTGACCTT-1,Oligo MOG OPALIN,0.9999995753010545
TTCTTGAAGAATCGAT-1,Endo CLDN5 IL1R1,0.33766951297207753
TTCTTGAAGTTGAAAC-1,InN LAMP5 RELN,0.9969323773368521
TTCTTGACAGTTGCGC-1,Oligo MOG OPALIN,0.38644261568082267
TTGAGTGTCCTTGAAG-1,Micro P2RY12 APBB1IP,0.8529565180763669
TTGCATTAGTGCCCGT-1,Endo CLDN5 SLC7A5,0.6799106173881989
TTGCCTGAGCGAGTCA-1,InN VIP EGF,0.3590764759088645
TTGGGATGTCGTAATC-1,Endo CLDN5 IL1R1,0.5176387953582551
TTGGGCGCATGTCGTA-1,Oligo MOG OPALIN,0.9999466815795669
TTGGGTATCTATCGGA-1,L2-3 CUX2 ACVR1C THSD7A,0.8701323298104044
TTGTGGAAGTGGATAT-1,Endo CLDN5 IL1R1,0.5148330263728275
TTGTGGACACAATGAA-1,Endo CLDN5 IL1R1,0.792158260518736
TTGTGTTGTCTCACAA-1,Endo CLDN5 IL1R1,0.34846330016964083
TTGTGTTTCGTAGTGT-1,Oligo MOG OPALIN,0.9999799215077803
TTGTTGTAGTATGACA-1,Endo CLDN5 IL1R1,0.4846428975637307
TTGTTTGCACACGGAA-1,Oligo MOG OPALIN,0.49534925674556846
TTTAGTCCAACACAGG-1,Endo CLDN5 SLC7A5,0.7247459119200578
