,ctpt_consensus_prediction,Cluster_ID,Marker_Match_1,Marker_Match_1_F1 (%),Marker_Match_2,Marker_Match_2_F1 (%),Marker_Match_3,Marker_Match_3_F1 (%)
0,Endo CLDN5 IL1R1,Endo CLDN5 IL1R1,Purkinje neurons,7.339449541284404,Inhibitory neuron,7.142857142857142,Retinal ganglion cells,5.042016806722689
1,Oligo MOG OPALIN,Oligo MOG OPALIN,Oligodendrocyte,7.725321888412016,Mature oligodendrocyte,7.2727272727272725,Oligodendrocytes,5.797101449275362
2,Endo CLDN5 IL1R1,Endo CLDN5 IL1R1,Purkinje neurons,7.339449541284404,Inhibitory neuron,7.142857142857142,Retinal ganglion cells,5.042016806722689
3,Endo CLDN5 SLC7A5,Endo CLDN5 SLC7A5,Trigeminal neurons,8.421052631578947,Neuron,8.071748878923767,Stem cell,5.47945205479452
4,Oligo MOG OPALIN,Oligo MOG OPALIN,Oligodendrocyte,7.725321888412016,Mature oligodendrocyte,7.2727272727272725,Oligodendrocytes,5.797101449275362
5,Endo CLDN5 IL1R1,Endo CLDN5 IL1R1,Purkinje neurons,7.339449541284404,Inhibitory neuron,7.142857142857142,Retinal ganglion cells,5.042016806722689
6,Endo CLDN5 IL1R1,Endo CLDN5 IL1R1,Purkinje neurons,7.339449541284404,Inhibitory neuron,7.142857142857142,Retinal ganglion cells,5.042016806722689
7,Endo CLDN5 IL1R1,Endo CLDN5 IL1R1,Purkinje neurons,7.339449541284404,Inhibitory neuron,7.142857142857142,Retinal ganglion cells,5.042016806722689
8,Endo CLDN5 IL1R1,Endo CLDN5 IL1R1,Purkinje neurons,7.339449541284404,Inhibitory neuron,7.142857142857142,Retinal ganglion cells,5.042016806722689
9,Endo CLDN5 IL1R1,Endo CLDN5 IL1R1,Purkinje neurons,7.339449541284404,Inhibitory neuron,7.142857142857142,Retinal ganglion cells,5.042016806722689
10,L3-5 RORB PCBP3 ARHGAP15,L3-5 RORB PCBP3 ARHGAP15,Immature neurons,4.545454545454545,Purkinje neurons,3.669724770642202,Somatostatin interneuron,3.6363636363636362
11,L3-5 RORB PCBP3 ARHGAP15,L3-5 RORB PCBP3 ARHGAP15,Immature neurons,4.545454545454545,Purkinje neurons,3.669724770642202,Somatostatin interneuron,3.6363636363636362
12,L3-5 RORB MKX GRIN3A,L3-5 RORB MKX GRIN3A,Pyramidal cells,4.7058823529411775,Interneurons,3.7453183520599254,Lake et al.science.ex3,3.7037037037037033
13,Endo CLDN5 IL1R1,Endo CLDN5 IL1R1,Purkinje neurons,7.339449541284404,Inhibitory neuron,7.142857142857142,Retinal ganglion cells,5.042016806722689
14,Endo CLDN5 SLC7A5,Endo CLDN5 SLC7A5,Trigeminal neurons,8.421052631578947,Neuron,8.071748878923767,Stem cell,5.47945205479452
15,L3-5 RORB PCBP3 ARHGAP15,L3-5 RORB PCBP3 ARHGAP15,Immature neurons,4.545454545454545,Purkinje neurons,3.669724770642202,Somatostatin interneuron,3.6363636363636362
16,Endo CLDN5 SLC7A5,Endo CLDN5 SLC7A5,Trigeminal neurons,8.421052631578947,Neuron,8.071748878923767,Stem cell,5.47945205479452
17,Endo CLDN5 IL1R1,Endo CLDN5 IL1R1,Purkinje neurons,7.339449541284404,Inhibitory neuron,7.142857142857142,Retinal ganglion cells,5.042016806722689
18,L3-5 RORB PCBP3 ARHGAP15,L3-5 RORB PCBP3 ARHGAP15,Immature neurons,4.545454545454545,Purkinje neurons,3.669724770642202,Somatostatin interneuron,3.6363636363636362
19,Endo CLDN5 IL1R1,Endo CLDN5 IL1R1,Purkinje neurons,7.339449541284404,Inhibitory neuron,7.142857142857142,Retinal ganglion cells,5.042016806722689
20,Endo CLDN5 IL1R1,Endo CLDN5 IL1R1,Purkinje neurons,7.339449541284404,Inhibitory neuron,7.142857142857142,Retinal ganglion cells,5.042016806722689
21,Oligo MOG OPALIN,Oligo MOG OPALIN,Oligodendrocyte,7.725321888412016,Mature oligodendrocyte,7.2727272727272725,Oligodendrocytes,5.797101449275362
22,Endo CLDN5 IL1R1,Endo CLDN5 IL1R1,Purkinje neurons,7.339449541284404,Inhibitory neuron,7.142857142857142,Retinal ganglion cells,5.042016806722689
23,Endo CLDN5 SLC7A5,Endo CLDN5 SLC7A5,Trigeminal neurons,8.421052631578947,Neuron,8.071748878923767,Stem cell,5.47945205479452
24,L3-5 RORB PCBP3 ARHGAP15,L3-5 RORB PCBP3 ARHGAP15,Immature neurons,4.545454545454545,Purkinje neurons,3.669724770642202,Somatostatin interneuron,3.6363636363636362
25,Endo CLDN5 IL1R1,Endo CLDN5 IL1R1,Purkinje neurons,7.339449541284404,Inhibitory neuron,7.142857142857142,Retinal ganglion cells,5.042016806722689
26,OPC PDGFRA PCDH15,OPC PDGFRA PCDH15,Lake et al.science.ex6,4.761904761904763,Somatostatin interneuron,3.6363636363636362,Lake et al.science.ex5,3.389830508474577
27,Endo CLDN5 IL1R1,Endo CLDN5 IL1R1,Purkinje neurons,7.339449541284404,Inhibitory neuron,7.142857142857142,Retinal ganglion cells,5.042016806722689
28,Endo CLDN5 SLC7A5,Endo CLDN5 SLC7A5,Trigeminal neurons,8.421052631578947,Neuron,8.071748878923767,Stem cell,5.47945205479452
29,Oligo MOG OPALIN,Oligo MOG OPALIN,Oligodendrocyte,7.725321888412016,Mature oligodendrocyte,7.2727272727272725,Oligodendrocytes,5.797101449275362
30,Endo CLDN5 IL1R1,Endo CLDN5 IL1R1,Purkinje neurons,7.339449541284404,Inhibitory neuron,7.142857142857142,Retinal ganglion cells,5.042016806722689
31,Endo CLDN5 IL1R1,Endo CLDN5 IL1R1,Purkinje neurons,7.339449541284404,Inhibitory neuron,7.142857142857142,Retinal ganglion cells,5.042016806722689
32,Endo CLDN5 IL1R1,Endo CLDN5 IL1R1,Purkinje neurons,7.339449541284404,Inhibitory neuron,7.142857142857142,Retinal ganglion cells,5.042016806722689
33,L3-5 RORB PCBP3 ARHGAP15,L3-5 RORB PCBP3 ARHGAP15,Immature neurons,4.545454545454545,Purkinje neurons,3.669724770642202,Somatostatin interneuron,3.6363636363636362
34,Endo CLDN5 SLC7A5,Endo CLDN5 SLC7A5,Trigeminal neurons,8.421052631578947,Neuron,8.071748878923767,Stem cell,5.47945205479452
35,L2-3 CUX2 ACVR1C THSD7A,L2-3 CUX2 ACVR1C THSD7A,Excitatory neuron,5.88235294117647,Pyramidal cells,4.7058823529411775,Mature astrocyte,3.7037037037037033
36,Oligo MOG OPALIN,Oligo MOG OPALIN,Oligodendrocyte,7.725321888412016,Mature oligodendrocyte,7.2727272727272725,Oligodendrocytes,5.797101449275362
37,InN LAMP5 RELN,InN LAMP5 RELN,Excitatory neuron,5.88235294117647,Neuron,5.381165919282512,Cancer stem cell,4.395604395604397
38,OPC PDGFRA PCDH15,OPC PDGFRA PCDH15,Lake et al.science.ex6,4.761904761904763,Somatostatin interneuron,3.6363636363636362,Lake et al.science.ex5,3.389830508474577
39,InN LAMP5 RELN,InN LAMP5 RELN,Excitatory neuron,5.88235294117647,Neuron,5.381165919282512,Cancer stem cell,4.395604395604397
40,L3-5 RORB MKX GRIN3A,L3-5 RORB MKX GRIN3A,Pyramidal cells,4.7058823529411775,Interneurons,3.7453183520599254,Lake et al.science.ex3,3.7037037037037033
41,L3-5 RORB PCBP3 ARHGAP15,L3-5 RORB PCBP3 ARHGAP15,Immature neurons,4.545454545454545,Purkinje neurons,3.669724770642202,Somatostatin interneuron,3.6363636363636362
42,Endo CLDN5 IL1R1,Endo CLDN5 IL1R1,Purkinje neurons,7.339449541284404,Inhibitory neuron,7.142857142857142,Retinal ganglion cells,5.042016806722689
43,Endo CLDN5 SLC7A5,Endo CLDN5 SLC7A5,Trigeminal neurons,8.421052631578947,Neuron,8.071748878923767,Stem cell,5.47945205479452
44,L3-5 RORB MKX GRIN3A,L3-5 RORB MKX GRIN3A,Pyramidal cells,4.7058823529411775,Interneurons,3.7453183520599254,Lake et al.science.ex3,3.7037037037037033
45,L3-5 RORB PCBP3 ARHGAP15,L3-5 RORB PCBP3 ARHGAP15,Immature neurons,4.545454545454545,Purkinje neurons,3.669724770642202,Somatostatin interneuron,3.6363636363636362
46,Endo CLDN5 IL1R1,Endo CLDN5 IL1R1,Purkinje neurons,7.339449541284404,Inhibitory neuron,7.142857142857142,Retinal ganglion cells,5.042016806722689
47,InN LAMP5 RELN,InN LAMP5 RELN,Excitatory neuron,5.88235294117647,Neuron,5.381165919282512,Cancer stem cell,4.395604395604397
48,InN LAMP5 RELN,InN LAMP5 RELN,Excitatory neuron,5.88235294117647,Neuron,5.381165919282512,Cancer stem cell,4.395604395604397
49,L3-5 RORB MKX GRIN3A,L3-5 RORB MKX GRIN3A,Pyramidal cells,4.7058823529411775,Interneurons,3.7453183520599254,Lake et al.science.ex3,3.7037037037037033
50,Endo CLDN5 SLC7A5,Endo CLDN5 SLC7A5,Trigeminal neurons,8.421052631578947,Neuron,8.071748878923767,Stem cell,5.47945205479452
51,Endo CLDN5 IL1R1,Endo CLDN5 IL1R1,Purkinje neurons,7.339449541284404,Inhibitory neuron,7.142857142857142,Retinal ganglion cells,5.042016806722689
52,L3-5 RORB MKX GRIN3A,L3-5 RORB MKX GRIN3A,Pyramidal cells,4.7058823529411775,Interneurons,3.7453183520599254,Lake et al.science.ex3,3.7037037037037033
53,L3-5 RORB PCBP3 ARHGAP15,L3-5 RORB PCBP3 ARHGAP15,Immature neurons,4.545454545454545,Purkinje neurons,3.669724770642202,Somatostatin interneuron,3.6363636363636362
54,Endo CLDN5 IL1R1,Endo CLDN5 IL1R1,Purkinje neurons,7.339449541284404,Inhibitory neuron,7.142857142857142,Retinal ganglion cells,5.042016806722689
55,Endo CLDN5 IL1R1,Endo CLDN5 IL1R1,Purkinje neurons,7.339449541284404,Inhibitory neuron,7.142857142857142,Retinal ganglion cells,5.042016806722689
56,InN LAMP5 RELN,InN LAMP5 RELN,Excitatory neuron,5.88235294117647,Neuron,5.381165919282512,Cancer stem cell,4.395604395604397
57,Endo CLDN5 IL1R1,Endo CLDN5 IL1R1,Purkinje neurons,7.339449541284404,Inhibitory neuron,7.142857142857142,Retinal ganglion cells,5.042016806722689
58,L3-5 RORB MKX GRIN3A,L3-5 RORB MKX GRIN3A,Pyramidal cells,4.7058823529411775,Interneurons,3.7453183520599254,Lake et al.science.ex3,3.7037037037037033
59,L3-5 RORB PCBP3 ARHGAP15,L3-5 RORB PCBP3 ARHGAP15,Immature neurons,4.545454545454545,Purkinje neurons,3.669724770642202,Somatostatin interneuron,3.6363636363636362
60,OPC PDGFRA PCDH15,OPC PDGFRA PCDH15,Lake et al.science.ex6,4.761904761904763,Somatostatin interneuron,3.6363636363636362,Lake et al.science.ex5,3.389830508474577
61,Endo CLDN5 SLC7A5,Endo CLDN5 SLC7A5,Trigeminal neurons,8.421052631578947,Neuron,8.071748878923767,Stem cell,5.47945205479452
62,L3-5 RORB MKX GRIN3A,L3-5 RORB MKX GRIN3A,Pyramidal cells,4.7058823529411775,Interneurons,3.7453183520599254,Lake et al.science.ex3,3.7037037037037033
63,Endo CLDN5 IL1R1,Endo CLDN5 IL1R1,Purkinje neurons,7.339449541284404,Inhibitory neuron,7.142857142857142,Retinal ganglion cells,5.042016806722689
64,Oligo MOG OPALIN,Oligo MOG OPALIN,Oligodendrocyte,7.725321888412016,Mature oligodendrocyte,7.2727272727272725,Oligodendrocytes,5.797101449275362
65,Endo CLDN5 IL1R1,Endo CLDN5 IL1R1,Purkinje neurons,7.339449541284404,Inhibitory neuron,7.142857142857142,Retinal ganglion cells,5.042016806722689
66,InN LAMP5 RELN,InN LAMP5 RELN,Excitatory neuron,5.88235294117647,Neuron,5.381165919282512,Cancer stem cell,4.395604395604397
67,Oligo MOG OPALIN,Oligo MOG OPALIN,Oligodendrocyte,7.725321888412016,Mature oligodendrocyte,7.2727272727272725,Oligodendrocytes,5.797101449275362
68,L3-5 RORB PCBP3 ARHGAP15,L3-5 RORB PCBP3 ARHGAP15,Immature neurons,4.545454545454545,Purkinje neurons,3.669724770642202,Somatostatin interneuron,3.6363636363636362
69,L3-5 RORB PCBP3 ARHGAP15,L3-5 RORB PCBP3 ARHGAP15,Immature neurons,4.545454545454545,Purkinje neurons,3.669724770642202,Somatostatin interneuron,3.6363636363636362
70,Endo CLDN5 IL1R1,Endo CLDN5 IL1R1,Purkinje neurons,7.339449541284404,Inhibitory neuron,7.142857142857142,Retinal ganglion cells,5.042016806722689
71,Endo CLDN5 SLC7A5,Endo CLDN5 SLC7A5,Trigeminal neurons,8.421052631578947,Neuron,8.071748878923767,Stem cell,5.47945205479452
72,Endo CLDN5 IL1R1,Endo CLDN5 IL1R1,Purkinje neurons,7.339449541284404,Inhibitory neuron,7.142857142857142,Retinal ganglion cells,5.042016806722689
73,InN LAMP5 RELN,InN LAMP5 RELN,Excitatory neuron,5.88235294117647,Neuron,5.381165919282512,Cancer stem cell,4.395604395604397
74,Endo CLDN5 IL1R1,Endo CLDN5 IL1R1,Purkinje neurons,7.339449541284404,Inhibitory neuron,7.142857142857142,Retinal ganglion cells,5.042016806722689
75,Oligo MOG OPALIN,Oligo MOG OPALIN,Oligodendrocyte,7.725321888412016,Mature oligodendrocyte,7.2727272727272725,Oligodendrocytes,5.797101449275362
76,L3-5 RORB MKX GRIN3A,L3-5 RORB MKX GRIN3A,Pyramidal cells,4.7058823529411775,Interneurons,3.7453183520599254,Lake et al.science.ex3,3.7037037037037033
77,Endo CLDN5 IL1R1,Endo CLDN5 IL1R1,Purkinje neurons,7.339449541284404,Inhibitory neuron,7.142857142857142,Retinal ganglion cells,5.042016806722689
78,L3-5 RORB PCBP3 ARHGAP15,L3-5 RORB PCBP3 ARHGAP15,Immature neurons,4.545454545454545,Purkinje neurons,3.669724770642202,Somatostatin interneuron,3.6363636363636362
79,Endo CLDN5 IL1R1,Endo CLDN5 IL1R1,Purkinje neurons,7.339449541284404,Inhibitory neuron,7.142857142857142,Retinal ganglion cells,5.042016806722689
80,Endo CLDN5 SLC7A5,Endo CLDN5 SLC7A5,Trigeminal neurons,8.421052631578947,Neuron,8.071748878923767,Stem cell,5.47945205479452
81,Endo CLDN5 IL1R1,Endo CLDN5 IL1R1,Purkinje neurons,7.339449541284404,Inhibitory neuron,7.142857142857142,Retinal ganglion cells,5.042016806722689
82,Endo CLDN5 IL1R1,Endo CLDN5 IL1R1,Purkinje neurons,7.339449541284404,Inhibitory neuron,7.142857142857142,Retinal ganglion cells,5.042016806722689
83,L3-5 RORB PCBP3 ARHGAP15,L3-5 RORB PCBP3 ARHGAP15,Immature neurons,4.545454545454545,Purkinje neurons,3.669724770642202,Somatostatin interneuron,3.6363636363636362
84,L2-3 CUX2 ACVR1C THSD7A,L2-3 CUX2 ACVR1C THSD7A,Excitatory neuron,5.88235294117647,Pyramidal cells,4.7058823529411775,Mature astrocyte,3.7037037037037033
85,L2-3 CUX2 ACVR1C THSD7A,L2-3 CUX2 ACVR1C THSD7A,Excitatory neuron,5.88235294117647,Pyramidal cells,4.7058823529411775,Mature astrocyte,3.7037037037037033
86,Endo CLDN5 IL1R1,Endo CLDN5 IL1R1,Purkinje neurons,7.339449541284404,Inhibitory neuron,7.142857142857142,Retinal ganglion cells,5.042016806722689
87,Endo CLDN5 SLC7A5,Endo CLDN5 SLC7A5,Trigeminal neurons,8.421052631578947,Neuron,8.071748878923767,Stem cell,5.47945205479452
88,Micro P2RY12 APBB1IP,Micro P2RY12 APBB1IP,Lake et al.science.ex8,3.669724770642202,Mesenchymal cell,3.2786885245901636,Effector memory cd4+ t cell,2.857142857142857
89,Endo CLDN5 SLC7A5,Endo CLDN5 SLC7A5,Trigeminal neurons,8.421052631578947,Neuron,8.071748878923767,Stem cell,5.47945205479452
90,Endo CLDN5 IL1R1,Endo CLDN5 IL1R1,Purkinje neurons,7.339449541284404,Inhibitory neuron,7.142857142857142,Retinal ganglion cells,5.042016806722689
91,Endo CLDN5 SLC7A5,Endo CLDN5 SLC7A5,Trigeminal neurons,8.421052631578947,Neuron,8.071748878923767,Stem cell,5.47945205479452
92,Endo CLDN5 IL1R1,Endo CLDN5 IL1R1,Purkinje neurons,7.339449541284404,Inhibitory neuron,7.142857142857142,Retinal ganglion cells,5.042016806722689
93,Endo CLDN5 SLC7A5,Endo CLDN5 SLC7A5,Trigeminal neurons,8.421052631578947,Neuron,8.071748878923767,Stem cell,5.47945205479452
94,OPC PDGFRA PCDH15,OPC PDGFRA PCDH15,Lake et al.science.ex6,4.761904761904763,Somatostatin interneuron,3.6363636363636362,Lake et al.science.ex5,3.389830508474577
95,InN LAMP5 RELN,InN LAMP5 RELN,Excitatory neuron,5.88235294117647,Neuron,5.381165919282512,Cancer stem cell,4.395604395604397
96,Oligo MOG OPALIN,Oligo MOG OPALIN,Oligodendrocyte,7.725321888412016,Mature oligodendrocyte,7.2727272727272725,Oligodendrocytes,5.797101449275362
97,L3-5 RORB PCBP3 ARHGAP15,L3-5 RORB PCBP3 ARHGAP15,Immature neurons,4.545454545454545,Purkinje neurons,3.669724770642202,Somatostatin interneuron,3.6363636363636362
98,Endo CLDN5 SLC7A5,Endo CLDN5 SLC7A5,Trigeminal neurons,8.421052631578947,Neuron,8.071748878923767,Stem cell,5.47945205479452
99,Endo CLDN5 IL1R1,Endo CLDN5 IL1R1,Purkinje neurons,7.339449541284404,Inhibitory neuron,7.142857142857142,Retinal ganglion cells,5.042016806722689
100,Endo CLDN5 IL1R1,Endo CLDN5 IL1R1,Purkinje neurons,7.339449541284404,Inhibitory neuron,7.142857142857142,Retinal ganglion cells,5.042016806722689
101,Endo CLDN5 IL1R1,Endo CLDN5 IL1R1,Purkinje neurons,7.339449541284404,Inhibitory neuron,7.142857142857142,Retinal ganglion cells,5.042016806722689
102,Endo CLDN5 IL1R1,Endo CLDN5 IL1R1,Purkinje neurons,7.339449541284404,Inhibitory neuron,7.142857142857142,Retinal ganglion cells,5.042016806722689
103,Endo CLDN5 IL1R1,Endo CLDN5 IL1R1,Purkinje neurons,7.339449541284404,Inhibitory neuron,7.142857142857142,Retinal ganglion cells,5.042016806722689
104,L3-5 RORB PCBP3 ARHGAP15,L3-5 RORB PCBP3 ARHGAP15,Immature neurons,4.545454545454545,Purkinje neurons,3.669724770642202,Somatostatin interneuron,3.6363636363636362
105,Endo CLDN5 IL1R1,Endo CLDN5 IL1R1,Purkinje neurons,7.339449541284404,Inhibitory neuron,7.142857142857142,Retinal ganglion cells,5.042016806722689
106,Endo CLDN5 IL1R1,Endo CLDN5 IL1R1,Purkinje neurons,7.339449541284404,Inhibitory neuron,7.142857142857142,Retinal ganglion cells,5.042016806722689
107,Endo CLDN5 IL1R1,Endo CLDN5 IL1R1,Purkinje neurons,7.339449541284404,Inhibitory neuron,7.142857142857142,Retinal ganglion cells,5.042016806722689
108,L3-5 RORB MKX GRIN3A,L3-5 RORB MKX GRIN3A,Pyramidal cells,4.7058823529411775,Interneurons,3.7453183520599254,Lake et al.science.ex3,3.7037037037037033
109,Endo CLDN5 IL1R1,Endo CLDN5 IL1R1,Purkinje neurons,7.339449541284404,Inhibitory neuron,7.142857142857142,Retinal ganglion cells,5.042016806722689
110,Endo CLDN5 SLC7A5,Endo CLDN5 SLC7A5,Trigeminal neurons,8.421052631578947,Neuron,8.071748878923767,Stem cell,5.47945205479452
111,Endo CLDN5 SLC7A5,Endo CLDN5 SLC7A5,Trigeminal neurons,8.421052631578947,Neuron,8.071748878923767,Stem cell,5.47945205479452
112,L3-5 RORB PCBP3 ARHGAP15,L3-5 RORB PCBP3 ARHGAP15,Immature neurons,4.545454545454545,Purkinje neurons,3.669724770642202,Somatostatin interneuron,3.6363636363636362
113,Endo CLDN5 IL1R1,Endo CLDN5 IL1R1,Purkinje neurons,7.339449541284404,Inhibitory neuron,7.142857142857142,Retinal ganglion cells,5.042016806722689
114,Endo CLDN5 IL1R1,Endo CLDN5 IL1R1,Purkinje neurons,7.339449541284404,Inhibitory neuron,7.142857142857142,Retinal ganglion cells,5.042016806722689
115,Endo CLDN5 SLC7A5,Endo CLDN5 SLC7A5,Trigeminal neurons,8.421052631578947,Neuron,8.071748878923767,Stem cell,5.47945205479452
116,L3-5 RORB PCBP3 ARHGAP15,L3-5 RORB PCBP3 ARHGAP15,Immature neurons,4.545454545454545,Purkinje neurons,3.669724770642202,Somatostatin interneuron,3.6363636363636362
117,L3-5 RORB MKX GRIN3A,L3-5 RORB MKX GRIN3A,Pyramidal cells,4.7058823529411775,Interneurons,3.7453183520599254,Lake et al.science.ex3,3.7037037037037033
118,Endo CLDN5 SLC7A5,Endo CLDN5 SLC7A5,Trigeminal neurons,8.421052631578947,Neuron,8.071748878923767,Stem cell,5.47945205479452
119,Endo CLDN5 SLC7A5,Endo CLDN5 SLC7A5,Trigeminal neurons,8.421052631578947,Neuron,8.071748878923767,Stem cell,5.47945205479452
120,Endo CLDN5 SLC7A5,Endo CLDN5 SLC7A5,Trigeminal neurons,8.421052631578947,Neuron,8.071748878923767,Stem cell,5.47945205479452
121,Endo CLDN5 SLC7A5,Endo CLDN5 SLC7A5,Trigeminal neurons,8.421052631578947,Neuron,8.071748878923767,Stem cell,5.47945205479452
122,Endo CLDN5 IL1R1,Endo CLDN5 IL1R1,Purkinje neurons,7.339449541284404,Inhibitory neuron,7.142857142857142,Retinal ganglion cells,5.042016806722689
123,Endo CLDN5 SLC7A5,Endo CLDN5 SLC7A5,Trigeminal neurons,8.421052631578947,Neuron,8.071748878923767,Stem cell,5.47945205479452
124,Endo CLDN5 SLC7A5,Endo CLDN5 SLC7A5,Trigeminal neurons,8.421052631578947,Neuron,8.071748878923767,Stem cell,5.47945205479452
125,Endo CLDN5 IL1R1,Endo CLDN5 IL1R1,Purkinje neurons,7.339449541284404,Inhibitory neuron,7.142857142857142,Retinal ganglion cells,5.042016806722689
126,Endo CLDN5 IL1R1,Endo CLDN5 IL1R1,Purkinje neurons,7.339449541284404,Inhibitory neuron,7.142857142857142,Retinal ganglion cells,5.042016806722689
127,Endo CLDN5 IL1R1,Endo CLDN5 IL1R1,Purkinje neurons,7.339449541284404,Inhibitory neuron,7.142857142857142,Retinal ganglion cells,5.042016806722689
128,Endo CLDN5 IL1R1,Endo CLDN5 IL1R1,Purkinje neurons,7.339449541284404,Inhibitory neuron,7.142857142857142,Retinal ganglion cells,5.042016806722689
129,Endo CLDN5 SLC7A5,Endo CLDN5 SLC7A5,Trigeminal neurons,8.421052631578947,Neuron,8.071748878923767,Stem cell,5.47945205479452
130,Endo CLDN5 SLC7A5,Endo CLDN5 SLC7A5,Trigeminal neurons,8.421052631578947,Neuron,8.071748878923767,Stem cell,5.47945205479452
131,Endo CLDN5 IL1R1,Endo CLDN5 IL1R1,Purkinje neurons,7.339449541284404,Inhibitory neuron,7.142857142857142,Retinal ganglion cells,5.042016806722689
132,L3-5 RORB PCBP3 ARHGAP15,L3-5 RORB PCBP3 ARHGAP15,Immature neurons,4.545454545454545,Purkinje neurons,3.669724770642202,Somatostatin interneuron,3.6363636363636362
133,Endo CLDN5 SLC7A5,Endo CLDN5 SLC7A5,Trigeminal neurons,8.421052631578947,Neuron,8.071748878923767,Stem cell,5.47945205479452
134,L3-5 RORB MKX GRIN3A,L3-5 RORB MKX GRIN3A,Pyramidal cells,4.7058823529411775,Interneurons,3.7453183520599254,Lake et al.science.ex3,3.7037037037037033
135,L3-5 RORB PCBP3 ARHGAP15,L3-5 RORB PCBP3 ARHGAP15,Immature neurons,4.545454545454545,Purkinje neurons,3.669724770642202,Somatostatin interneuron,3.6363636363636362
136,InN LAMP5 RELN,InN LAMP5 RELN,Excitatory neuron,5.88235294117647,Neuron,5.381165919282512,Cancer stem cell,4.395604395604397
137,Endo CLDN5 SLC7A5,Endo CLDN5 SLC7A5,Trigeminal neurons,8.421052631578947,Neuron,8.071748878923767,Stem cell,5.47945205479452
138,InN LAMP5 RELN,InN LAMP5 RELN,Excitatory neuron,5.88235294117647,Neuron,5.381165919282512,Cancer stem cell,4.395604395604397
139,Endo CLDN5 IL1R1,Endo CLDN5 IL1R1,Purkinje neurons,7.339449541284404,Inhibitory neuron,7.142857142857142,Retinal ganglion cells,5.042016806722689
140,L3-5 RORB PCBP3 ARHGAP15,L3-5 RORB PCBP3 ARHGAP15,Immature neurons,4.545454545454545,Purkinje neurons,3.669724770642202,Somatostatin interneuron,3.6363636363636362
141,L2-3 CUX2 ACVR1C THSD7A,L2-3 CUX2 ACVR1C THSD7A,Excitatory neuron,5.88235294117647,Pyramidal cells,4.7058823529411775,Mature astrocyte,3.7037037037037033
142,L3-5 RORB PCBP3 ARHGAP15,L3-5 RORB PCBP3 ARHGAP15,Immature neurons,4.545454545454545,Purkinje neurons,3.669724770642202,Somatostatin interneuron,3.6363636363636362
143,Oligo MOG OPALIN,Oligo MOG OPALIN,Oligodendrocyte,7.725321888412016,Mature oligodendrocyte,7.2727272727272725,Oligodendrocytes,5.797101449275362
144,Micro P2RY12 APBB1IP,Micro P2RY12 APBB1IP,Lake et al.science.ex8,3.669724770642202,Mesenchymal cell,3.2786885245901636,Effector memory cd4+ t cell,2.857142857142857
145,InN LAMP5 RELN,InN LAMP5 RELN,Excitatory neuron,5.88235294117647,Neuron,5.381165919282512,Cancer stem cell,4.395604395604397
146,InN LAMP5 RELN,InN LAMP5 RELN,Excitatory neuron,5.88235294117647,Neuron,5.381165919282512,Cancer stem cell,4.395604395604397
147,L2-3 CUX2 ACVR1C THSD7A,L2-3 CUX2 ACVR1C THSD7A,Excitatory neuron,5.88235294117647,Pyramidal cells,4.7058823529411775,Mature astrocyte,3.7037037037037033
148,Endo CLDN5 IL1R1,Endo CLDN5 IL1R1,Purkinje neurons,7.339449541284404,Inhibitory neuron,7.142857142857142,Retinal ganglion cells,5.042016806722689
149,Endo CLDN5 SLC7A5,Endo CLDN5 SLC7A5,Trigeminal neurons,8.421052631578947,Neuron,8.071748878923767,Stem cell,5.47945205479452
150,Oligo MOG OPALIN,Oligo MOG OPALIN,Oligodendrocyte,7.725321888412016,Mature oligodendrocyte,7.2727272727272725,Oligodendrocytes,5.797101449275362
151,Endo CLDN5 SLC7A5,Endo CLDN5 SLC7A5,Trigeminal neurons,8.421052631578947,Neuron,8.071748878923767,Stem cell,5.47945205479452
152,L3-5 RORB MKX GRIN3A,L3-5 RORB MKX GRIN3A,Pyramidal cells,4.7058823529411775,Interneurons,3.7453183520599254,Lake et al.science.ex3,3.7037037037037033
153,Endo CLDN5 SLC7A5,Endo CLDN5 SLC7A5,Trigeminal neurons,8.421052631578947,Neuron,8.071748878923767,Stem cell,5.47945205479452
154,Oligo MOG OPALIN,Oligo MOG OPALIN,Oligodendrocyte,7.725321888412016,Mature oligodendrocyte,7.2727272727272725,Oligodendrocytes,5.797101449275362
155,L3-5 RORB PCBP3 ARHGAP15,L3-5 RORB PCBP3 ARHGAP15,Immature neurons,4.545454545454545,Purkinje neurons,3.669724770642202,Somatostatin interneuron,3.6363636363636362
156,Endo CLDN5 IL1R1,Endo CLDN5 IL1R1,Purkinje neurons,7.339449541284404,Inhibitory neuron,7.142857142857142,Retinal ganglion cells,5.042016806722689
157,Endo CLDN5 SLC7A5,Endo CLDN5 SLC7A5,Trigeminal neurons,8.421052631578947,Neuron,8.071748878923767,Stem cell,5.47945205479452
158,Endo CLDN5 SLC7A5,Endo CLDN5 SLC7A5,Trigeminal neurons,8.421052631578947,Neuron,8.071748878923767,Stem cell,5.47945205479452
159,Micro P2RY12 APBB1IP,Micro P2RY12 APBB1IP,Lake et al.science.ex8,3.669724770642202,Mesenchymal cell,3.2786885245901636,Effector memory cd4+ t cell,2.857142857142857
160,L3-5 RORB MKX GRIN3A,L3-5 RORB MKX GRIN3A,Pyramidal cells,4.7058823529411775,Interneurons,3.7453183520599254,Lake et al.science.ex3,3.7037037037037033
161,InN LAMP5 RELN,InN LAMP5 RELN,Excitatory neuron,5.88235294117647,Neuron,5.381165919282512,Cancer stem cell,4.395604395604397
162,OPC PDGFRA PCDH15,OPC PDGFRA PCDH15,Lake et al.science.ex6,4.761904761904763,Somatostatin interneuron,3.6363636363636362,Lake et al.science.ex5,3.389830508474577
163,L3-5 RORB PCBP3 ARHGAP15,L3-5 RORB PCBP3 ARHGAP15,Immature neurons,4.545454545454545,Purkinje neurons,3.669724770642202,Somatostatin interneuron,3.6363636363636362
164,OPC PDGFRA PCDH15,OPC PDGFRA PCDH15,Lake et al.science.ex6,4.761904761904763,Somatostatin interneuron,3.6363636363636362,Lake et al.science.ex5,3.389830508474577
165,L3-5 RORB MKX GRIN3A,L3-5 RORB MKX GRIN3A,Pyramidal cells,4.7058823529411775,Interneurons,3.7453183520599254,Lake et al.science.ex3,3.7037037037037033
166,InN LAMP5 RELN,InN LAMP5 RELN,Excitatory neuron,5.88235294117647,Neuron,5.381165919282512,Cancer stem cell,4.395604395604397
167,L3-5 RORB PCBP3 ARHGAP15,L3-5 RORB PCBP3 ARHGAP15,Immature neurons,4.545454545454545,Purkinje neurons,3.669724770642202,Somatostatin interneuron,3.6363636363636362
168,Endo CLDN5 IL1R1,Endo CLDN5 IL1R1,Purkinje neurons,7.339449541284404,Inhibitory neuron,7.142857142857142,Retinal ganglion cells,5.042016806722689
169,Endo CLDN5 IL1R1,Endo CLDN5 IL1R1,Purkinje neurons,7.339449541284404,Inhibitory neuron,7.142857142857142,Retinal ganglion cells,5.042016806722689
170,Endo CLDN5 SLC7A5,Endo CLDN5 SLC7A5,Trigeminal neurons,8.421052631578947,Neuron,8.071748878923767,Stem cell,5.47945205479452
171,Endo CLDN5 IL1R1,Endo CLDN5 IL1R1,Purkinje neurons,7.339449541284404,Inhibitory neuron,7.142857142857142,Retinal ganglion cells,5.042016806722689
172,L2-3 CUX2 ACVR1C THSD7A,L2-3 CUX2 ACVR1C THSD7A,Excitatory neuron,5.88235294117647,Pyramidal cells,4.7058823529411775,Mature astrocyte,3.7037037037037033
173,InN LAMP5 RELN,InN LAMP5 RELN,Excitatory neuron,5.88235294117647,Neuron,5.381165919282512,Cancer stem cell,4.395604395604397
174,Endo CLDN5 IL1R1,Endo CLDN5 IL1R1,Purkinje neurons,7.339449541284404,Inhibitory neuron,7.142857142857142,Retinal ganglion cells,5.042016806722689
175,Endo CLDN5 SLC7A5,Endo CLDN5 SLC7A5,Trigeminal neurons,8.421052631578947,Neuron,8.071748878923767,Stem cell,5.47945205479452
176,InN LAMP5 RELN,InN LAMP5 RELN,Excitatory neuron,5.88235294117647,Neuron,5.381165919282512,Cancer stem cell,4.395604395604397
177,Oligo MOG OPALIN,Oligo MOG OPALIN,Oligodendrocyte,7.725321888412016,Mature oligodendrocyte,7.2727272727272725,Oligodendrocytes,5.797101449275362
178,Endo CLDN5 SLC7A5,Endo CLDN5 SLC7A5,Trigeminal neurons,8.421052631578947,Neuron,8.071748878923767,Stem cell,5.47945205479452
179,L3-5 RORB PCBP3 ARHGAP15,L3-5 RORB PCBP3 ARHGAP15,Immature neurons,4.545454545454545,Purkinje neurons,3.669724770642202,Somatostatin interneuron,3.6363636363636362
180,Endo CLDN5 SLC7A5,Endo CLDN5 SLC7A5,Trigeminal neurons,8.421052631578947,Neuron,8.071748878923767,Stem cell,5.47945205479452
181,Endo CLDN5 IL1R1,Endo CLDN5 IL1R1,Purkinje neurons,7.339449541284404,Inhibitory neuron,7.142857142857142,Retinal ganglion cells,5.042016806722689
182,OPC PDGFRA PCDH15,OPC PDGFRA PCDH15,Lake et al.science.ex6,4.761904761904763,Somatostatin interneuron,3.6363636363636362,Lake et al.science.ex5,3.389830508474577
183,Endo CLDN5 SLC7A5,Endo CLDN5 SLC7A5,Trigeminal neurons,8.421052631578947,Neuron,8.071748878923767,Stem cell,5.47945205479452
184,Endo CLDN5 IL1R1,Endo CLDN5 IL1R1,Purkinje neurons,7.339449541284404,Inhibitory neuron,7.142857142857142,Retinal ganglion cells,5.042016806722689
185,Endo CLDN5 IL1R1,Endo CLDN5 IL1R1,Purkinje neurons,7.339449541284404,Inhibitory neuron,7.142857142857142,Retinal ganglion cells,5.042016806722689
186,L3-5 RORB MKX GRIN3A,L3-5 RORB MKX GRIN3A,Pyramidal cells,4.7058823529411775,Interneurons,3.7453183520599254,Lake et al.science.ex3,3.7037037037037033
187,Endo CLDN5 SLC7A5,Endo CLDN5 SLC7A5,Trigeminal neurons,8.421052631578947,Neuron,8.071748878923767,Stem cell,5.47945205479452
188,Endo CLDN5 SLC7A5,Endo CLDN5 SLC7A5,Trigeminal neurons,8.421052631578947,Neuron,8.071748878923767,Stem cell,5.47945205479452
189,Endo CLDN5 IL1R1,Endo CLDN5 IL1R1,Purkinje neurons,7.339449541284404,Inhibitory neuron,7.142857142857142,Retinal ganglion cells,5.042016806722689
190,Endo CLDN5 SLC7A5,Endo CLDN5 SLC7A5,Trigeminal neurons,8.421052631578947,Neuron,8.071748878923767,Stem cell,5.47945205479452
191,L3-5 RORB MKX GRIN3A,L3-5 RORB MKX GRIN3A,Pyramidal cells,4.7058823529411775,Interneurons,3.7453183520599254,Lake et al.science.ex3,3.7037037037037033
192,L3-5 RORB PCBP3 ARHGAP15,L3-5 RORB PCBP3 ARHGAP15,Immature neurons,4.545454545454545,Purkinje neurons,3.669724770642202,Somatostatin interneuron,3.6363636363636362
193,L3-5 RORB PCBP3 ARHGAP15,L3-5 RORB PCBP3 ARHGAP15,Immature neurons,4.545454545454545,Purkinje neurons,3.669724770642202,Somatostatin interneuron,3.6363636363636362
194,Endo CLDN5 SLC7A5,Endo CLDN5 SLC7A5,Trigeminal neurons,8.421052631578947,Neuron,8.071748878923767,Stem cell,5.47945205479452
195,L3-5 RORB PCBP3 ARHGAP15,L3-5 RORB PCBP3 ARHGAP15,Immature neurons,4.545454545454545,Purkinje neurons,3.669724770642202,Somatostatin interneuron,3.6363636363636362
196,Endo CLDN5 SLC7A5,Endo CLDN5 SLC7A5,Trigeminal neurons,8.421052631578947,Neuron,8.071748878923767,Stem cell,5.47945205479452
197,Endo CLDN5 IL1R1,Endo CLDN5 IL1R1,Purkinje neurons,7.339449541284404,Inhibitory neuron,7.142857142857142,Retinal ganglion cells,5.042016806722689
198,Endo CLDN5 IL1R1,Endo CLDN5 IL1R1,Purkinje neurons,7.339449541284404,Inhibitory neuron,7.142857142857142,Retinal ganglion cells,5.042016806722689
199,Endo CLDN5 IL1R1,Endo CLDN5 IL1R1,Purkinje neurons,7.339449541284404,Inhibitory neuron,7.142857142857142,Retinal ganglion cells,5.042016806722689
200,Endo CLDN5 SLC7A5,Endo CLDN5 SLC7A5,Trigeminal neurons,8.421052631578947,Neuron,8.071748878923767,Stem cell,5.47945205479452
201,Endo CLDN5 IL1R1,Endo CLDN5 IL1R1,Purkinje neurons,7.339449541284404,Inhibitory neuron,7.142857142857142,Retinal ganglion cells,5.042016806722689
202,Endo CLDN5 SLC7A5,Endo CLDN5 SLC7A5,Trigeminal neurons,8.421052631578947,Neuron,8.071748878923767,Stem cell,5.47945205479452
203,Endo CLDN5 IL1R1,Endo CLDN5 IL1R1,Purkinje neurons,7.339449541284404,Inhibitory neuron,7.142857142857142,Retinal ganglion cells,5.042016806722689
204,Endo CLDN5 IL1R1,Endo CLDN5 IL1R1,Purkinje neurons,7.339449541284404,Inhibitory neuron,7.142857142857142,Retinal ganglion cells,5.042016806722689
205,Endo CLDN5 SLC7A5,Endo CLDN5 SLC7A5,Trigeminal neurons,8.421052631578947,Neuron,8.071748878923767,Stem cell,5.47945205479452
206,Endo CLDN5 IL1R1,Endo CLDN5 IL1R1,Purkinje neurons,7.339449541284404,Inhibitory neuron,7.142857142857142,Retinal ganglion cells,5.042016806722689
207,L2-3 CUX2 ACVR1C THSD7A,L2-3 CUX2 ACVR1C THSD7A,Excitatory neuron,5.88235294117647,Pyramidal cells,4.7058823529411775,Mature astrocyte,3.7037037037037033
208,Endo CLDN5 SLC7A5,Endo CLDN5 SLC7A5,Trigeminal neurons,8.421052631578947,Neuron,8.071748878923767,Stem cell,5.47945205479452
209,Endo CLDN5 IL1R1,Endo CLDN5 IL1R1,Purkinje neurons,7.339449541284404,Inhibitory neuron,7.142857142857142,Retinal ganglion cells,5.042016806722689
210,Oligo MOG OPALIN,Oligo MOG OPALIN,Oligodendrocyte,7.725321888412016,Mature oligodendrocyte,7.2727272727272725,Oligodendrocytes,5.797101449275362
211,L3-5 RORB PCBP3 ARHGAP15,L3-5 RORB PCBP3 ARHGAP15,Immature neurons,4.545454545454545,Purkinje neurons,3.669724770642202,Somatostatin interneuron,3.6363636363636362
212,Endo CLDN5 IL1R1,Endo CLDN5 IL1R1,Purkinje neurons,7.339449541284404,Inhibitory neuron,7.142857142857142,Retinal ganglion cells,5.042016806722689
213,L3-5 RORB MKX GRIN3A,L3-5 RORB MKX GRIN3A,Pyramidal cells,4.7058823529411775,Interneurons,3.7453183520599254,Lake et al.science.ex3,3.7037037037037033
214,L3-5 RORB PCBP3 ARHGAP15,L3-5 RORB PCBP3 ARHGAP15,Immature neurons,4.545454545454545,Purkinje neurons,3.669724770642202,Somatostatin interneuron,3.6363636363636362
215,Endo CLDN5 IL1R1,Endo CLDN5 IL1R1,Purkinje neurons,7.339449541284404,Inhibitory neuron,7.142857142857142,Retinal ganglion cells,5.042016806722689
216,Endo CLDN5 IL1R1,Endo CLDN5 IL1R1,Purkinje neurons,7.339449541284404,Inhibitory neuron,7.142857142857142,Retinal ganglion cells,5.042016806722689
217,Endo CLDN5 IL1R1,Endo CLDN5 IL1R1,Purkinje neurons,7.339449541284404,Inhibitory neuron,7.142857142857142,Retinal ganglion cells,5.042016806722689
218,L2-3 CUX2 ACVR1C THSD7A,L2-3 CUX2 ACVR1C THSD7A,Excitatory neuron,5.88235294117647,Pyramidal cells,4.7058823529411775,Mature astrocyte,3.7037037037037033
219,Endo CLDN5 IL1R1,Endo CLDN5 IL1R1,Purkinje neurons,7.339449541284404,Inhibitory neuron,7.142857142857142,Retinal ganglion cells,5.042016806722689
220,Endo CLDN5 IL1R1,Endo CLDN5 IL1R1,Purkinje neurons,7.339449541284404,Inhibitory neuron,7.142857142857142,Retinal ganglion cells,5.042016806722689
221,L2-3 CUX2 ACVR1C THSD7A,L2-3 CUX2 ACVR1C THSD7A,Excitatory neuron,5.88235294117647,Pyramidal cells,4.7058823529411775,Mature astrocyte,3.7037037037037033
222,L3-5 RORB PCBP3 ARHGAP15,L3-5 RORB PCBP3 ARHGAP15,Immature neurons,4.545454545454545,Purkinje neurons,3.669724770642202,Somatostatin interneuron,3.6363636363636362
223,Endo CLDN5 IL1R1,Endo CLDN5 IL1R1,Purkinje neurons,7.339449541284404,Inhibitory neuron,7.142857142857142,Retinal ganglion cells,5.042016806722689
224,Endo CLDN5 IL1R1,Endo CLDN5 IL1R1,Purkinje neurons,7.339449541284404,Inhibitory neuron,7.142857142857142,Retinal ganglion cells,5.042016806722689
225,L3-5 RORB PCBP3 ARHGAP15,L3-5 RORB PCBP3 ARHGAP15,Immature neurons,4.545454545454545,Purkinje neurons,3.669724770642202,Somatostatin interneuron,3.6363636363636362
226,Endo CLDN5 IL1R1,Endo CLDN5 IL1R1,Purkinje neurons,7.339449541284404,Inhibitory neuron,7.142857142857142,Retinal ganglion cells,5.042016806722689
227,Oligo MOG OPALIN,Oligo MOG OPALIN,Oligodendrocyte,7.725321888412016,Mature oligodendrocyte,7.2727272727272725,Oligodendrocytes,5.797101449275362
228,OPC PDGFRA PCDH15,OPC PDGFRA PCDH15,Lake et al.science.ex6,4.761904761904763,Somatostatin interneuron,3.6363636363636362,Lake et al.science.ex5,3.389830508474577
229,Endo CLDN5 IL1R1,Endo CLDN5 IL1R1,Purkinje neurons,7.339449541284404,Inhibitory neuron,7.142857142857142,Retinal ganglion cells,5.042016806722689
230,L2-3 CUX2 ACVR1C THSD7A,L2-3 CUX2 ACVR1C THSD7A,Excitatory neuron,5.88235294117647,Pyramidal cells,4.7058823529411775,Mature astrocyte,3.7037037037037033
231,Endo CLDN5 IL1R1,Endo CLDN5 IL1R1,Purkinje neurons,7.339449541284404,Inhibitory neuron,7.142857142857142,Retinal ganglion cells,5.042016806722689
232,Endo CLDN5 SLC7A5,Endo CLDN5 SLC7A5,Trigeminal neurons,8.421052631578947,Neuron,8.071748878923767,Stem cell,5.47945205479452
233,L3-5 RORB PCBP3 ARHGAP15,L3-5 RORB PCBP3 ARHGAP15,Immature neurons,4.545454545454545,Purkinje neurons,3.669724770642202,Somatostatin interneuron,3.6363636363636362
234,Endo CLDN5 IL1R1,Endo CLDN5 IL1R1,Purkinje neurons,7.339449541284404,Inhibitory neuron,7.142857142857142,Retinal ganglion cells,5.042016806722689
235,OPC PDGFRA PCDH15,OPC PDGFRA PCDH15,Lake et al.science.ex6,4.761904761904763,Somatostatin interneuron,3.6363636363636362,Lake et al.science.ex5,3.389830508474577
236,Endo CLDN5 SLC7A5,Endo CLDN5 SLC7A5,Trigeminal neurons,8.421052631578947,Neuron,8.071748878923767,Stem cell,5.47945205479452
237,InN LAMP5 RELN,InN LAMP5 RELN,Excitatory neuron,5.88235294117647,Neuron,5.381165919282512,Cancer stem cell,4.395604395604397
238,InN LAMP5 RELN,InN LAMP5 RELN,Excitatory neuron,5.88235294117647,Neuron,5.381165919282512,Cancer stem cell,4.395604395604397
239,L2-3 CUX2 ACVR1C THSD7A,L2-3 CUX2 ACVR1C THSD7A,Excitatory neuron,5.88235294117647,Pyramidal cells,4.7058823529411775,Mature astrocyte,3.7037037037037033
240,L3-5 RORB MKX GRIN3A,L3-5 RORB MKX GRIN3A,Pyramidal cells,4.7058823529411775,Interneurons,3.7453183520599254,Lake et al.science.ex3,3.7037037037037033
241,Endo CLDN5 IL1R1,Endo CLDN5 IL1R1,Purkinje neurons,7.339449541284404,Inhibitory neuron,7.142857142857142,Retinal ganglion cells,5.042016806722689
242,Endo CLDN5 SLC7A5,Endo CLDN5 SLC7A5,Trigeminal neurons,8.421052631578947,Neuron,8.071748878923767,Stem cell,5.47945205479452
243,Endo CLDN5 SLC7A5,Endo CLDN5 SLC7A5,Trigeminal neurons,8.421052631578947,Neuron,8.071748878923767,Stem cell,5.47945205479452
244,Endo CLDN5 IL1R1,Endo CLDN5 IL1R1,Purkinje neurons,7.339449541284404,Inhibitory neuron,7.142857142857142,Retinal ganglion cells,5.042016806722689
245,Endo CLDN5 IL1R1,Endo CLDN5 IL1R1,Purkinje neurons,7.339449541284404,Inhibitory neuron,7.142857142857142,Retinal ganglion cells,5.042016806722689
246,Endo CLDN5 IL1R1,Endo CLDN5 IL1R1,Purkinje neurons,7.339449541284404,Inhibitory neuron,7.142857142857142,Retinal ganglion cells,5.042016806722689
247,Endo CLDN5 IL1R1,Endo CLDN5 IL1R1,Purkinje neurons,7.339449541284404,Inhibitory neuron,7.142857142857142,Retinal ganglion cells,5.042016806722689
248,Endo CLDN5 IL1R1,Endo CLDN5 IL1R1,Purkinje neurons,7.339449541284404,Inhibitory neuron,7.142857142857142,Retinal ganglion cells,5.042016806722689
249,InN LAMP5 RELN,InN LAMP5 RELN,Excitatory neuron,5.88235294117647,Neuron,5.381165919282512,Cancer stem cell,4.395604395604397
250,Endo CLDN5 SLC7A5,Endo CLDN5 SLC7A5,Trigeminal neurons,8.421052631578947,Neuron,8.071748878923767,Stem cell,5.47945205479452
251,Endo CLDN5 IL1R1,Endo CLDN5 IL1R1,Purkinje neurons,7.339449541284404,Inhibitory neuron,7.142857142857142,Retinal ganglion cells,5.042016806722689
252,Endo CLDN5 SLC7A5,Endo CLDN5 SLC7A5,Trigeminal neurons,8.421052631578947,Neuron,8.071748878923767,Stem cell,5.47945205479452
253,Endo CLDN5 IL1R1,Endo CLDN5 IL1R1,Purkinje neurons,7.339449541284404,Inhibitory neuron,7.142857142857142,Retinal ganglion cells,5.042016806722689
254,OPC PDGFRA PCDH15,OPC PDGFRA PCDH15,Lake et al.science.ex6,4.761904761904763,Somatostatin interneuron,3.6363636363636362,Lake et al.science.ex5,3.389830508474577
255,L3-5 RORB PCBP3 ARHGAP15,L3-5 RORB PCBP3 ARHGAP15,Immature neurons,4.545454545454545,Purkinje neurons,3.669724770642202,Somatostatin interneuron,3.6363636363636362
256,Endo CLDN5 IL1R1,Endo CLDN5 IL1R1,Purkinje neurons,7.339449541284404,Inhibitory neuron,7.142857142857142,Retinal ganglion cells,5.042016806722689
257,Endo CLDN5 IL1R1,Endo CLDN5 IL1R1,Purkinje neurons,7.339449541284404,Inhibitory neuron,7.142857142857142,Retinal ganglion cells,5.042016806722689
258,Endo CLDN5 SLC7A5,Endo CLDN5 SLC7A5,Trigeminal neurons,8.421052631578947,Neuron,8.071748878923767,Stem cell,5.47945205479452
259,Endo CLDN5 IL1R1,Endo CLDN5 IL1R1,Purkinje neurons,7.339449541284404,Inhibitory neuron,7.142857142857142,Retinal ganglion cells,5.042016806722689
260,Endo CLDN5 SLC7A5,Endo CLDN5 SLC7A5,Trigeminal neurons,8.421052631578947,Neuron,8.071748878923767,Stem cell,5.47945205479452
261,Endo CLDN5 IL1R1,Endo CLDN5 IL1R1,Purkinje neurons,7.339449541284404,Inhibitory neuron,7.142857142857142,Retinal ganglion cells,5.042016806722689
262,Micro P2RY12 APBB1IP,Micro P2RY12 APBB1IP,Lake et al.science.ex8,3.669724770642202,Mesenchymal cell,3.2786885245901636,Effector memory cd4+ t cell,2.857142857142857
263,Endo CLDN5 IL1R1,Endo CLDN5 IL1R1,Purkinje neurons,7.339449541284404,Inhibitory neuron,7.142857142857142,Retinal ganglion cells,5.042016806722689
264,Endo CLDN5 SLC7A5,Endo CLDN5 SLC7A5,Trigeminal neurons,8.421052631578947,Neuron,8.071748878923767,Stem cell,5.47945205479452
265,L2-3 CUX2 ACVR1C THSD7A,L2-3 CUX2 ACVR1C THSD7A,Excitatory neuron,5.88235294117647,Pyramidal cells,4.7058823529411775,Mature astrocyte,3.7037037037037033
266,InN LAMP5 RELN,InN LAMP5 RELN,Excitatory neuron,5.88235294117647,Neuron,5.381165919282512,Cancer stem cell,4.395604395604397
267,Endo CLDN5 SLC7A5,Endo CLDN5 SLC7A5,Trigeminal neurons,8.421052631578947,Neuron,8.071748878923767,Stem cell,5.47945205479452
268,L3-5 RORB PCBP3 ARHGAP15,L3-5 RORB PCBP3 ARHGAP15,Immature neurons,4.545454545454545,Purkinje neurons,3.669724770642202,Somatostatin interneuron,3.6363636363636362
269,L2-3 CUX2 ACVR1C THSD7A,L2-3 CUX2 ACVR1C THSD7A,Excitatory neuron,5.88235294117647,Pyramidal cells,4.7058823529411775,Mature astrocyte,3.7037037037037033
270,Oligo MOG OPALIN,Oligo MOG OPALIN,Oligodendrocyte,7.725321888412016,Mature oligodendrocyte,7.2727272727272725,Oligodendrocytes,5.797101449275362
271,Endo CLDN5 IL1R1,Endo CLDN5 IL1R1,Purkinje neurons,7.339449541284404,Inhibitory neuron,7.142857142857142,Retinal ganglion cells,5.042016806722689
272,Endo CLDN5 IL1R1,Endo CLDN5 IL1R1,Purkinje neurons,7.339449541284404,Inhibitory neuron,7.142857142857142,Retinal ganglion cells,5.042016806722689
273,Endo CLDN5 SLC7A5,Endo CLDN5 SLC7A5,Trigeminal neurons,8.421052631578947,Neuron,8.071748878923767,Stem cell,5.47945205479452
274,Endo CLDN5 IL1R1,Endo CLDN5 IL1R1,Purkinje neurons,7.339449541284404,Inhibitory neuron,7.142857142857142,Retinal ganglion cells,5.042016806722689
275,L3-5 RORB PCBP3 ARHGAP15,L3-5 RORB PCBP3 ARHGAP15,Immature neurons,4.545454545454545,Purkinje neurons,3.669724770642202,Somatostatin interneuron,3.6363636363636362
276,Oligo MOG OPALIN,Oligo MOG OPALIN,Oligodendrocyte,7.725321888412016,Mature oligodendrocyte,7.2727272727272725,Oligodendrocytes,5.797101449275362
277,L2-3 CUX2 ACVR1C THSD7A,L2-3 CUX2 ACVR1C THSD7A,Excitatory neuron,5.88235294117647,Pyramidal cells,4.7058823529411775,Mature astrocyte,3.7037037037037033
278,Endo CLDN5 SLC7A5,Endo CLDN5 SLC7A5,Trigeminal neurons,8.421052631578947,Neuron,8.071748878923767,Stem cell,5.47945205479452
279,InN LAMP5 RELN,InN LAMP5 RELN,Excitatory neuron,5.88235294117647,Neuron,5.381165919282512,Cancer stem cell,4.395604395604397
280,Endo CLDN5 SLC7A5,Endo CLDN5 SLC7A5,Trigeminal neurons,8.421052631578947,Neuron,8.071748878923767,Stem cell,5.47945205479452
281,L3-5 RORB PCBP3 ARHGAP15,L3-5 RORB PCBP3 ARHGAP15,Immature neurons,4.545454545454545,Purkinje neurons,3.669724770642202,Somatostatin interneuron,3.6363636363636362
282,Endo CLDN5 IL1R1,Endo CLDN5 IL1R1,Purkinje neurons,7.339449541284404,Inhibitory neuron,7.142857142857142,Retinal ganglion cells,5.042016806722689
283,OPC PDGFRA PCDH15,OPC PDGFRA PCDH15,Lake et al.science.ex6,4.761904761904763,Somatostatin interneuron,3.6363636363636362,Lake et al.science.ex5,3.389830508474577
284,Oligo MOG OPALIN,Oligo MOG OPALIN,Oligodendrocyte,7.725321888412016,Mature oligodendrocyte,7.2727272727272725,Oligodendrocytes,5.797101449275362
285,Endo CLDN5 SLC7A5,Endo CLDN5 SLC7A5,Trigeminal neurons,8.421052631578947,Neuron,8.071748878923767,Stem cell,5.47945205479452
286,L3-5 RORB MKX GRIN3A,L3-5 RORB MKX GRIN3A,Pyramidal cells,4.7058823529411775,Interneurons,3.7453183520599254,Lake et al.science.ex3,3.7037037037037033
287,Endo CLDN5 IL1R1,Endo CLDN5 IL1R1,Purkinje neurons,7.339449541284404,Inhibitory neuron,7.142857142857142,Retinal ganglion cells,5.042016806722689
288,Endo CLDN5 SLC7A5,Endo CLDN5 SLC7A5,Trigeminal neurons,8.421052631578947,Neuron,8.071748878923767,Stem cell,5.47945205479452
289,Endo CLDN5 SLC7A5,Endo CLDN5 SLC7A5,Trigeminal neurons,8.421052631578947,Neuron,8.071748878923767,Stem cell,5.47945205479452
290,InN LAMP5 RELN,InN LAMP5 RELN,Excitatory neuron,5.88235294117647,Neuron,5.381165919282512,Cancer stem cell,4.395604395604397
291,Endo CLDN5 IL1R1,Endo CLDN5 IL1R1,Purkinje neurons,7.339449541284404,Inhibitory neuron,7.142857142857142,Retinal ganglion cells,5.042016806722689
292,Endo CLDN5 IL1R1,Endo CLDN5 IL1R1,Purkinje neurons,7.339449541284404,Inhibitory neuron,7.142857142857142,Retinal ganglion cells,5.042016806722689
293,L2-3 CUX2 ACVR1C THSD7A,L2-3 CUX2 ACVR1C THSD7A,Excitatory neuron,5.88235294117647,Pyramidal cells,4.7058823529411775,Mature astrocyte,3.7037037037037033
294,Endo CLDN5 IL1R1,Endo CLDN5 IL1R1,Purkinje neurons,7.339449541284404,Inhibitory neuron,7.142857142857142,Retinal ganglion cells,5.042016806722689
295,Endo CLDN5 SLC7A5,Endo CLDN5 SLC7A5,Trigeminal neurons,8.421052631578947,Neuron,8.071748878923767,Stem cell,5.47945205479452
296,L3-5 RORB PCBP3 ARHGAP15,L3-5 RORB PCBP3 ARHGAP15,Immature neurons,4.545454545454545,Purkinje neurons,3.669724770642202,Somatostatin interneuron,3.6363636363636362
297,L3-5 RORB PCBP3 ARHGAP15,L3-5 RORB PCBP3 ARHGAP15,Immature neurons,4.545454545454545,Purkinje neurons,3.669724770642202,Somatostatin interneuron,3.6363636363636362
298,Endo CLDN5 IL1R1,Endo CLDN5 IL1R1,Purkinje neurons,7.339449541284404,Inhibitory neuron,7.142857142857142,Retinal ganglion cells,5.042016806722689
299,Endo CLDN5 IL1R1,Endo CLDN5 IL1R1,Purkinje neurons,7.339449541284404,Inhibitory neuron,7.142857142857142,Retinal ganglion cells,5.042016806722689
300,OPC PDGFRA PCDH15,OPC PDGFRA PCDH15,Lake et al.science.ex6,4.761904761904763,Somatostatin interneuron,3.6363636363636362,Lake et al.science.ex5,3.389830508474577
301,Endo CLDN5 IL1R1,Endo CLDN5 IL1R1,Purkinje neurons,7.339449541284404,Inhibitory neuron,7.142857142857142,Retinal ganglion cells,5.042016806722689
302,Endo CLDN5 SLC7A5,Endo CLDN5 SLC7A5,Trigeminal neurons,8.421052631578947,Neuron,8.071748878923767,Stem cell,5.47945205479452
303,L3-5 RORB PCBP3 ARHGAP15,L3-5 RORB PCBP3 ARHGAP15,Immature neurons,4.545454545454545,Purkinje neurons,3.669724770642202,Somatostatin interneuron,3.6363636363636362
304,Endo CLDN5 IL1R1,Endo CLDN5 IL1R1,Purkinje neurons,7.339449541284404,Inhibitory neuron,7.142857142857142,Retinal ganglion cells,5.042016806722689
305,Endo CLDN5 IL1R1,Endo CLDN5 IL1R1,Purkinje neurons,7.339449541284404,Inhibitory neuron,7.142857142857142,Retinal ganglion cells,5.042016806722689
306,Endo CLDN5 IL1R1,Endo CLDN5 IL1R1,Purkinje neurons,7.339449541284404,Inhibitory neuron,7.142857142857142,Retinal ganglion cells,5.042016806722689
307,Endo CLDN5 IL1R1,Endo CLDN5 IL1R1,Purkinje neurons,7.339449541284404,Inhibitory neuron,7.142857142857142,Retinal ganglion cells,5.042016806722689
308,Oligo MOG OPALIN,Oligo MOG OPALIN,Oligodendrocyte,7.725321888412016,Mature oligodendrocyte,7.2727272727272725,Oligodendrocytes,5.797101449275362
309,L3-5 RORB MKX GRIN3A,L3-5 RORB MKX GRIN3A,Pyramidal cells,4.7058823529411775,Interneurons,3.7453183520599254,Lake et al.science.ex3,3.7037037037037033
310,Endo CLDN5 IL1R1,Endo CLDN5 IL1R1,Purkinje neurons,7.339449541284404,Inhibitory neuron,7.142857142857142,Retinal ganglion cells,5.042016806722689
311,Endo CLDN5 IL1R1,Endo CLDN5 IL1R1,Purkinje neurons,7.339449541284404,Inhibitory neuron,7.142857142857142,Retinal ganglion cells,5.042016806722689
312,Endo CLDN5 SLC7A5,Endo CLDN5 SLC7A5,Trigeminal neurons,8.421052631578947,Neuron,8.071748878923767,Stem cell,5.47945205479452
313,Endo CLDN5 SLC7A5,Endo CLDN5 SLC7A5,Trigeminal neurons,8.421052631578947,Neuron,8.071748878923767,Stem cell,5.47945205479452
314,L2-3 CUX2 ACVR1C THSD7A,L2-3 CUX2 ACVR1C THSD7A,Excitatory neuron,5.88235294117647,Pyramidal cells,4.7058823529411775,Mature astrocyte,3.7037037037037033
315,InN LAMP5 RELN,InN LAMP5 RELN,Excitatory neuron,5.88235294117647,Neuron,5.381165919282512,Cancer stem cell,4.395604395604397
316,Endo CLDN5 IL1R1,Endo CLDN5 IL1R1,Purkinje neurons,7.339449541284404,Inhibitory neuron,7.142857142857142,Retinal ganglion cells,5.042016806722689
317,Endo CLDN5 SLC7A5,Endo CLDN5 SLC7A5,Trigeminal neurons,8.421052631578947,Neuron,8.071748878923767,Stem cell,5.47945205479452
318,L3-5 RORB PCBP3 ARHGAP15,L3-5 RORB PCBP3 ARHGAP15,Immature neurons,4.545454545454545,Purkinje neurons,3.669724770642202,Somatostatin interneuron,3.6363636363636362
319,Endo CLDN5 IL1R1,Endo CLDN5 IL1R1,Purkinje neurons,7.339449541284404,Inhibitory neuron,7.142857142857142,Retinal ganglion cells,5.042016806722689
320,Endo CLDN5 IL1R1,Endo CLDN5 IL1R1,Purkinje neurons,7.339449541284404,Inhibitory neuron,7.142857142857142,Retinal ganglion cells,5.042016806722689
321,Endo CLDN5 SLC7A5,Endo CLDN5 SLC7A5,Trigeminal neurons,8.421052631578947,Neuron,8.071748878923767,Stem cell,5.47945205479452
322,Endo CLDN5 SLC7A5,Endo CLDN5 SLC7A5,Trigeminal neurons,8.421052631578947,Neuron,8.071748878923767,Stem cell,5.47945205479452
323,Endo CLDN5 IL1R1,Endo CLDN5 IL1R1,Purkinje neurons,7.339449541284404,Inhibitory neuron,7.142857142857142,Retinal ganglion cells,5.042016806722689
324,L3-5 RORB PCBP3 ARHGAP15,L3-5 RORB PCBP3 ARHGAP15,Immature neurons,4.545454545454545,Purkinje neurons,3.669724770642202,Somatostatin interneuron,3.6363636363636362
325,Endo CLDN5 SLC7A5,Endo CLDN5 SLC7A5,Trigeminal neurons,8.421052631578947,Neuron,8.071748878923767,Stem cell,5.47945205479452
326,Micro P2RY12 APBB1IP,Micro P2RY12 APBB1IP,Lake et al.science.ex8,3.669724770642202,Mesenchymal cell,3.2786885245901636,Effector memory cd4+ t cell,2.857142857142857
327,OPC PDGFRA PCDH15,OPC PDGFRA PCDH15,Lake et al.science.ex6,4.761904761904763,Somatostatin interneuron,3.6363636363636362,Lake et al.science.ex5,3.389830508474577
328,L2-3 CUX2 ACVR1C THSD7A,L2-3 CUX2 ACVR1C THSD7A,Excitatory neuron,5.88235294117647,Pyramidal cells,4.7058823529411775,Mature astrocyte,3.7037037037037033
329,L3-5 RORB PCBP3 ARHGAP15,L3-5 RORB PCBP3 ARHGAP15,Immature neurons,4.545454545454545,Purkinje neurons,3.669724770642202,Somatostatin interneuron,3.6363636363636362
330,Endo CLDN5 IL1R1,Endo CLDN5 IL1R1,Purkinje neurons,7.339449541284404,Inhibitory neuron,7.142857142857142,Retinal ganglion cells,5.042016806722689
331,Endo CLDN5 SLC7A5,Endo CLDN5 SLC7A5,Trigeminal neurons,8.421052631578947,Neuron,8.071748878923767,Stem cell,5.47945205479452
332,Oligo MOG OPALIN,Oligo MOG OPALIN,Oligodendrocyte,7.725321888412016,Mature oligodendrocyte,7.2727272727272725,Oligodendrocytes,5.797101449275362
333,OPC PDGFRA PCDH15,OPC PDGFRA PCDH15,Lake et al.science.ex6,4.761904761904763,Somatostatin interneuron,3.6363636363636362,Lake et al.science.ex5,3.389830508474577
334,InN LAMP5 RELN,InN LAMP5 RELN,Excitatory neuron,5.88235294117647,Neuron,5.381165919282512,Cancer stem cell,4.395604395604397
335,Oligo MOG OPALIN,Oligo MOG OPALIN,Oligodendrocyte,7.725321888412016,Mature oligodendrocyte,7.2727272727272725,Oligodendrocytes,5.797101449275362
336,Micro P2RY12 APBB1IP,Micro P2RY12 APBB1IP,Lake et al.science.ex8,3.669724770642202,Mesenchymal cell,3.2786885245901636,Effector memory cd4+ t cell,2.857142857142857
337,InN LAMP5 RELN,InN LAMP5 RELN,Excitatory neuron,5.88235294117647,Neuron,5.381165919282512,Cancer stem cell,4.395604395604397
338,OPC PDGFRA PCDH15,OPC PDGFRA PCDH15,Lake et al.science.ex6,4.761904761904763,Somatostatin interneuron,3.6363636363636362,Lake et al.science.ex5,3.389830508474577
339,Endo CLDN5 IL1R1,Endo CLDN5 IL1R1,Purkinje neurons,7.339449541284404,Inhibitory neuron,7.142857142857142,Retinal ganglion cells,5.042016806722689
340,Endo CLDN5 IL1R1,Endo CLDN5 IL1R1,Purkinje neurons,7.339449541284404,Inhibitory neuron,7.142857142857142,Retinal ganglion cells,5.042016806722689
341,Endo CLDN5 SLC7A5,Endo CLDN5 SLC7A5,Trigeminal neurons,8.421052631578947,Neuron,8.071748878923767,Stem cell,5.47945205479452
342,Endo CLDN5 IL1R1,Endo CLDN5 IL1R1,Purkinje neurons,7.339449541284404,Inhibitory neuron,7.142857142857142,Retinal ganglion cells,5.042016806722689
343,Endo CLDN5 SLC7A5,Endo CLDN5 SLC7A5,Trigeminal neurons,8.421052631578947,Neuron,8.071748878923767,Stem cell,5.47945205479452
344,L3-5 RORB PCBP3 ARHGAP15,L3-5 RORB PCBP3 ARHGAP15,Immature neurons,4.545454545454545,Purkinje neurons,3.669724770642202,Somatostatin interneuron,3.6363636363636362
345,InN LAMP5 RELN,InN LAMP5 RELN,Excitatory neuron,5.88235294117647,Neuron,5.381165919282512,Cancer stem cell,4.395604395604397
346,L3-5 RORB MKX GRIN3A,L3-5 RORB MKX GRIN3A,Pyramidal cells,4.7058823529411775,Interneurons,3.7453183520599254,Lake et al.science.ex3,3.7037037037037033
347,L3-5 RORB MKX GRIN3A,L3-5 RORB MKX GRIN3A,Pyramidal cells,4.7058823529411775,Interneurons,3.7453183520599254,Lake et al.science.ex3,3.7037037037037033
348,Endo CLDN5 SLC7A5,Endo CLDN5 SLC7A5,Trigeminal neurons,8.421052631578947,Neuron,8.071748878923767,Stem cell,5.47945205479452
349,Oligo MOG OPALIN,Oligo MOG OPALIN,Oligodendrocyte,7.725321888412016,Mature oligodendrocyte,7.2727272727272725,Oligodendrocytes,5.797101449275362
350,Endo CLDN5 SLC7A5,Endo CLDN5 SLC7A5,Trigeminal neurons,8.421052631578947,Neuron,8.071748878923767,Stem cell,5.47945205479452
351,Endo CLDN5 SLC7A5,Endo CLDN5 SLC7A5,Trigeminal neurons,8.421052631578947,Neuron,8.071748878923767,Stem cell,5.47945205479452
352,Micro P2RY12 APBB1IP,Micro P2RY12 APBB1IP,Lake et al.science.ex8,3.669724770642202,Mesenchymal cell,3.2786885245901636,Effector memory cd4+ t cell,2.857142857142857
353,Endo CLDN5 IL1R1,Endo CLDN5 IL1R1,Purkinje neurons,7.339449541284404,Inhibitory neuron,7.142857142857142,Retinal ganglion cells,5.042016806722689
354,L3-5 RORB MKX GRIN3A,L3-5 RORB MKX GRIN3A,Pyramidal cells,4.7058823529411775,Interneurons,3.7453183520599254,Lake et al.science.ex3,3.7037037037037033
355,Endo CLDN5 IL1R1,Endo CLDN5 IL1R1,Purkinje neurons,7.339449541284404,Inhibitory neuron,7.142857142857142,Retinal ganglion cells,5.042016806722689
356,L2-3 CUX2 ACVR1C THSD7A,L2-3 CUX2 ACVR1C THSD7A,Excitatory neuron,5.88235294117647,Pyramidal cells,4.7058823529411775,Mature astrocyte,3.7037037037037033
357,Endo CLDN5 IL1R1,Endo CLDN5 IL1R1,Purkinje neurons,7.339449541284404,Inhibitory neuron,7.142857142857142,Retinal ganglion cells,5.042016806722689
358,Endo CLDN5 SLC7A5,Endo CLDN5 SLC7A5,Trigeminal neurons,8.421052631578947,Neuron,8.071748878923767,Stem cell,5.47945205479452
359,L3-5 RORB PCBP3 ARHGAP15,L3-5 RORB PCBP3 ARHGAP15,Immature neurons,4.545454545454545,Purkinje neurons,3.669724770642202,Somatostatin interneuron,3.6363636363636362
360,Oligo MOG OPALIN,Oligo MOG OPALIN,Oligodendrocyte,7.725321888412016,Mature oligodendrocyte,7.2727272727272725,Oligodendrocytes,5.797101449275362
361,L2-3 CUX2 ACVR1C THSD7A,L2-3 CUX2 ACVR1C THSD7A,Excitatory neuron,5.88235294117647,Pyramidal cells,4.7058823529411775,Mature astrocyte,3.7037037037037033
362,Endo CLDN5 IL1R1,Endo CLDN5 IL1R1,Purkinje neurons,7.339449541284404,Inhibitory neuron,7.142857142857142,Retinal ganglion cells,5.042016806722689
363,L3-5 RORB PCBP3 ARHGAP15,L3-5 RORB PCBP3 ARHGAP15,Immature neurons,4.545454545454545,Purkinje neurons,3.669724770642202,Somatostatin interneuron,3.6363636363636362
364,L3-5 RORB PCBP3 ARHGAP15,L3-5 RORB PCBP3 ARHGAP15,Immature neurons,4.545454545454545,Purkinje neurons,3.669724770642202,Somatostatin interneuron,3.6363636363636362
365,L3-5 RORB MKX GRIN3A,L3-5 RORB MKX GRIN3A,Pyramidal cells,4.7058823529411775,Interneurons,3.7453183520599254,Lake et al.science.ex3,3.7037037037037033
366,Endo CLDN5 SLC7A5,Endo CLDN5 SLC7A5,Trigeminal neurons,8.421052631578947,Neuron,8.071748878923767,Stem cell,5.47945205479452
367,Endo CLDN5 IL1R1,Endo CLDN5 IL1R1,Purkinje neurons,7.339449541284404,Inhibitory neuron,7.142857142857142,Retinal ganglion cells,5.042016806722689
368,Oligo MOG OPALIN,Oligo MOG OPALIN,Oligodendrocyte,7.725321888412016,Mature oligodendrocyte,7.2727272727272725,Oligodendrocytes,5.797101449275362
369,L3-5 RORB MKX GRIN3A,L3-5 RORB MKX GRIN3A,Pyramidal cells,4.7058823529411775,Interneurons,3.7453183520599254,Lake et al.science.ex3,3.7037037037037033
370,L3-5 RORB PCBP3 ARHGAP15,L3-5 RORB PCBP3 ARHGAP15,Immature neurons,4.545454545454545,Purkinje neurons,3.669724770642202,Somatostatin interneuron,3.6363636363636362
371,Oligo MOG OPALIN,Oligo MOG OPALIN,Oligodendrocyte,7.725321888412016,Mature oligodendrocyte,7.2727272727272725,Oligodendrocytes,5.797101449275362
372,Endo CLDN5 IL1R1,Endo CLDN5 IL1R1,Purkinje neurons,7.339449541284404,Inhibitory neuron,7.142857142857142,Retinal ganglion cells,5.042016806722689
373,Endo CLDN5 SLC7A5,Endo CLDN5 SLC7A5,Trigeminal neurons,8.421052631578947,Neuron,8.071748878923767,Stem cell,5.47945205479452
374,Endo CLDN5 SLC7A5,Endo CLDN5 SLC7A5,Trigeminal neurons,8.421052631578947,Neuron,8.071748878923767,Stem cell,5.47945205479452
375,L3-5 RORB PCBP3 ARHGAP15,L3-5 RORB PCBP3 ARHGAP15,Immature neurons,4.545454545454545,Purkinje neurons,3.669724770642202,Somatostatin interneuron,3.6363636363636362
376,Endo CLDN5 SLC7A5,Endo CLDN5 SLC7A5,Trigeminal neurons,8.421052631578947,Neuron,8.071748878923767,Stem cell,5.47945205479452
377,L3-5 RORB MKX GRIN3A,L3-5 RORB MKX GRIN3A,Pyramidal cells,4.7058823529411775,Interneurons,3.7453183520599254,Lake et al.science.ex3,3.7037037037037033
378,InN LAMP5 RELN,InN LAMP5 RELN,Excitatory neuron,5.88235294117647,Neuron,5.381165919282512,Cancer stem cell,4.395604395604397
379,L3-5 RORB PCBP3 ARHGAP15,L3-5 RORB PCBP3 ARHGAP15,Immature neurons,4.545454545454545,Purkinje neurons,3.669724770642202,Somatostatin interneuron,3.6363636363636362
380,L3-5 RORB PCBP3 ARHGAP15,L3-5 RORB PCBP3 ARHGAP15,Immature neurons,4.545454545454545,Purkinje neurons,3.669724770642202,Somatostatin interneuron,3.6363636363636362
381,Endo CLDN5 IL1R1,Endo CLDN5 IL1R1,Purkinje neurons,7.339449541284404,Inhibitory neuron,7.142857142857142,Retinal ganglion cells,5.042016806722689
382,Endo CLDN5 IL1R1,Endo CLDN5 IL1R1,Purkinje neurons,7.339449541284404,Inhibitory neuron,7.142857142857142,Retinal ganglion cells,5.042016806722689
383,Endo CLDN5 IL1R1,Endo CLDN5 IL1R1,Purkinje neurons,7.339449541284404,Inhibitory neuron,7.142857142857142,Retinal ganglion cells,5.042016806722689
384,Endo CLDN5 IL1R1,Endo CLDN5 IL1R1,Purkinje neurons,7.339449541284404,Inhibitory neuron,7.142857142857142,Retinal ganglion cells,5.042016806722689
385,L3-5 RORB MKX GRIN3A,L3-5 RORB MKX GRIN3A,Pyramidal cells,4.7058823529411775,Interneurons,3.7453183520599254,Lake et al.science.ex3,3.7037037037037033
386,L3-5 RORB PCBP3 ARHGAP15,L3-5 RORB PCBP3 ARHGAP15,Immature neurons,4.545454545454545,Purkinje neurons,3.669724770642202,Somatostatin interneuron,3.6363636363636362
387,Endo CLDN5 SLC7A5,Endo CLDN5 SLC7A5,Trigeminal neurons,8.421052631578947,Neuron,8.071748878923767,Stem cell,5.47945205479452
388,Endo CLDN5 IL1R1,Endo CLDN5 IL1R1,Purkinje neurons,7.339449541284404,Inhibitory neuron,7.142857142857142,Retinal ganglion cells,5.042016806722689
389,OPC PDGFRA PCDH15,OPC PDGFRA PCDH15,Lake et al.science.ex6,4.761904761904763,Somatostatin interneuron,3.6363636363636362,Lake et al.science.ex5,3.389830508474577
390,Endo CLDN5 IL1R1,Endo CLDN5 IL1R1,Purkinje neurons,7.339449541284404,Inhibitory neuron,7.142857142857142,Retinal ganglion cells,5.042016806722689
391,L3-5 RORB PCBP3 ARHGAP15,L3-5 RORB PCBP3 ARHGAP15,Immature neurons,4.545454545454545,Purkinje neurons,3.669724770642202,Somatostatin interneuron,3.6363636363636362
392,L3-5 RORB MKX GRIN3A,L3-5 RORB MKX GRIN3A,Pyramidal cells,4.7058823529411775,Interneurons,3.7453183520599254,Lake et al.science.ex3,3.7037037037037033
393,L3-5 RORB PCBP3 ARHGAP15,L3-5 RORB PCBP3 ARHGAP15,Immature neurons,4.545454545454545,Purkinje neurons,3.669724770642202,Somatostatin interneuron,3.6363636363636362
394,Endo CLDN5 IL1R1,Endo CLDN5 IL1R1,Purkinje neurons,7.339449541284404,Inhibitory neuron,7.142857142857142,Retinal ganglion cells,5.042016806722689
395,Endo CLDN5 SLC7A5,Endo CLDN5 SLC7A5,Trigeminal neurons,8.421052631578947,Neuron,8.071748878923767,Stem cell,5.47945205479452
396,L3-5 RORB PCBP3 ARHGAP15,L3-5 RORB PCBP3 ARHGAP15,Immature neurons,4.545454545454545,Purkinje neurons,3.669724770642202,Somatostatin interneuron,3.6363636363636362
397,L3-5 RORB MKX GRIN3A,L3-5 RORB MKX GRIN3A,Pyramidal cells,4.7058823529411775,Interneurons,3.7453183520599254,Lake et al.science.ex3,3.7037037037037033
398,Endo CLDN5 SLC7A5,Endo CLDN5 SLC7A5,Trigeminal neurons,8.421052631578947,Neuron,8.071748878923767,Stem cell,5.47945205479452
399,Endo CLDN5 IL1R1,Endo CLDN5 IL1R1,Purkinje neurons,7.339449541284404,Inhibitory neuron,7.142857142857142,Retinal ganglion cells,5.042016806722689
400,OPC PDGFRA PCDH15,OPC PDGFRA PCDH15,Lake et al.science.ex6,4.761904761904763,Somatostatin interneuron,3.6363636363636362,Lake et al.science.ex5,3.389830508474577
401,L3-5 RORB PCBP3 ARHGAP15,L3-5 RORB PCBP3 ARHGAP15,Immature neurons,4.545454545454545,Purkinje neurons,3.669724770642202,Somatostatin interneuron,3.6363636363636362
402,L3-5 RORB PCBP3 ARHGAP15,L3-5 RORB PCBP3 ARHGAP15,Immature neurons,4.545454545454545,Purkinje neurons,3.669724770642202,Somatostatin interneuron,3.6363636363636362
403,L3-5 RORB PCBP3 ARHGAP15,L3-5 RORB PCBP3 ARHGAP15,Immature neurons,4.545454545454545,Purkinje neurons,3.669724770642202,Somatostatin interneuron,3.6363636363636362
404,L3-5 RORB MKX GRIN3A,L3-5 RORB MKX GRIN3A,Pyramidal cells,4.7058823529411775,Interneurons,3.7453183520599254,Lake et al.science.ex3,3.7037037037037033
405,Endo CLDN5 SLC7A5,Endo CLDN5 SLC7A5,Trigeminal neurons,8.421052631578947,Neuron,8.071748878923767,Stem cell,5.47945205479452
406,L3-5 RORB MKX GRIN3A,L3-5 RORB MKX GRIN3A,Pyramidal cells,4.7058823529411775,Interneurons,3.7453183520599254,Lake et al.science.ex3,3.7037037037037033
407,Oligo MOG OPALIN,Oligo MOG OPALIN,Oligodendrocyte,7.725321888412016,Mature oligodendrocyte,7.2727272727272725,Oligodendrocytes,5.797101449275362
408,Endo CLDN5 IL1R1,Endo CLDN5 IL1R1,Purkinje neurons,7.339449541284404,Inhibitory neuron,7.142857142857142,Retinal ganglion cells,5.042016806722689
409,InN LAMP5 RELN,InN LAMP5 RELN,Excitatory neuron,5.88235294117647,Neuron,5.381165919282512,Cancer stem cell,4.395604395604397
410,Endo CLDN5 SLC7A5,Endo CLDN5 SLC7A5,Trigeminal neurons,8.421052631578947,Neuron,8.071748878923767,Stem cell,5.47945205479452
411,Micro P2RY12 APBB1IP,Micro P2RY12 APBB1IP,Lake et al.science.ex8,3.669724770642202,Mesenchymal cell,3.2786885245901636,Effector memory cd4+ t cell,2.857142857142857
412,Endo CLDN5 SLC7A5,Endo CLDN5 SLC7A5,Trigeminal neurons,8.421052631578947,Neuron,8.071748878923767,Stem cell,5.47945205479452
413,InN LAMP5 RELN,InN LAMP5 RELN,Excitatory neuron,5.88235294117647,Neuron,5.381165919282512,Cancer stem cell,4.395604395604397
414,Endo CLDN5 IL1R1,Endo CLDN5 IL1R1,Purkinje neurons,7.339449541284404,Inhibitory neuron,7.142857142857142,Retinal ganglion cells,5.042016806722689
415,Oligo MOG OPALIN,Oligo MOG OPALIN,Oligodendrocyte,7.725321888412016,Mature oligodendrocyte,7.2727272727272725,Oligodendrocytes,5.797101449275362
416,L2-3 CUX2 ACVR1C THSD7A,L2-3 CUX2 ACVR1C THSD7A,Excitatory neuron,5.88235294117647,Pyramidal cells,4.7058823529411775,Mature astrocyte,3.7037037037037033
417,Endo CLDN5 IL1R1,Endo CLDN5 IL1R1,Purkinje neurons,7.339449541284404,Inhibitory neuron,7.142857142857142,Retinal ganglion cells,5.042016806722689
418,Endo CLDN5 IL1R1,Endo CLDN5 IL1R1,Purkinje neurons,7.339449541284404,Inhibitory neuron,7.142857142857142,Retinal ganglion cells,5.042016806722689
419,Endo CLDN5 IL1R1,Endo CLDN5 IL1R1,Purkinje neurons,7.339449541284404,Inhibitory neuron,7.142857142857142,Retinal ganglion cells,5.042016806722689
420,Oligo MOG OPALIN,Oligo MOG OPALIN,Oligodendrocyte,7.725321888412016,Mature oligodendrocyte,7.2727272727272725,Oligodendrocytes,5.797101449275362
421,Endo CLDN5 IL1R1,Endo CLDN5 IL1R1,Purkinje neurons,7.339449541284404,Inhibitory neuron,7.142857142857142,Retinal ganglion cells,5.042016806722689
422,Endo CLDN5 IL1R1,Endo CLDN5 IL1R1,Purkinje neurons,7.339449541284404,Inhibitory neuron,7.142857142857142,Retinal ganglion cells,5.042016806722689
423,Endo CLDN5 SLC7A5,Endo CLDN5 SLC7A5,Trigeminal neurons,8.421052631578947,Neuron,8.071748878923767,Stem cell,5.47945205479452
