,leiden,ctpt_individual_prediction,ctpt_confidence,ctpt_consensus_prediction,manual_annotation
AAACCCACAGTCTGGC-1,0,OPC PDGFRA PCDH15,0.9999999999999893,OPC PDGFRA PCDH15,
AAACGCTAGGCACGAT-1,1,InN VIP EXPH5,0.3596321274546067,Endo CLDN5 IL1R1,
AAACGCTTCTGGCCTT-1,1,Endo CLDN5 IL1R1,0.49481692780551195,Endo CLDN5 IL1R1,
AAAGAACAGAGGCGTT-1,5,Oligo MOG OPALIN,0.9894358819000081,Endo CLDN5 IL1R1,
AAAGGGCTCTTCTGGC-1,2,OPC PDGFRA PCDH15,0.9999999999998452,OPC PDGFRA PCDH15,
AAAGGTATCACTGGTA-1,0,OPC PDGFRA PCDH15,0.9999999999996239,OPC PDGFRA PCDH15,
AAAGTGAAGCTACTGT-1,0,OPC PDGFRA PCDH15,0.9999999999999725,OPC PDGFRA PCDH15,
AAATGGATCCCGAGGT-1,3,Oligo MOG OPALIN,0.999919955105827,Oligo MOG OPALIN,
AACAAAGAGAAGTCAT-1,10,Micro P2RY12 APBB1IP,0.9511217790927543,Micro P2RY12 APBB1IP,
AACAAAGCAATTCGTG-1,0,OPC PDGFRA PCDH15,0.999999999999823,OPC PDGFRA PCDH15,
AACAACCAGTAGCAAT-1,0,OPC PDGFRA PCDH15,0.9999999999999805,OPC PDGFRA PCDH15,
AACAAGAGTAGGAAAG-1,7,Astro GFAP AQP1,0.30637565089419055,Astro GFAP AQP1,
AACACACAGTCCTACA-1,0,OPC PDGFRA PCDH15,0.999999999999998,OPC PDGFRA PCDH15,
AACACACTCTACCAGA-1,1,Endo CLDN5 IL1R1,0.3100790003828559,Endo CLDN5 IL1R1,
AACAGGGGTGGTCTCG-1,7,Astro AQP4 SLC1A2,0.5092749403318908,Astro GFAP AQP1,
AACAGGGTCCTCTAGC-1,8,Oligo MOG OPALIN,0.999860212248933,Oligo MOG OPALIN,
AACAGGGTCTATCACT-1,3,Oligo MOG FRY,0.469289237344179,Oligo MOG OPALIN,
AACCAACGTTTCTTAC-1,5,L5-6 FEZF2 NXPH2 GRIK1,0.3644292660260692,Endo CLDN5 IL1R1,
AACCAACTCGACATAC-1,11,Oligo MOG GSN,0.9999961394172004,Oligo MOG GSN,
AACCACACAAGTGGAC-1,11,Oligo MOG GSN,0.999997942121611,Oligo MOG GSN,
AACCATGAGGTCATAA-1,0,OPC PDGFRA PCDH15,0.9999999999983793,OPC PDGFRA PCDH15,
AACCATGTCTAGTCAG-1,6,Oligo MOG OPALIN,0.9999482682237097,Oligo MOG OPALIN,
AACGAAAGTGCTAGCC-1,0,OPC PDGFRA PCDH15,0.9999999999953013,OPC PDGFRA PCDH15,
AACGAAAGTGGCGTAA-1,14,OPC PDGFRA PCDH15,0.9999999691418097,OPC PDGFRA PCDH15,
AAGACAAAGAGGTCAC-1,2,OPC PDGFRA PCDH15,0.9999999985616657,OPC PDGFRA PCDH15,
AAGACAATCGTGCGAC-1,7,Astro AQP4 SLC1A2,0.5156465341674714,Astro GFAP AQP1,
AAGACTCAGGTTCAGG-1,5,Endo CLDN5 IL1R1,0.3561338316867304,Endo CLDN5 IL1R1,
AAGACTCGTGTGACCC-1,1,Oligo MOG OPALIN,0.9922046964793078,Endo CLDN5 IL1R1,
AAGATAGTCCTTGACC-1,3,Oligo MOG OPALIN,0.9999878622135739,Oligo MOG OPALIN,
AAGATAGTCGAAATCC-1,2,OPC PDGFRA PCDH15,0.9999999999999296,OPC PDGFRA PCDH15,
AAGCCATGTATTCTCT-1,7,Astro AQP4 OSMR,0.5742210040482786,Astro GFAP AQP1,
AAGCGAGTCAAGCCCG-1,5,Endo CLDN5 IL1R1,0.3041099067599803,Endo CLDN5 IL1R1,
AAGCGAGTCCTCACTG-1,0,OPC PDGFRA PCDH15,0.9999999999997269,OPC PDGFRA PCDH15,
AAGCGTTAGAGAGCCT-1,14,OPC PDGFRA PCDH15,0.9993958013941795,OPC PDGFRA PCDH15,
AAGCGTTCATGTTCGA-1,2,OPC PDGFRA PCDH15,0.9999999999938041,OPC PDGFRA PCDH15,
AAGCGTTGTCCGAAAG-1,12,L2-3 CUX2 ACVR1C THSD7A,0.9978315919308081,L2-3 CUX2 ACVR1C THSD7A,
AAGGAATAGCCTGAGA-1,14,OPC PDGFRA PCDH15,0.9987943612067613,OPC PDGFRA PCDH15,
AAGGAATGTACCAATC-1,2,OPC PDGFRA PCDH15,0.9999999999999409,OPC PDGFRA PCDH15,
AAGGTAAGTGAACTAA-1,0,OPC PDGFRA PCDH15,0.9999999999999931,OPC PDGFRA PCDH15,
AAGGTAATCGAGAAAT-1,11,Oligo MOG GSN,0.9999998538108996,Oligo MOG GSN,
AAGTACCGTGATACCT-1,6,Oligo MOG OPALIN,0.9999402694807286,Oligo MOG OPALIN,
AAGTACCGTGTATCCA-1,0,OPC PDGFRA PCDH15,0.9999999999996116,OPC PDGFRA PCDH15,
AAGTCGTGTTGAGAGC-1,3,Oligo MOG OPALIN,0.9995873207096457,Oligo MOG OPALIN,
AAGTCGTTCTTTGATC-1,2,OPC PDGFRA PCDH15,0.9999999999754887,OPC PDGFRA PCDH15,
AATAGAGAGGATTTCC-1,1,Endo CLDN5 IL1R1,0.323414355937072,Endo CLDN5 IL1R1,
AATCGACTCCATGCAA-1,9,OPC PDGFRA PCDH15,0.9999846330725696,OPC PDGFRA PCDH15,
AATGAAGGTTCTCGCT-1,1,Endo CLDN5 IL1R1,0.3322245050409255,Endo CLDN5 IL1R1,
AATGACCAGTCACTAC-1,5,Endo CLDN5 IL1R1,0.5993044696762799,Endo CLDN5 IL1R1,
AATGACCCACGCACCA-1,8,Oligo MOG OPALIN,0.9997290441004695,Oligo MOG OPALIN,
AATGCCATCCTACACC-1,3,Oligo MOG OPALIN,0.9999810302284304,Oligo MOG OPALIN,
AATGGAAGTCAGGTAG-1,5,Endo CLDN5 IL1R1,0.6945017118179094,Endo CLDN5 IL1R1,
AATGGAATCCCAAGCG-1,1,InN LAMP5 LHX6 PROX1,0.3751549691584176,Endo CLDN5 IL1R1,
AATGGCTCACGTTCGG-1,3,Oligo MOG OPALIN,0.9998821166101535,Oligo MOG OPALIN,
AATTCCTAGTCGTTAC-1,0,OPC PDGFRA PCDH15,0.9999999999996452,OPC PDGFRA PCDH15,
AATTTCCGTGCCTTTC-1,9,OPC PDGFRA PCDH15,0.9999999999974458,OPC PDGFRA PCDH15,
ACAACCATCGTGCGAC-1,10,Micro P2RY12 GLDN,0.9370638522960394,Micro P2RY12 APBB1IP,
ACAAGCTAGAAGGATG-1,9,OPC PDGFRA PCDH15,0.9999999999975757,OPC PDGFRA PCDH15,
ACAAGCTTCGACGCGT-1,1,InN VIP EXPH5,0.31397868299275694,Endo CLDN5 IL1R1,
ACACAGTCAAGCAGGT-1,13,PC P2RY14 GRM8,0.9999999749056891,PC P2RY14 GRM8,
ACACAGTGTGTCCTAA-1,1,Endo CLDN5 IL1R1,0.38804924230222226,Endo CLDN5 IL1R1,
ACACCAAAGCGTGTCC-1,7,Astro AQP4 SLC1A2,0.6730065759907116,Astro GFAP AQP1,
ACACGCGGTACTGCCG-1,1,Endo CLDN5 IL1R1,0.3065320526684244,Endo CLDN5 IL1R1,
ACACTGAGTAACGTTC-1,0,OPC PDGFRA PCDH15,0.9999999999999796,OPC PDGFRA PCDH15,
ACACTGATCCTCTGCA-1,0,OPC PDGFRA PCDH15,0.9999999999993809,OPC PDGFRA PCDH15,
ACAGAAACAGCTGAAG-1,2,OPC PDGFRA PCDH15,0.9999999999999927,OPC PDGFRA PCDH15,
ACAGGGATCCGATGTA-1,6,Oligo MOG OPALIN,0.9997138018294005,Oligo MOG OPALIN,
ACATCGACACCAGCGT-1,0,OPC PDGFRA PCDH15,0.9999999999941394,OPC PDGFRA PCDH15,
ACATGCAAGGTACCTT-1,0,OPC PDGFRA PCDH15,0.9999999999994029,OPC PDGFRA PCDH15,
ACATGCAGTAGAAACT-1,7,Astro AQP4 SLC1A2,0.5493894017649942,Astro GFAP AQP1,
ACATGCAGTCACTCTC-1,6,Oligo MOG OPALIN,0.9715933042996746,Oligo MOG OPALIN,
ACATGCATCGTCGACG-1,1,Endo CLDN5 IL1R1,0.7346190185992985,Endo CLDN5 IL1R1,
ACCAACACATCCCGTT-1,12,InN SST HTR2C,0.9945260219713941,L2-3 CUX2 ACVR1C THSD7A,
ACCAACATCTGGTGGC-1,8,Oligo MOG OPALIN,0.9999835522007295,Oligo MOG OPALIN,
ACCACAAAGCGGCTCT-1,9,OPC PDGFRA PCDH15,0.9999999999999416,OPC PDGFRA PCDH15,
ACCACAACAGAGTTGG-1,2,OPC PDGFRA PCDH15,0.9999999999999545,OPC PDGFRA PCDH15,
ACCCAAAGTCAACCAT-1,4,Oligo MOG OPALIN,0.9998679660628342,Oligo MOG OPALIN,
ACCCTCACACCCTTGT-1,8,Oligo MOG OPALIN,0.9999906741008989,Oligo MOG OPALIN,
ACCCTTGGTGAGACCA-1,0,OPC PDGFRA PCDH15,0.9999999999996083,OPC PDGFRA PCDH15,
ACCCTTGTCCTGGTCT-1,0,OPC PDGFRA PCDH15,0.9999999999999982,OPC PDGFRA PCDH15,
ACCTACCTCACAGTGT-1,0,OPC PDGFRA PCDH15,0.9999999999999525,OPC PDGFRA PCDH15,
ACCTACCTCTGTCCGT-1,3,Oligo MOG OPALIN,0.9846318478673105,Oligo MOG OPALIN,
ACCTGAAAGACCGCCT-1,12,InN VIP EXPH5,0.6966768799784854,L2-3 CUX2 ACVR1C THSD7A,
ACGATCAAGAGGTCGT-1,0,OPC PDGFRA PCDH15,0.9999999999986446,OPC PDGFRA PCDH15,
ACGCACGAGATCACCT-1,1,Endo CLDN5 IL1R1,0.5454945739386288,Endo CLDN5 IL1R1,
ACGCACGCAAACACGG-1,2,OPC PDGFRA PCDH15,0.9999999999913831,OPC PDGFRA PCDH15,
ACGGAAGAGGACAGTC-1,5,InN SST FREM1,0.5677683676131622,Endo CLDN5 IL1R1,
ACGGAAGCAGCGTTTA-1,8,Oligo MOG GSN,0.9999989290239738,Oligo MOG OPALIN,
ACGGAAGTCTCTATGT-1,3,Oligo MOG OPALIN,0.9999997289558402,Oligo MOG OPALIN,
ACGGTTAGTAGATCGG-1,8,Oligo MOG OPALIN,0.9999519255304082,Oligo MOG OPALIN,
ACGGTTAGTTGAGTCT-1,12,L3-5 RORB MKX GRIN3A,0.6688105676746549,L2-3 CUX2 ACVR1C THSD7A,
ACGTAACCATGCACTA-1,1,Endo CLDN5 IL1R1,0.3863610977035922,Endo CLDN5 IL1R1,
ACGTACAGTTAGGGTG-1,0,OPC PDGFRA PCDH15,0.9999999999989648,OPC PDGFRA PCDH15,
ACGTAGTAGCGTTAGG-1,8,Oligo MOG OPALIN,0.994297589759177,Oligo MOG OPALIN,
ACGTTCCAGATCCCGC-1,3,Oligo MOG OPALIN,0.9999196158332357,Oligo MOG OPALIN,
ACGTTCCAGCGTCGAA-1,10,Micro P2RY12 APBB1IP,0.6697186743098281,Micro P2RY12 APBB1IP,
ACGTTCCGTTCGTTCC-1,3,Oligo MOG OPALIN,0.9998205361613384,Oligo MOG OPALIN,
ACGTTCCTCCCGTTCA-1,0,OPC PDGFRA PCDH15,0.9999999999997458,OPC PDGFRA PCDH15,
ACTACGACAAACAGGC-1,0,OPC PDGFRA PCDH15,0.9999999999999878,OPC PDGFRA PCDH15,
ACTATCTGTCATCTAG-1,12,Oligo MOG OPALIN,0.7861264645256048,L2-3 CUX2 ACVR1C THSD7A,
ACTATCTTCGCTACAA-1,0,OPC PDGFRA PCDH15,0.9999999999999651,OPC PDGFRA PCDH15,
ACTATGGGTTCTAAGC-1,4,Oligo MOG GSN,0.8942414627536455,Oligo MOG OPALIN,
ACTCTCGAGGGTTTCT-1,0,OPC PDGFRA PCDH15,0.9999999999986471,OPC PDGFRA PCDH15,
ACTCTCGCAGCGGTTC-1,1,Endo CLDN5 IL1R1,0.3298871569093674,Endo CLDN5 IL1R1,
ACTCTCGGTACTAGCT-1,7,Astro GFAP AQP1,0.9297087515025217,Astro GFAP AQP1,
ACTCTCGGTCGCTCGA-1,9,OPC PDGFRA PCDH15,0.9999999988878157,OPC PDGFRA PCDH15,
ACTGATGCAGCAGTCC-1,4,Oligo MOG OPALIN,0.8014234921416566,Oligo MOG OPALIN,
ACTGCAAAGTTAGAAC-1,4,Oligo MOG OPALIN,0.9999767370997661,Oligo MOG OPALIN,
ACTGTGACAGGACTAG-1,6,Oligo MOG OPALIN,0.9999885295489983,Oligo MOG OPALIN,
ACTTATCCACTCGATA-1,4,Oligo MOG GSN,0.5130136907874336,Oligo MOG OPALIN,
ACTTATCGTTAGCTAC-1,0,OPC PDGFRA PCDH15,0.9999999999997402,OPC PDGFRA PCDH15,
ACTTATCTCGACATTG-1,4,Oligo MOG OPALIN,0.9880220454927747,Oligo MOG OPALIN,
ACTTATCTCGGTAAGG-1,5,Endo CLDN5 SLC7A5,0.8462290206234844,Endo CLDN5 IL1R1,
ACTTCCGCATGAATCC-1,3,Oligo MOG OPALIN,0.9996515720204627,Oligo MOG OPALIN,
ACTTCGCCAGAGCCCT-1,1,InN VIP EXPH5,0.6307148475186183,Endo CLDN5 IL1R1,
ACTTCGCGTAATGTGA-1,3,Oligo MOG OPALIN,0.9997501683611807,Oligo MOG OPALIN,
ACTTTGTCACCTCGTT-1,0,OPC PDGFRA PCDH15,0.9999999999999527,OPC PDGFRA PCDH15,
AGAACAACAATGGGTG-1,4,Oligo MOG OPALIN,0.9742325430173405,Oligo MOG OPALIN,
AGAACAACATATCTGG-1,6,Oligo MOG OPALIN,0.320010357150351,Oligo MOG OPALIN,
AGAACAACATTGTAGC-1,4,Oligo MOG OPALIN,0.9984761668192227,Oligo MOG OPALIN,
AGAACCTGTCTAACGT-1,0,OPC PDGFRA PCDH15,0.9999999999993099,OPC PDGFRA PCDH15,
AGAACCTGTTGGGCCT-1,0,OPC PDGFRA PCDH15,0.9999999999999805,OPC PDGFRA PCDH15,
AGAACCTTCCGTATAG-1,0,OPC PDGFRA PCDH15,0.999999999999982,OPC PDGFRA PCDH15,
AGAACCTTCGTTAGAC-1,6,Oligo MOG OPALIN,0.9981393533316273,Oligo MOG OPALIN,
AGAAGCGCACAATGCT-1,0,OPC PDGFRA PCDH15,0.9999999999999105,OPC PDGFRA PCDH15,
AGAAGCGCATGTCAGT-1,2,OPC PDGFRA PCDH15,0.9999999999828384,OPC PDGFRA PCDH15,
AGAAGTATCTCGCCTA-1,5,Oligo MOG OPALIN,0.8466553940797832,Endo CLDN5 IL1R1,
AGACAAAAGGAAGTAG-1,0,OPC PDGFRA PCDH15,0.9999999999999993,OPC PDGFRA PCDH15,
AGACAAAGTCGCAACC-1,0,OPC PDGFRA PCDH15,0.9999999999999902,OPC PDGFRA PCDH15,
AGACACTAGGGTCAAC-1,7,Astro GFAP AQP1,0.8231002219808027,Astro GFAP AQP1,
AGACACTCATGATGCT-1,0,OPC PDGFRA PCDH15,0.9999999999971871,OPC PDGFRA PCDH15,
AGACACTTCCCGTTCA-1,11,Oligo MOG GSN,0.9999499547168483,Oligo MOG GSN,
AGACAGGAGGTCCAGA-1,0,OPC PDGFRA PCDH15,0.9999999999988665,OPC PDGFRA PCDH15,
AGACCATAGCGCCCAT-1,8,Oligo MOG GSN,0.999997974783576,Oligo MOG OPALIN,
AGAGAATAGGGTATAT-1,0,OPC PDGFRA PCDH15,0.999999999999903,OPC PDGFRA PCDH15,
AGAGAATTCCGACGGT-1,8,Oligo MOG OPALIN,0.8753864005174706,Oligo MOG OPALIN,
AGAGAGCGTTCGGCCA-1,12,L2-3 CUX2 NTNG1 PALMD,0.7249897752481324,L2-3 CUX2 ACVR1C THSD7A,
AGAGCAGAGGGTTGCA-1,8,Oligo MOG GSN,0.99275236169369,Oligo MOG OPALIN,
AGAGCAGCATAACGGG-1,14,OPC PDGFRA PCDH15,0.9995428728615732,OPC PDGFRA PCDH15,
AGAGCAGGTCAGCGTC-1,0,OPC PDGFRA PCDH15,0.9999999999997293,OPC PDGFRA PCDH15,
AGATCCAGTAAGCAAT-1,7,Astro GFAP AQP1,0.9414305515116514,Astro GFAP AQP1,
AGATGAAAGACCAACG-1,3,Oligo MOG OPALIN,0.5701868603985938,Oligo MOG OPALIN,
AGATGAACATTCTCTA-1,3,Oligo MOG OPALIN,0.99996251109038,Oligo MOG OPALIN,
AGATGCTCAAACTAAG-1,9,OPC PDGFRA PCDH15,0.999998455786209,OPC PDGFRA PCDH15,
AGATGCTTCGTCGATA-1,5,Endo CLDN5 IL1R1,0.44782046790019675,Endo CLDN5 IL1R1,
AGCCACGAGCGAGGAG-1,1,Endo CLDN5 IL1R1,0.30452187044989854,Endo CLDN5 IL1R1,
AGCCAGCAGAATCTAG-1,10,Micro P2RY12 APBB1IP,0.9038859693271201,Micro P2RY12 APBB1IP,
AGCCAGCAGAATTGTG-1,1,Endo CLDN5 IL1R1,0.3083901507118198,Endo CLDN5 IL1R1,
AGCGATTGTCGGAACA-1,6,Oligo MOG OPALIN,0.9999997883575157,Oligo MOG OPALIN,
AGCGCTGTCCTCAGGG-1,0,OPC PDGFRA PCDH15,0.9999999999934852,OPC PDGFRA PCDH15,
AGCGTATCATGGGAAC-1,14,OPC PDGFRA PCDH15,0.9999998348857413,OPC PDGFRA PCDH15,
AGCGTCGCAAAGCTAA-1,3,Oligo MOG OPALIN,0.9999984980138577,Oligo MOG OPALIN,
AGCTACAGTTGGAGAC-1,6,Oligo MOG OPALIN,0.9999445103803372,Oligo MOG OPALIN,
AGCTACATCGTGCACG-1,5,Endo CLDN5 IL1R1,0.3168524146028413,Endo CLDN5 IL1R1,
AGCTCAAGTCTCACGG-1,3,Oligo MOG OPALIN,0.6606157549969168,Oligo MOG OPALIN,
AGCTTCCTCGGTAAGG-1,0,OPC PDGFRA PCDH15,0.9999999999999865,OPC PDGFRA PCDH15,
AGCTTCCTCGTGTGAT-1,15,T SKAP1 CD247,0.9999999970695339,T SKAP1 CD247,
AGGAAATAGCTATCCA-1,2,OPC PDGFRA PCDH15,0.9999999999999982,OPC PDGFRA PCDH15,
AGGAATACACTATCGA-1,1,Endo CLDN5 IL1R1,0.3799621736374083,Endo CLDN5 IL1R1,
AGGATAAGTTTCGACA-1,3,Oligo MOG OPALIN,0.9999732641916182,Oligo MOG OPALIN,
AGGATAATCGCTCTAC-1,2,OPC PDGFRA PCDH15,0.9999999999999394,OPC PDGFRA PCDH15,
AGGATCTAGACTACCT-1,0,OPC PDGFRA PCDH15,0.9999999999997593,OPC PDGFRA PCDH15,
AGGATCTAGGTGCTAG-1,3,Oligo MOG OPALIN,0.9999613670539281,Oligo MOG OPALIN,
AGGATCTAGTACAACA-1,5,Endo CLDN5 SLC7A5,0.3449773744632952,Endo CLDN5 IL1R1,
AGGCATTTCATTGTGG-1,0,OPC PDGFRA PCDH15,0.9999999999948521,OPC PDGFRA PCDH15,
AGGCCACTCGTAGGAG-1,3,Oligo MOG OPALIN,0.9999999218322525,Oligo MOG OPALIN,
AGGCTGCTCATTGAGC-1,3,Oligo MOG OPALIN,0.9993668010974704,Oligo MOG OPALIN,
AGGCTGCTCTAGGAAA-1,10,Micro P2RY12 APBB1IP,0.965279699289202,Micro P2RY12 APBB1IP,
AGGGAGTCATGACCCG-1,5,InN SST FREM1,0.44579492838386614,Endo CLDN5 IL1R1,
AGGGCCTAGCCTAGGA-1,1,Endo CLDN5 IL1R1,0.3251346579454309,Endo CLDN5 IL1R1,
AGGGCCTCATACCGTA-1,0,OPC PDGFRA PCDH15,0.9999999999999922,OPC PDGFRA PCDH15,
AGGGCCTTCTGTACAG-1,8,Oligo MOG OPALIN,0.9991801229239868,Oligo MOG OPALIN,
AGGGTCCAGAGAACCC-1,0,OPC PDGFRA PCDH15,0.9999999999987976,OPC PDGFRA PCDH15,
AGGTAGGGTTCGGACC-1,2,OPC PDGFRA PCDH15,0.9999999999999829,OPC PDGFRA PCDH15,
AGGTAGGTCATGTCTT-1,3,Oligo MOG OPALIN,0.9999982815309774,Oligo MOG OPALIN,
AGGTCATCAATTGAAG-1,6,Oligo MOG OPALIN,0.999836252248872,Oligo MOG OPALIN,
AGGTCATGTGTTATCG-1,10,Micro P2RY12 APBB1IP,0.9994995223306605,Micro P2RY12 APBB1IP,
AGGTCATTCTGGGCCA-1,6,Oligo MOG OPALIN,0.9999417390535185,Oligo MOG OPALIN,
AGGTCTAAGGCTAAAT-1,12,L2-3 CUX2 ACVR1C THSD7A,0.9982469269142197,L2-3 CUX2 ACVR1C THSD7A,
AGGTCTACATGTGTCA-1,7,Astro AQP4 SLC1A2,0.7305676006209884,Astro GFAP AQP1,
AGGTGTTCAGACCAAG-1,1,Endo CLDN5 IL1R1,0.31438197130137574,Endo CLDN5 IL1R1,
AGGTGTTCAGGATCTT-1,0,OPC PDGFRA PCDH15,0.9999999999999982,OPC PDGFRA PCDH15,
AGGTGTTGTCCACTCT-1,8,Oligo MOG OPALIN,0.9994190498172951,Oligo MOG OPALIN,
AGGTTGTTCCTTCACG-1,13,Endo CLDN5 SLC7A5,0.7247355569513978,PC P2RY14 GRM8,
AGTAACCCAGCGTATT-1,9,OPC PDGFRA PCDH15,0.999999997341739,OPC PDGFRA PCDH15,
AGTACTGGTAAGATTG-1,5,Endo CLDN5 IL1R1,0.6697399048897182,Endo CLDN5 IL1R1,
AGTACTGTCGTGTCAA-1,1,Endo CLDN5 IL1R1,0.5481814471597557,Endo CLDN5 IL1R1,
AGTACTGTCTTGAGCA-1,3,Oligo MOG OPALIN,0.9813110155071272,Oligo MOG OPALIN,
AGTAGTCTCGACGCGT-1,6,Oligo MOG OPALIN,0.999893191104975,Oligo MOG OPALIN,
AGTCACAAGAACTCCT-1,1,Endo CLDN5 IL1R1,0.5240374539206002,Endo CLDN5 IL1R1,
AGTCACAAGCCAAGTG-1,0,OPC PDGFRA PCDH15,0.9999999999998761,OPC PDGFRA PCDH15,
AGTCACAGTGCTAGCC-1,10,Micro P2RY12 GLDN,0.9999041979873855,Micro P2RY12 APBB1IP,
AGTCACAGTGGCGTAA-1,10,Micro P2RY12 GLDN,0.94825150139299,Micro P2RY12 APBB1IP,
AGTCATGAGTAATCCC-1,2,OPC PDGFRA PCDH15,0.9999999999717724,OPC PDGFRA PCDH15,
AGTCATGGTGGTCCGT-1,1,Endo CLDN5 IL1R1,0.4136699033019515,Endo CLDN5 IL1R1,
AGTCTCCAGAATCGAT-1,6,Oligo MOG OPALIN,0.9928029132322493,Oligo MOG OPALIN,
AGTCTCCTCGCTGTCT-1,4,Oligo MOG OPALIN,0.88073995378712,Oligo MOG OPALIN,
AGTGACTCATGGGCAA-1,6,Oligo MOG OPALIN,0.999777576815903,Oligo MOG OPALIN,
AGTGATCCACCGGTCA-1,5,InN LAMP5 BMP7,0.4043918685402991,Endo CLDN5 IL1R1,
AGTGATCTCAAAGCCT-1,0,OPC PDGFRA PCDH15,0.9999999999978022,OPC PDGFRA PCDH15,
AGTGTTGCAGCGCGTT-1,5,Endo CLDN5 IL1R1,0.36691432746916763,Endo CLDN5 IL1R1,
AGTGTTGGTGAATGTA-1,3,Oligo MOG OPALIN,0.999915257705126,Oligo MOG OPALIN,
AGTGTTGTCCGTATGA-1,14,OPC PDGFRA PCDH15,0.9999003411726918,OPC PDGFRA PCDH15,
AGTTCCCCAATACCTG-1,2,OPC PDGFRA PCDH15,0.9999999999991671,OPC PDGFRA PCDH15,
AGTTCCCGTGAATAAC-1,8,Oligo MOG OPALIN,0.6989415891138362,Oligo MOG OPALIN,
AGTTCGACATTCACCC-1,0,OPC PDGFRA PCDH15,0.9999999999998923,OPC PDGFRA PCDH15,
ATACCGACACCATAAC-1,2,OPC PDGFRA PCDH15,0.9999999999998566,OPC PDGFRA PCDH15,
ATACCGACAGCACAAG-1,1,Endo CLDN5 IL1R1,0.4284643372976398,Endo CLDN5 IL1R1,
ATACCTTAGACTCTTG-1,10,Micro P2RY12 APBB1IP,0.9854135325955916,Micro P2RY12 APBB1IP,
ATACCTTGTTACGCCG-1,0,OPC PDGFRA PCDH15,0.9999999999999709,OPC PDGFRA PCDH15,
ATACCTTTCTCTGGTC-1,11,Oligo MOG GSN,0.999999864415702,Oligo MOG GSN,
ATACTTCCAGTATGAA-1,0,OPC PDGFRA PCDH15,0.9999999999999669,OPC PDGFRA PCDH15,
ATACTTCGTTCAGGTT-1,11,Oligo MOG GSN,0.9999997960911166,Oligo MOG GSN,
ATAGACCAGAAGCCTG-1,0,OPC PDGFRA PCDH15,0.9999999999174074,OPC PDGFRA PCDH15,
ATAGACCCATCCGAAT-1,6,Oligo MOG FRY,0.9271621423099002,Oligo MOG OPALIN,
ATAGAGACATAAGATG-1,4,Oligo MOG OPALIN,0.5743850746651256,Oligo MOG OPALIN,
ATAGAGAGTGATTGGG-1,7,Astro GFAP AQP1,0.9999511247742461,Astro GFAP AQP1,
ATCACAGCACCCAATA-1,0,OPC PDGFRA PCDH15,1.0,OPC PDGFRA PCDH15,
ATCACAGCACTGTGTA-1,2,OPC PDGFRA PCDH15,0.9999999999999971,OPC PDGFRA PCDH15,
ATCACAGGTATTTCGG-1,6,Oligo MOG OPALIN,0.9999557417690763,Oligo MOG OPALIN,
ATCACGAGTGAGTGAC-1,1,Endo CLDN5 IL1R1,0.3578503116885149,Endo CLDN5 IL1R1,
ATCAGGTAGGTTGCCC-1,3,Oligo MOG OPALIN,0.689324533838371,Oligo MOG OPALIN,
ATCATTCTCTGGTCAA-1,0,OPC PDGFRA PCDH15,0.9999999999999931,OPC PDGFRA PCDH15,
ATCCACCCAAGAATAC-1,4,Oligo MOG OPALIN,0.46679287710583117,Oligo MOG OPALIN,
ATCCACCCATAACTCG-1,4,Oligo MOG OPALIN,0.9999872458162272,Oligo MOG OPALIN,
ATCCACCGTGTTAACC-1,4,Oligo MOG OPALIN,0.9999092784812804,Oligo MOG OPALIN,
ATCCACCTCCCGAGAC-1,1,Endo CLDN5 IL1R1,0.35275610808389657,Endo CLDN5 IL1R1,
ATCCCTGCATAACAGA-1,0,OPC PDGFRA PCDH15,0.9999999999999842,OPC PDGFRA PCDH15,
ATCCGTCCAATGTCTG-1,2,OPC PDGFRA PCDH15,0.999999999984877,OPC PDGFRA PCDH15,
ATCCTATTCCGTTTCG-1,4,Oligo MOG OPALIN,0.9935596919782866,Oligo MOG OPALIN,
ATCGCCTGTGGACTGA-1,10,Micro P2RY12 APBB1IP,0.9206454620849737,Micro P2RY12 APBB1IP,
ATCGGATCATCCGATA-1,6,Oligo MOG OPALIN,0.9999992122580571,Oligo MOG OPALIN,
ATCGTAGTCCATCAGA-1,4,Oligo MOG GSN,0.9932128160625372,Oligo MOG OPALIN,
ATCGTCCCAGGTCTCG-1,0,OPC PDGFRA PCDH15,0.9999999999963551,OPC PDGFRA PCDH15,
ATCGTCCTCAAGGCTT-1,0,OPC PDGFRA PCDH15,0.9999999999999603,OPC PDGFRA PCDH15,
ATCGTGAAGATGATTG-1,0,OPC PDGFRA PCDH15,0.9999999999999363,OPC PDGFRA PCDH15,
ATCGTGATCACGAACT-1,0,OPC PDGFRA PCDH15,0.9999999999999993,OPC PDGFRA PCDH15,
ATCGTGATCGCCGAAC-1,3,Oligo MOG OPALIN,0.9999807338242341,Oligo MOG OPALIN,
ATCTCTAGTAATGTGA-1,12,L2-3 CUX2 ACVR1C THSD7A,0.9856114755626454,L2-3 CUX2 ACVR1C THSD7A,
ATCTCTATCGTCGACG-1,0,OPC PDGFRA PCDH15,0.9999999999951961,OPC PDGFRA PCDH15,
ATCTTCATCAAGAAAC-1,5,InN VIP EXPH5,0.42500210087824275,Endo CLDN5 IL1R1,
ATGAAAGCAGACTGCC-1,3,Oligo MOG OPALIN,0.9999964909838612,Oligo MOG OPALIN,
ATGAAAGCAGTTTCAG-1,0,OPC PDGFRA PCDH15,0.9999999999993545,OPC PDGFRA PCDH15,
ATGAGTCGTACAATAG-1,1,Endo CLDN5 IL1R1,0.46335439567954284,Endo CLDN5 IL1R1,
ATGAGTCTCGCTCATC-1,8,Oligo MOG OPALIN,0.7700435599715103,Oligo MOG OPALIN,
ATGCCTCGTGTCCTAA-1,2,OPC PDGFRA PCDH15,0.9999999999726494,OPC PDGFRA PCDH15,
ATGCGATCAAGTCCCG-1,4,Oligo MOG OPALIN,0.9999751017850373,Oligo MOG OPALIN,
ATGGATCTCGACATTG-1,0,OPC PDGFRA PCDH15,0.9999999999999003,OPC PDGFRA PCDH15,
ATGGGTTTCGCCCAGA-1,0,OPC PDGFRA PCDH15,0.9999999999999889,OPC PDGFRA PCDH15,
ATGTCCCAGCGTGCTC-1,15,T SKAP1 CD247,0.9999986381193204,T SKAP1 CD247,
ATTACTCCAGTAGAGC-1,4,Oligo MOG OPALIN,0.9996225954528255,Oligo MOG OPALIN,
ATTCAGGCATCTCAAG-1,0,OPC PDGFRA PCDH15,0.9999999999995401,OPC PDGFRA PCDH15,
ATTCAGGGTTCGGCCA-1,4,Oligo MOG OPALIN,0.990629358899459,Oligo MOG OPALIN,
ATTCATCAGGATGAGA-1,7,Astro GFAP AQP1,0.9591499981610166,Astro GFAP AQP1,
ATTCATCCAATCGCCG-1,2,OPC PDGFRA PCDH15,0.9999999999723843,OPC PDGFRA PCDH15,
ATTCATCCAATTCGTG-1,0,OPC PDGFRA PCDH15,0.9999999999999927,OPC PDGFRA PCDH15,
ATTCATCTCTGACCCT-1,0,OPC PDGFRA PCDH15,0.9999999999999964,OPC PDGFRA PCDH15,
ATTCCATTCACCTCGT-1,4,Oligo MOG GSN,0.999977087758459,Oligo MOG OPALIN,
ATTCCATTCAGAGTGG-1,5,VLMC SLC47A1 SLC4A4,0.9711283418980136,Endo CLDN5 IL1R1,
ATTCCCGGTCGACTGC-1,1,InN VIP EXPH5,0.527853306390205,Endo CLDN5 IL1R1,
ATTCCTACAAATCGGG-1,8,Oligo MOG GSN,0.975011319761629,Oligo MOG OPALIN,
ATTCCTAGTTATCTGG-1,2,OPC PDGFRA PCDH15,0.9999999999866269,OPC PDGFRA PCDH15,
ATTCTACAGACGTCCC-1,0,OPC PDGFRA PCDH15,0.9999999999999967,OPC PDGFRA PCDH15,
ATTGGGTTCAGTGTTG-1,7,Astro GFAP AQP1,0.357205909621952,Astro GFAP AQP1,
ATTTACCTCCTTATAC-1,0,OPC PDGFRA PCDH15,0.9999999999969649,OPC PDGFRA PCDH15,
ATTTCTGAGATAGTCA-1,4,Oligo MOG GSN,0.9515544497853,Oligo MOG OPALIN,
ATTTCTGAGGATATGT-1,1,InN VIP EXPH5,0.44192072997925547,Endo CLDN5 IL1R1,
ATTTCTGTCGAGTCTA-1,4,Oligo MOG OPALIN,0.9996080113547634,Oligo MOG OPALIN,
CAACAACAGCGAATGC-1,7,Astro GFAP AQP1,0.8278477568982617,Astro GFAP AQP1,
CAACAACAGTGATAAC-1,4,Oligo MOG OPALIN,0.9999587544436027,Oligo MOG OPALIN,
CAACAACGTCATCACA-1,13,PC P2RY14 GRM8,0.9999990752339797,PC P2RY14 GRM8,
CAACAGTTCCGGTAGC-1,0,OPC PDGFRA PCDH15,0.9999999999999991,OPC PDGFRA PCDH15,
CAACCAACACAGCCTG-1,8,Oligo MOG OPALIN,0.7824878736112565,Oligo MOG OPALIN,
CAACCAAGTGCTAGCC-1,2,OPC PDGFRA PCDH15,0.9999999999999571,OPC PDGFRA PCDH15,
CAACCAAGTGGCGTAA-1,9,OPC PDGFRA PCDH15,0.999999995410161,OPC PDGFRA PCDH15,
CAACCTCAGGCGTTAG-1,8,Oligo MOG OPALIN,0.9999537265304752,Oligo MOG OPALIN,
CAACGATGTGACACGA-1,0,OPC PDGFRA PCDH15,0.9999999999999118,OPC PDGFRA PCDH15,
CAACGGCGTGTTAGCT-1,1,Oligo MOG OPALIN,0.48639770804787535,Endo CLDN5 IL1R1,
CAAGACTAGCAACAAT-1,5,InN LAMP5 BMP7,0.4136965718310711,Endo CLDN5 IL1R1,
CAAGACTAGGTCATAA-1,0,OPC PDGFRA PCDH15,0.9999999999903706,OPC PDGFRA PCDH15,
CAAGACTGTGCCGGTT-1,7,Astro GFAP AQP1,0.9930984609856024,Astro GFAP AQP1,
CAAGACTTCGGTTCAA-1,1,Endo CLDN5 IL1R1,0.31298165292079194,Endo CLDN5 IL1R1,
CAAGACTTCGTCAACA-1,3,Oligo MOG OPALIN,0.999999809261767,Oligo MOG OPALIN,
CAAGAGGGTCAAAGTA-1,0,OPC PDGFRA PCDH15,0.9999999999999543,OPC PDGFRA PCDH15,
CAATACGAGATGAAGG-1,0,OPC PDGFRA PCDH15,0.999999999999952,OPC PDGFRA PCDH15,
CAATACGGTTTACGAC-1,0,OPC PDGFRA PCDH15,0.9999999999999551,OPC PDGFRA PCDH15,
CAATCGAAGAGCAACC-1,1,Micro P2RY12 APBB1IP,0.3249034266878761,Endo CLDN5 IL1R1,
CAATCGACACTGAGGA-1,9,OPC PDGFRA PCDH15,0.9999999996074755,OPC PDGFRA PCDH15,
CAATGACCAGCAGATG-1,10,Micro P2RY12 GLDN,0.9999985431241045,Micro P2RY12 APBB1IP,
CAATGACCAGCCCAGT-1,13,PC P2RY14 GRM8,0.3715718285549776,PC P2RY14 GRM8,
CAATTTCAGACCTCCG-1,12,L2-3 CUX2 ACVR1C THSD7A,0.8872607756734233,L2-3 CUX2 ACVR1C THSD7A,
CAATTTCGTCGCGTTG-1,2,OPC PDGFRA PCDH15,0.9999999999845512,OPC PDGFRA PCDH15,
CAATTTCGTTGAGTCT-1,5,Oligo MOG OPALIN,0.8365353444954035,Endo CLDN5 IL1R1,
CAATTTCTCTAGCATG-1,1,Endo CLDN5 IL1R1,0.4796536480853366,Endo CLDN5 IL1R1,
CACAACAAGCAAGTCG-1,10,Micro P2RY12 GLDN,0.98866268688876,Micro P2RY12 APBB1IP,
CACAGGCAGCCAACCC-1,6,Oligo MOG OPALIN,0.9989795457211247,Oligo MOG OPALIN,
CACAGGCGTACTCGAT-1,9,OPC PDGFRA PCDH15,0.9999999988349557,OPC PDGFRA PCDH15,
CACATGACAAGTTGGG-1,7,L2-3 CUX2 NTNG1 PALMD,0.705236350386227,Astro GFAP AQP1,
CACATGACACATATCG-1,5,Oligo MOG OPALIN,0.34557126907990543,Endo CLDN5 IL1R1,
CACCAAAGTTCATCGA-1,7,Astro AQP4 SLC1A2,0.9876665754907328,Astro GFAP AQP1,
CACCAAATCAGTGCGC-1,1,Endo CLDN5 IL1R1,0.632456019115582,Endo CLDN5 IL1R1,
CACGAATCAATCTGCA-1,0,OPC PDGFRA PCDH15,0.9999999999996432,OPC PDGFRA PCDH15,
CACGAATGTACTCGAT-1,0,OPC PDGFRA PCDH15,0.9999999999970515,OPC PDGFRA PCDH15,
CACGGGTGTTTCGTTT-1,1,InN VIP EXPH5,0.4862220096983258,Endo CLDN5 IL1R1,
CACGGGTTCACTGAAC-1,2,OPC PDGFRA PCDH15,1.0,OPC PDGFRA PCDH15,
CACGTGGAGAATTGCA-1,3,Oligo MOG OPALIN,0.9999973832862408,Oligo MOG OPALIN,
CACGTGGAGCTCAGAG-1,5,Endo CLDN5 IL1R1,0.3502841528433102,Endo CLDN5 IL1R1,
CACGTGGGTGACCTGC-1,0,OPC PDGFRA PCDH15,0.9999999999999987,OPC PDGFRA PCDH15,
CACGTTCCACGATAGG-1,9,OPC PDGFRA PCDH15,0.9999999999954994,OPC PDGFRA PCDH15,
CACTAAGAGAGTTCGG-1,0,OPC PDGFRA PCDH15,0.9999999999985136,OPC PDGFRA PCDH15,
CACTGAATCGACGATT-1,2,OPC PDGFRA PCDH15,0.9999999999998819,OPC PDGFRA PCDH15,
CACTGAATCGGACCAC-1,6,Oligo MOG OPALIN,0.9985019717961006,Oligo MOG OPALIN,
CACTGAATCGTAGAGG-1,8,Oligo MOG OPALIN,0.9999113311565437,Oligo MOG OPALIN,
CACTGAATCTTGAACG-1,5,InN LAMP5 BMP7,0.4521205142441998,Endo CLDN5 IL1R1,
CACTGTCGTACGGTTT-1,7,Astro AQP4 SLC1A2,0.8404697065328322,Astro GFAP AQP1,
CACTGTCTCGGCAGTC-1,3,Oligo MOG OPALIN,0.9918416339280365,Oligo MOG OPALIN,
CAGAGCCAGGCTGGAT-1,1,Endo CLDN5 IL1R1,0.6020802843514041,Endo CLDN5 IL1R1,
CAGAGCCAGTGGTCAG-1,3,Oligo MOG OPALIN,0.9760677263669051,Oligo MOG OPALIN,
CAGATACTCTTGTGCC-1,5,Endo CLDN5 IL1R1,0.4482425307253957,Endo CLDN5 IL1R1,
CAGATCAGTGGAACAC-1,8,Oligo MOG OPALIN,0.9996925463928767,Oligo MOG OPALIN,
CAGATCATCATAGACC-1,14,OPC PDGFRA PCDH15,0.9999953038242115,OPC PDGFRA PCDH15,
CAGATTGAGCAGGCTA-1,11,Oligo MOG GSN,0.9999990422753708,Oligo MOG GSN,
CAGATTGAGTAGACCG-1,2,OPC PDGFRA PCDH15,0.9999999999977658,OPC PDGFRA PCDH15,
CAGCAATAGACGAAGA-1,8,Oligo MOG GSN,0.9843452156237439,Oligo MOG OPALIN,
CAGCAGCAGCTCCCTT-1,0,OPC PDGFRA PCDH15,0.99999999999921,OPC PDGFRA PCDH15,
CAGCAGCTCACCCTTG-1,0,OPC PDGFRA PCDH15,0.9999999999998987,OPC PDGFRA PCDH15,
CAGCCAGAGTTCATGC-1,2,OPC PDGFRA PCDH15,0.9999999997893767,OPC PDGFRA PCDH15,
CAGCCAGCATGCCGCA-1,2,OPC PDGFRA PCDH15,0.9999999999994207,OPC PDGFRA PCDH15,
CAGCGTGAGTGGCCTC-1,12,InN LAMP5 RELN,0.9996471469047357,L2-3 CUX2 ACVR1C THSD7A,
CAGCGTGCAACCTATG-1,5,Endo CLDN5 IL1R1,0.5752828597280499,Endo CLDN5 IL1R1,
CAGCGTGCACCGTCTT-1,3,Oligo MOG OPALIN,0.9996461665165418,Oligo MOG OPALIN,
CAGCGTGGTTCTGAGT-1,2,OPC PDGFRA PCDH15,0.9999999999999756,OPC PDGFRA PCDH15,
CAGGCCAAGGGCTGAT-1,10,Macro F13A1 COLEC12,0.999999525940241,Micro P2RY12 APBB1IP,
CAGGGCTAGTGTTCCA-1,1,Endo CLDN5 IL1R1,0.4295744244236409,Endo CLDN5 IL1R1,
CAGGTATGTATCGTGT-1,5,Endo CLDN5 IL1R1,0.3442712570712939,Endo CLDN5 IL1R1,
CAGTGCGAGCTGGAGT-1,1,InN SST FREM1,0.30384911519847285,Endo CLDN5 IL1R1,
CAGTTAGCACCGCTGA-1,6,Oligo MOG OPALIN,0.9998296839498795,Oligo MOG OPALIN,
CAGTTCCCAATATCCG-1,1,Endo CLDN5 IL1R1,0.44801342991101745,Endo CLDN5 IL1R1,
CATACAGAGGCACCAA-1,1,Endo CLDN5 IL1R1,0.8721701642070807,Endo CLDN5 IL1R1,
CATACAGCAGCTGTAT-1,4,Oligo MOG OPALIN,0.9991911286338813,Oligo MOG OPALIN,
CATACCCTCCCTCATG-1,7,Astro GFAP AQP1,0.3548295550306976,Astro GFAP AQP1,
CATACTTTCAGCGTCG-1,14,OPC PDGFRA PCDH15,0.9993580589356772,OPC PDGFRA PCDH15,
CATACTTTCCCTTGGT-1,14,OPC PDGFRA PCDH15,0.9987908525346404,OPC PDGFRA PCDH15,
CATAGACTCGTTATCT-1,10,Macro F13A1 COLEC12,0.9999840148957462,Micro P2RY12 APBB1IP,
CATCAAGCAAAGCTCT-1,3,Oligo MOG OPALIN,0.9998149496765341,Oligo MOG OPALIN,
CATCAAGCAGCGAACA-1,5,Endo CLDN5 IL1R1,0.7635510409230073,Endo CLDN5 IL1R1,
CATCAAGTCAAACCCA-1,4,Oligo MOG OPALIN,0.9412988335377634,Oligo MOG OPALIN,
CATCCACTCAGACCGC-1,3,Oligo MOG OPALIN,0.9999714481179682,Oligo MOG OPALIN,
CATCCCAAGTTCACTG-1,0,OPC PDGFRA PCDH15,0.9999999999999907,OPC PDGFRA PCDH15,
CATCCCACACCAAATC-1,0,OPC PDGFRA PCDH15,0.9999999999999933,OPC PDGFRA PCDH15,
CATCCCACAGCTTTGA-1,0,OPC PDGFRA PCDH15,0.999999999999994,OPC PDGFRA PCDH15,
CATCCGTCACCGTGGT-1,14,OPC PDGFRA PCDH15,0.9999086338537837,OPC PDGFRA PCDH15,
CATCGCTAGACCATGG-1,5,Endo CLDN5 IL1R1,0.32350411828314,Endo CLDN5 IL1R1,
CATCGCTCATATGGCT-1,5,InN VIP EXPH5,0.3727489330890579,Endo CLDN5 IL1R1,
CATCGGGGTCCGAAGA-1,6,Oligo MOG OPALIN,0.9980940976042596,Oligo MOG OPALIN,
CATCGTCCAACTTGCA-1,5,Oligo MOG OPALIN,0.5774055942920853,Endo CLDN5 IL1R1,
CATCGTCCACAACATC-1,4,Oligo MOG GSN,0.5317178094393126,Oligo MOG OPALIN,
CATGCAAAGTGCCCGT-1,0,OPC PDGFRA PCDH15,0.9999999999999443,OPC PDGFRA PCDH15,
CATGCAATCATTACGG-1,1,Endo CLDN5 IL1R1,0.3446634402187095,Endo CLDN5 IL1R1,
CATGCCTCAGCTCCTT-1,5,Endo CLDN5 IL1R1,0.36883374729580604,Endo CLDN5 IL1R1,
CATGCTCAGAAACTGT-1,4,Oligo MOG OPALIN,0.9999492619253978,Oligo MOG OPALIN,
CATGCTCCAAGAATGT-1,6,Oligo MOG OPALIN,0.9882840725682864,Oligo MOG OPALIN,
CATGCTCCACGTGTGC-1,0,OPC PDGFRA PCDH15,0.9999999999965183,OPC PDGFRA PCDH15,
CATGGATGTCGAGTGA-1,9,OPC PDGFRA PCDH15,0.9998830594404277,OPC PDGFRA PCDH15,
CATTCATCAAAGCTAA-1,13,PC P2RY14 GRM8,0.9999998836387685,PC P2RY14 GRM8,
CATTCCGCAACCAATC-1,5,Endo CLDN5 IL1R1,0.47857236205923287,Endo CLDN5 IL1R1,
CATTCTAAGACGGTTG-1,10,Micro P2RY12 APBB1IP,0.5101176370195822,Micro P2RY12 APBB1IP,
CATTCTATCCGAGGCT-1,7,Astro AQP4 SLC1A2,0.43760623105319874,Astro GFAP AQP1,
CATTGAGCACCATTCC-1,7,Astro GFAP AQP1,0.5073748839957727,Astro GFAP AQP1,
CATTGAGGTAGGTGCA-1,1,Endo CLDN5 IL1R1,0.31651230539130293,Endo CLDN5 IL1R1,
CATTGAGGTATCATGC-1,4,Oligo MOG GSN,0.9993602575130404,Oligo MOG OPALIN,
CATTGAGTCCGTACGG-1,0,OPC PDGFRA PCDH15,0.9999999999995892,OPC PDGFRA PCDH15,
CATTGCCAGAAGTCTA-1,0,OPC PDGFRA PCDH15,0.9999999999999973,OPC PDGFRA PCDH15,
CATTGCCAGCGGGTAT-1,11,Oligo MOG GSN,0.999950099780217,Oligo MOG GSN,
CATTGTTCAATGAAAC-1,0,OPC PDGFRA PCDH15,0.9999999999971243,OPC PDGFRA PCDH15,
CATTTCAGTACCATAC-1,9,OPC PDGFRA PCDH15,0.9999999999978264,OPC PDGFRA PCDH15,
CATTTCAGTTCCTACC-1,7,Endo CLDN5 SLC7A5,0.9022197521935735,Astro GFAP AQP1,
CCAATGAAGCTGGTGA-1,4,Oligo MOG OPALIN,0.9386825418455209,Oligo MOG OPALIN,
CCACAAAGTATCAAGA-1,8,Oligo MOG OPALIN,0.999868110203372,Oligo MOG OPALIN,
CCACACTCATCTCCCA-1,4,Oligo MOG GSN,0.778292154697236,Oligo MOG OPALIN,
CCACACTGTAGTTAGA-1,0,OPC PDGFRA PCDH15,0.9999999999930642,OPC PDGFRA PCDH15,
CCACCATCAGTAGTTC-1,9,OPC PDGFRA PCDH15,0.9999999999973253,OPC PDGFRA PCDH15,
CCACGAGAGGTAAGGA-1,0,OPC PDGFRA PCDH15,0.9999999996991253,OPC PDGFRA PCDH15,
CCACGTTCAAGGAGTC-1,6,Oligo MOG OPALIN,0.9992383647825754,Oligo MOG OPALIN,
CCACTTGAGCGAACTG-1,1,Endo CLDN5 IL1R1,0.9081232361468281,Endo CLDN5 IL1R1,
CCACTTGCATGTTTGG-1,2,OPC PDGFRA PCDH15,0.9999999999998701,OPC PDGFRA PCDH15,
CCACTTGTCTAGATCG-1,1,Endo CLDN5 IL1R1,0.5948722303234747,Endo CLDN5 IL1R1,
CCCAACTGTAGTGTGG-1,3,Oligo MOG OPALIN,0.9999808779199207,Oligo MOG OPALIN,
CCCATTGAGGAACGAA-1,5,L2-3 CUX2 ACVR1C THSD7A,0.4814356152444492,Endo CLDN5 IL1R1,
CCCGAAGAGAAGTCTA-1,4,Oligo MOG OPALIN,0.9997143032275249,Oligo MOG OPALIN,
CCCTAACAGGATATAC-1,8,Oligo MOG OPALIN,0.9263822892330348,Oligo MOG OPALIN,
CCCTCAAGTGAGTAGC-1,5,Endo CLDN5 IL1R1,0.374790488226281,Endo CLDN5 IL1R1,
CCCTCAATCTCTCGCA-1,9,OPC PDGFRA PCDH15,0.9999999948996887,OPC PDGFRA PCDH15,
CCCTGATTCCTCTGCA-1,6,Oligo MOG OPALIN,0.9998802375843129,Oligo MOG OPALIN,
CCCTTAGAGTACCGGA-1,5,Oligo MOG OPALIN,0.37244762060386943,Endo CLDN5 IL1R1,
CCGAACGGTCACTTAG-1,11,Oligo MOG GSN,0.9999417198844568,Oligo MOG GSN,
CCGAACGTCTCAACCC-1,3,Oligo MOG OPALIN,0.9985921154099641,Oligo MOG OPALIN,
CCGATCTTCCAAGAGG-1,6,Oligo MOG OPALIN,0.9995004837490878,Oligo MOG OPALIN,
CCGATGGTCCTAAGTG-1,2,OPC PDGFRA PCDH15,0.9999999999999865,OPC PDGFRA PCDH15,
CCGCAAGCAGCTACCG-1,1,Oligo MOG OPALIN,0.5736264931554926,Endo CLDN5 IL1R1,
CCGGACAGTACTGACT-1,4,Oligo MOG GSN,0.9999255917286911,Oligo MOG OPALIN,
CCGGGTACAGCCCAGT-1,6,Oligo MOG OPALIN,0.999988702832832,Oligo MOG OPALIN,
CCGGGTACATTCGGGC-1,3,Oligo MOG OPALIN,0.9951700104458524,Oligo MOG OPALIN,
CCGGGTATCCAACCGG-1,8,Oligo MOG OPALIN,0.47305891382447457,Oligo MOG OPALIN,
CCGGTAGGTTACACAC-1,11,Oligo MOG GSN,0.9999999602799701,Oligo MOG GSN,
CCGTAGGAGGTAATCA-1,9,OPC PDGFRA PCDH15,0.9999958064768135,OPC PDGFRA PCDH15,
CCGTGAGAGATGACCG-1,0,OPC PDGFRA PCDH15,0.9999999999962386,OPC PDGFRA PCDH15,
CCGTGAGAGTATAACG-1,0,OPC PDGFRA PCDH15,0.9999999999994198,OPC PDGFRA PCDH15,
CCGTTCACATGAGTAA-1,2,OPC PDGFRA PCDH15,0.9999999999997564,OPC PDGFRA PCDH15,
CCTAACCGTGTGAGCA-1,2,OPC PDGFRA PCDH15,0.9999999999649161,OPC PDGFRA PCDH15,
CCTAACCGTTGCTCCT-1,0,OPC PDGFRA PCDH15,0.9999999999999969,OPC PDGFRA PCDH15,
CCTAACCTCCCATAAG-1,0,OPC PDGFRA PCDH15,0.9999999999999973,OPC PDGFRA PCDH15,
CCTAAGATCTTCCTAA-1,8,Oligo MOG GSN,0.6530342008682078,Oligo MOG OPALIN,
CCTACGTCAGTATACC-1,7,Astro AQP4 SLC1A2,0.8838782754706919,Astro GFAP AQP1,
CCTATCGGTAGATTGA-1,0,OPC PDGFRA PCDH15,0.9999999999996039,OPC PDGFRA PCDH15,
CCTATCGGTTTATGCG-1,1,InN VIP EXPH5,0.476205340547541,Endo CLDN5 IL1R1,
CCTCAGTTCCGAGCTG-1,1,Endo CLDN5 IL1R1,0.4768696286959531,Endo CLDN5 IL1R1,
CCTCATGAGGTAAGAG-1,0,OPC PDGFRA PCDH15,0.9999999999991149,OPC PDGFRA PCDH15,
CCTCCAATCTACGGTA-1,1,Endo CLDN5 IL1R1,0.3808619692591447,Endo CLDN5 IL1R1,
CCTCCTCAGACCAGAC-1,9,OPC PDGFRA PCDH15,0.9999999983629348,OPC PDGFRA PCDH15,
CCTCCTCGTTGCCAAT-1,6,Oligo MOG OPALIN,0.9999966164613139,Oligo MOG OPALIN,
CCTCTAGTCGAAGCAG-1,4,Oligo MOG OPALIN,0.73531755670822,Oligo MOG OPALIN,
CCTCTCCAGATAACAC-1,0,OPC PDGFRA PCDH15,0.9999999999999982,OPC PDGFRA PCDH15,
CCTCTCCGTCATCCGG-1,8,Oligo MOG OPALIN,0.9746316107182076,Oligo MOG OPALIN,
CCTGCATGTGCGAGTA-1,6,Oligo MOG OPALIN,0.4486673373274147,Oligo MOG OPALIN,
CCTTCAGTCGCGTGCA-1,1,Endo CLDN5 IL1R1,0.49303008945351434,Endo CLDN5 IL1R1,
CCTTTGGAGAAGCCAC-1,2,OPC PDGFRA PCDH15,0.9999999999996219,OPC PDGFRA PCDH15,
CCTTTGGAGCAATAGT-1,6,Oligo MOG OPALIN,0.9991684431551356,Oligo MOG OPALIN,
CCTTTGGGTCAGGTAG-1,5,Macro F13A1 COLEC12,0.9999210983010631,Endo CLDN5 IL1R1,
CCTTTGGGTTGCATCA-1,0,OPC PDGFRA PCDH15,0.9999999999999096,OPC PDGFRA PCDH15,
CGAAGGATCCGTAATG-1,0,OPC PDGFRA PCDH15,0.9999999999999742,OPC PDGFRA PCDH15,
CGAAGTTAGGTCGACA-1,7,Astro GFAP AQP1,0.9842129137598896,Astro GFAP AQP1,
CGAAGTTCATCTATCT-1,10,Micro P2RY12 APBB1IP,0.9993582660146567,Micro P2RY12 APBB1IP,
CGAGAAGTCTCAATCT-1,5,Endo CLDN5 IL1R1,0.6282719554888153,Endo CLDN5 IL1R1,
CGAGGAATCGATCCAA-1,1,Endo CLDN5 IL1R1,0.391067524131792,Endo CLDN5 IL1R1,
CGAGGCTAGGCTAACG-1,6,Oligo MOG FRY,0.5492784661633614,Oligo MOG OPALIN,
CGAGGCTAGTGGTGGT-1,11,Oligo MOG GSN,0.9999990252560751,Oligo MOG GSN,
CGAGTGCCACTTGACA-1,0,OPC PDGFRA PCDH15,0.9999999999998077,OPC PDGFRA PCDH15,
CGAGTTATCCCAGGCA-1,0,OPC PDGFRA PCDH15,0.9999999999995937,OPC PDGFRA PCDH15,
CGATCGGGTCGCGTTG-1,8,Oligo MOG GSN,0.9999653138923481,Oligo MOG OPALIN,
CGATCGGTCTACTTCA-1,7,Astro GFAP AQP1,0.5749692905900179,Astro GFAP AQP1,
CGATGCGAGTGGAATT-1,0,OPC PDGFRA PCDH15,0.9999999999923359,OPC PDGFRA PCDH15,
CGATGCGCAAAGGCGT-1,1,Endo CLDN5 IL1R1,0.47917906526367615,Endo CLDN5 IL1R1,
CGATGCGCAATGCAAA-1,7,Astro AQP4 SLC1A2,0.56171162293381,Astro GFAP AQP1,
CGATGCGTCAGCGTCG-1,5,Oligo MOG OPALIN,0.72270274506605,Endo CLDN5 IL1R1,
CGATGGCCAAGGGTCA-1,0,OPC PDGFRA PCDH15,0.9999999999990425,OPC PDGFRA PCDH15,
CGCATAAAGCGGCTCT-1,2,OPC PDGFRA PCDH15,0.9999999999999956,OPC PDGFRA PCDH15,
CGCATGGAGAGTCTGG-1,2,OPC PDGFRA PCDH15,0.9999999999999187,OPC PDGFRA PCDH15,
CGCATGGAGCATGAAT-1,9,OPC PDGFRA PCDH15,0.9999999973423903,OPC PDGFRA PCDH15,
CGCATGGTCATGCCAA-1,5,Endo CLDN5 IL1R1,0.5957167521204263,Endo CLDN5 IL1R1,
CGCCAGACAGAGTTGG-1,2,OPC PDGFRA PCDH15,0.9999999999999984,OPC PDGFRA PCDH15,
CGCCATTAGTACAGCG-1,2,OPC PDGFRA PCDH15,0.9999999999999984,OPC PDGFRA PCDH15,
CGCCATTTCCTCTCTT-1,7,L2-3 CUX2 ACVR1C THSD7A,0.7790552226202067,Astro GFAP AQP1,
CGCGTGAAGTATGATG-1,0,OPC PDGFRA PCDH15,0.9999999999267617,OPC PDGFRA PCDH15,
CGGAACCAGCGAGTCA-1,3,Oligo MOG OPALIN,0.9999560292820008,Oligo MOG OPALIN,
CGGAACCGTGCCTGAC-1,7,Astro GFAP AQP1,0.5351316125299689,Astro GFAP AQP1,
CGGAATTGTAGTGTGG-1,2,OPC PDGFRA PCDH15,0.9999999999999403,OPC PDGFRA PCDH15,
CGGAGAAGTTTAGACC-1,1,Endo CLDN5 IL1R1,0.35352919383468856,Endo CLDN5 IL1R1,
CGGCAGTCATATTCGG-1,4,Oligo MOG GSN,0.9943079987449776,Oligo MOG OPALIN,
CGGGACTCAAAGGATT-1,4,Oligo MOG GSN,0.8201884526185618,Oligo MOG OPALIN,
CGGGACTCACTTCTCG-1,2,OPC PDGFRA PCDH15,0.9999999999598868,OPC PDGFRA PCDH15,
CGGGACTGTAAGATAC-1,6,Oligo MOG OPALIN,0.9999722208358011,Oligo MOG OPALIN,
CGGGCATAGTTGCATC-1,8,Oligo MOG GSN,0.9191700468803591,Oligo MOG OPALIN,
CGGGCATTCGTTAGTG-1,6,Oligo MOG OPALIN,0.9999536735456853,Oligo MOG OPALIN,
CGTAATGAGTTGAATG-1,2,OPC PDGFRA PCDH15,0.9999999999784488,OPC PDGFRA PCDH15,
CGTAATGCACAACATC-1,4,Oligo MOG GSN,0.8649033671104086,Oligo MOG OPALIN,
CGTGAATAGTAAACGT-1,7,Astro GFAP AQP1,0.539189066271718,Astro GFAP AQP1,
CGTGCTTCACTACGGC-1,6,Oligo MOG OPALIN,0.9992862811351731,Oligo MOG OPALIN,
CGTGTCTCAGTTGTCA-1,12,InN LAMP5 BMP7,0.9384402298980697,L2-3 CUX2 ACVR1C THSD7A,
CGTTCTGGTACGATTC-1,13,PC P2RY14 GRM8,0.9999969271045814,PC P2RY14 GRM8,
CGTTCTGGTGCCCTTT-1,2,OPC PDGFRA PCDH15,0.9999999999974947,OPC PDGFRA PCDH15,
CGTTGGGAGAGCTGAC-1,11,Oligo MOG GSN,0.999983403756243,Oligo MOG GSN,
CGTTGGGTCTAGATCG-1,12,InN LAMP5 BMP7,0.3744868519374308,L2-3 CUX2 ACVR1C THSD7A,
CTAACCCAGGTGATCG-1,2,OPC PDGFRA PCDH15,0.9999999999993443,OPC PDGFRA PCDH15,
CTAACCCAGTTTAGGA-1,7,Astro AQP4 SLC1A2,0.9990502331021861,Astro GFAP AQP1,
CTAACTTAGTGTAGAT-1,12,InN VIP CLSTN2,0.9996465794220087,L2-3 CUX2 ACVR1C THSD7A,
CTAACTTTCCTGGGTG-1,5,Endo CLDN5 IL1R1,0.34139608624646195,Endo CLDN5 IL1R1,
CTAAGTGAGCTCATAC-1,7,Astro GFAP AQP1,0.5129489075858417,Astro GFAP AQP1,
CTAAGTGTCCTCAGGG-1,2,OPC PDGFRA PCDH15,0.9999999999999667,OPC PDGFRA PCDH15,
CTACAGATCAGTCCGG-1,3,Oligo MOG OPALIN,0.999688458740676,Oligo MOG OPALIN,
CTACATTAGGGAGGCA-1,3,Oligo MOG OPALIN,0.9998835304881939,Oligo MOG OPALIN,
CTACATTCATGCGTGC-1,0,OPC PDGFRA PCDH15,0.9999999999999627,OPC PDGFRA PCDH15,
CTACATTTCACTTGTT-1,3,Oligo MOG OPALIN,0.9997927670863893,Oligo MOG OPALIN,
CTACCCACACATATGC-1,5,Endo CLDN5 SLC7A5,0.5545188544998085,Endo CLDN5 IL1R1,
CTACCCAGTGGCAGAT-1,2,OPC PDGFRA PCDH15,0.9999999999999947,OPC PDGFRA PCDH15,
CTACGGGGTCGAAGCA-1,2,OPC PDGFRA PCDH15,0.9999999999999305,OPC PDGFRA PCDH15,
CTACTATAGGGAGTGG-1,1,Endo CLDN5 IL1R1,0.49941151933055605,Endo CLDN5 IL1R1,
CTACTATGTATCAAGA-1,2,OPC PDGFRA PCDH15,0.9999999999986311,OPC PDGFRA PCDH15,
CTAGACAGTCGAAGCA-1,3,Oligo MOG OPALIN,0.9993088393453317,Oligo MOG OPALIN,
CTAGACATCGGAATTC-1,9,OPC PDGFRA PCDH15,0.9999126981792218,OPC PDGFRA PCDH15,
CTAGGTAAGACAACAT-1,15,T SKAP1 CD247,0.9999999997035083,T SKAP1 CD247,
CTAGGTACATATCTGG-1,4,Oligo MOG OPALIN,0.9996262071034459,Oligo MOG OPALIN,
CTAGGTAGTTAGGCCC-1,12,Astro GFAP FABP7,0.5325233329701419,L2-3 CUX2 ACVR1C THSD7A,
CTATCTACAGTTGTTG-1,7,Astro AQP4 SLC1A2,0.5608975229208861,Astro GFAP AQP1,
CTATCTATCTGATTCT-1,15,T SKAP1 CD247,0.9999999999909384,T SKAP1 CD247,
CTCAAGACACTGATTG-1,0,OPC PDGFRA PCDH15,0.9999999999999252,OPC PDGFRA PCDH15,
CTCAATTAGCACTCAT-1,6,Oligo MOG OPALIN,0.9987326291263182,Oligo MOG OPALIN,
CTCAATTAGGGTAGCT-1,11,Oligo MOG GSN,0.9999984360940652,Oligo MOG GSN,
CTCAATTCACAATGCT-1,4,Oligo MOG OPALIN,0.5320245676536473,Oligo MOG OPALIN,
CTCAATTTCCTGGTCT-1,3,Oligo MOG OPALIN,0.7275069047681363,Oligo MOG OPALIN,
CTCACTGAGTAAACGT-1,2,OPC PDGFRA PCDH15,0.9999999999998495,OPC PDGFRA PCDH15,
CTCACTGCAAGGCTTT-1,0,OPC PDGFRA PCDH15,0.9999999999999756,OPC PDGFRA PCDH15,
CTCACTGCAGGGTTGA-1,1,Endo CLDN5 IL1R1,0.3759564715180102,Endo CLDN5 IL1R1,
CTCAGAAGTCTGATCA-1,6,Oligo MOG OPALIN,0.9999749698202914,Oligo MOG OPALIN,
CTCAGAAGTGAATGTA-1,4,Oligo MOG OPALIN,0.9964134043138788,Oligo MOG OPALIN,
CTCAGAAGTGACCGTC-1,0,OPC PDGFRA PCDH15,0.999999999999593,OPC PDGFRA PCDH15,
CTCAGGGCATAGGTAA-1,8,Oligo MOG OPALIN,0.9996310293756846,Oligo MOG OPALIN,
CTCAGTCTCCAGGACC-1,9,OPC PDGFRA PCDH15,0.9999999999998062,OPC PDGFRA PCDH15,
CTCAGTCTCTTACACT-1,6,Oligo MOG OPALIN,0.9999903589234345,Oligo MOG OPALIN,
CTCATCGTCATACGAC-1,4,Oligo MOG GSN,0.9088958870804099,Oligo MOG OPALIN,
CTCATGCGTATCGAGG-1,3,Oligo MOG OPALIN,0.5400001170158043,Oligo MOG OPALIN,
CTCATTATCCTACGAA-1,5,Oligo MOG OPALIN,0.3956237803175313,Endo CLDN5 IL1R1,
CTCCAACAGCTCCATA-1,10,Micro P2RY12 APBB1IP,0.998315404231216,Micro P2RY12 APBB1IP,
CTCCAACAGGTGGTTG-1,3,Oligo MOG OPALIN,0.9674836434608879,Oligo MOG OPALIN,
CTCCAACTCCCAGGAC-1,9,OPC PDGFRA PCDH15,0.999999999974144,OPC PDGFRA PCDH15,
CTCCACATCGCAGTTA-1,0,OPC PDGFRA PCDH15,0.999999999600679,OPC PDGFRA PCDH15,
CTCCATGCAGTAGAAT-1,13,PC P2RY14 GRM8,0.9999999868499969,PC P2RY14 GRM8,
CTCCCAAAGGCCTTGC-1,7,Oligo MOG OPALIN,0.9519872378344623,Astro GFAP AQP1,
CTCCCAAAGTCGGCCT-1,7,Oligo MOG OPALIN,0.7361060269993397,Astro GFAP AQP1,
CTCCCAATCCCGTTGT-1,4,Oligo MOG OPALIN,0.9163362753772215,Oligo MOG OPALIN,
CTCCCTCCACAACGAG-1,3,Oligo MOG OPALIN,0.9999449039371071,Oligo MOG OPALIN,
CTCCTCCAGAGGTTAT-1,12,L2-3 CUX2 ACVR1C THSD7A,0.9814476827498844,L2-3 CUX2 ACVR1C THSD7A,
CTCCTCCCACTACAGT-1,7,Astro AQP4 SLC1A2,0.36002745488183235,Astro GFAP AQP1,
CTCCTCCTCCTGGGAC-1,1,Endo CLDN5 IL1R1,0.3616399691948949,Endo CLDN5 IL1R1,
CTCCTTTAGTTGTCGT-1,9,OPC PDGFRA PCDH15,0.9999999988948904,OPC PDGFRA PCDH15,
CTCCTTTGTCTTGGTA-1,1,Astro AQP4 OSMR,0.4448053957448868,Endo CLDN5 IL1R1,
CTCCTTTTCTCTCTTC-1,7,Astro GFAP AQP1,0.866740205371188,Astro GFAP AQP1,
CTCGAGGTCTCGAACA-1,3,Oligo MOG OPALIN,0.9999691865921863,Oligo MOG OPALIN,
CTCTCAGAGTGGTTAA-1,4,Oligo MOG OPALIN,0.9961407349525179,Oligo MOG OPALIN,
CTCTCAGCACGGGCTT-1,7,Astro GFAP AQP1,0.8084168437984571,Astro GFAP AQP1,
CTCTGGTAGATAGCTA-1,8,Oligo MOG OPALIN,0.9960030406605693,Oligo MOG OPALIN,
CTGAATGAGCAATTAG-1,0,OPC PDGFRA PCDH15,0.9999999999997196,OPC PDGFRA PCDH15,
CTGAGCGTCCAGTACA-1,1,Endo CLDN5 IL1R1,0.5745612033442572,Endo CLDN5 IL1R1,
CTGATCCAGATCCTAC-1,2,OPC PDGFRA PCDH15,0.9999999999999862,OPC PDGFRA PCDH15,
CTGCAGGGTCAGTCGC-1,5,Endo CLDN5 IL1R1,0.5201002535755431,Endo CLDN5 IL1R1,
CTGCCTACACGACGTC-1,8,Oligo MOG OPALIN,0.9790796727546413,Oligo MOG OPALIN,
CTGCGAGTCGAGCCTG-1,0,OPC PDGFRA PCDH15,0.9999999999999891,OPC PDGFRA PCDH15,
CTGCTCACAATTGAGA-1,12,L2-3 CUX2 NTNG1 PALMD,0.9953968194637411,L2-3 CUX2 ACVR1C THSD7A,
CTGCTCACACCTTCGT-1,5,Oligo MOG OPALIN,0.3130660957026483,Endo CLDN5 IL1R1,
CTGCTCAGTTGTGCAT-1,2,OPC PDGFRA PCDH15,0.9999999999974749,OPC PDGFRA PCDH15,
CTGCTCAGTTTGGCTA-1,0,OPC PDGFRA PCDH15,0.9999999999999927,OPC PDGFRA PCDH15,
CTGGCAGTCGGATAAA-1,6,Oligo MOG OPALIN,0.9996520175051421,Oligo MOG OPALIN,
CTGGTCTAGCTGTCCG-1,1,Endo CLDN5 IL1R1,0.32722440477063575,Endo CLDN5 IL1R1,
CTGGTCTGTAGCGCCT-1,4,Oligo MOG OPALIN,0.9961475994530505,Oligo MOG OPALIN,
CTGGTCTTCGGCATTA-1,1,Endo CLDN5 IL1R1,0.40796722498741933,Endo CLDN5 IL1R1,
CTGTACCAGTGGAAGA-1,0,OPC PDGFRA PCDH15,0.9999999999999964,OPC PDGFRA PCDH15,
CTGTAGACATTCAGGT-1,5,Oligo MOG OPALIN,0.8437223787594816,Endo CLDN5 IL1R1,
CTGTAGATCTACCACC-1,0,OPC PDGFRA PCDH15,0.9999999999999578,OPC PDGFRA PCDH15,
CTGTATTGTGTCCAAT-1,1,Endo CLDN5 IL1R1,0.30611517788974835,Endo CLDN5 IL1R1,
CTGTCGTCAACGATTC-1,9,OPC PDGFRA PCDH15,0.9999998258972996,OPC PDGFRA PCDH15,
CTGTCGTTCACGATAC-1,9,OPC PDGFRA PCDH15,0.9961522350066576,OPC PDGFRA PCDH15,
CTGTGAACATACAGGG-1,1,Endo CLDN5 IL1R1,0.36548487926291245,Endo CLDN5 IL1R1,
CTGTGAATCTAGCCTC-1,8,Oligo MOG GSN,0.9998023469446624,Oligo MOG OPALIN,
CTTACCGCAACCGACC-1,1,Endo CLDN5 IL1R1,0.32083793214736944,Endo CLDN5 IL1R1,
CTTACCGCAATTCTTC-1,0,OPC PDGFRA PCDH15,0.9999999356970591,OPC PDGFRA PCDH15,
CTTACCGGTATCCCAA-1,0,OPC PDGFRA PCDH15,0.9999999999999991,OPC PDGFRA PCDH15,
CTTAGGAGTAGTCTTG-1,14,OPC PDGFRA PCDH15,0.9999545497606268,OPC PDGFRA PCDH15,
CTTCCGACACTGTGAT-1,5,Endo CLDN5 IL1R1,0.7741364992866051,Endo CLDN5 IL1R1,
CTTCCGACAGATGCGA-1,14,OPC PDGFRA PCDH15,0.9999701960933557,OPC PDGFRA PCDH15,
CTTCCGAGTTCTCCAC-1,10,Micro P2RY12 APBB1IP,0.7100936012902032,Micro P2RY12 APBB1IP,
CTTCCTTAGCACCCAC-1,7,Astro GFAP AQP1,0.8451548208395978,Astro GFAP AQP1,
CTTCCTTAGGTCCAGA-1,0,OPC PDGFRA PCDH15,0.9999999999883458,OPC PDGFRA PCDH15,
CTTCCTTGTCGAATTC-1,10,Macro F13A1 COLEC12,0.9991892767511606,Micro P2RY12 APBB1IP,
CTTCCTTTCCTCTCTT-1,6,Oligo MOG OPALIN,0.9999791570944992,Oligo MOG OPALIN,
CTTCGGTCAGTCGGAA-1,2,OPC PDGFRA PCDH15,0.9999999999999833,OPC PDGFRA PCDH15,
CTTCGGTGTACTCGCG-1,1,Endo CLDN5 IL1R1,0.3167496815943415,Endo CLDN5 IL1R1,
CTTCGGTGTCCGGTCA-1,6,Oligo MOG OPALIN,0.9999989066236437,Oligo MOG OPALIN,
CTTCTAAAGGCGTTAG-1,4,Oligo MOG OPALIN,0.8189691431611067,Oligo MOG OPALIN,
CTTCTAACAAATCAGA-1,4,Oligo MOG GSN,0.8966745997692696,Oligo MOG OPALIN,
CTTCTCTAGTCGTTAC-1,5,Endo CLDN5 IL1R1,0.5239519015511714,Endo CLDN5 IL1R1,
CTTCTCTTCCTCGCAT-1,5,Endo CLDN5 IL1R1,0.512980172731234,Endo CLDN5 IL1R1,
CTTGAGAAGTGTTCAC-1,2,OPC PDGFRA PCDH15,0.9999999999994769,OPC PDGFRA PCDH15,
CTTGAGACATGGCCCA-1,8,Oligo MOG OPALIN,0.9569468063567697,Oligo MOG OPALIN,
CTTGAGATCAAATGCC-1,0,OPC PDGFRA PCDH15,0.9999999999996145,OPC PDGFRA PCDH15,
CTTGATTAGTCGAAGC-1,2,OPC PDGFRA PCDH15,0.9999999999974161,OPC PDGFRA PCDH15,
CTTTCGGAGCTACAAA-1,1,Endo CLDN5 IL1R1,0.7370754322561263,Endo CLDN5 IL1R1,
CTTTCGGAGTGCACCC-1,7,Astro GFAP AQP1,0.9650335904748834,Astro GFAP AQP1,
CTTTCGGGTACTGTTG-1,1,Endo CLDN5 IL1R1,0.3244830182147607,Endo CLDN5 IL1R1,
GAAACCTGTAGTGATA-1,3,Oligo MOG OPALIN,0.9536876602715749,Oligo MOG OPALIN,
GAAACCTGTTGTTGCA-1,7,Astro GFAP AQP1,0.33380323543421675,Astro GFAP AQP1,
GAAACCTTCAACCTTT-1,5,Oligo MOG OPALIN,0.39552797997999656,Endo CLDN5 IL1R1,
GAAATGATCAGAATAG-1,3,Oligo MOG OPALIN,0.9991924976599088,Oligo MOG OPALIN,
GAACACTCATCGCTAA-1,4,Oligo MOG OPALIN,0.9999197039078855,Oligo MOG OPALIN,
GAACTGTGTGGGATTG-1,1,Endo CLDN5 IL1R1,0.7227420046210222,Endo CLDN5 IL1R1,
GAAGAATGTGCATTAC-1,9,OPC PDGFRA PCDH15,0.9999999999903046,OPC PDGFRA PCDH15,
GAAGCCCAGAGTCGAC-1,15,T SKAP1 CD247,0.9999999926468317,T SKAP1 CD247,
GAAGCGAAGAAACTAC-1,7,Astro GFAP AQP1,0.9643467192880009,Astro GFAP AQP1,
GAAGCGAAGTCATACC-1,0,OPC PDGFRA PCDH15,0.9999999999977891,OPC PDGFRA PCDH15,
GAAGGGTCAGTTAAAG-1,1,Endo CLDN5 IL1R1,0.5571435068461159,Endo CLDN5 IL1R1,
GAAGGGTGTGCCTAAT-1,0,OPC PDGFRA PCDH15,0.9999999999999372,OPC PDGFRA PCDH15,
GAAGTAATCCAGTGTA-1,7,Astro AQP4 SLC1A2,0.9602419058207138,Astro GFAP AQP1,
GAATCACAGTCCTGCG-1,3,Oligo MOG OPALIN,0.9988344616403575,Oligo MOG OPALIN,
GAATCACGTCATCCGG-1,11,Oligo MOG GSN,0.9999804836330921,Oligo MOG GSN,
GAATCGTGTCCAGTTA-1,5,L2-3 CUX2 ACVR1C THSD7A,0.3244017073356327,Endo CLDN5 IL1R1,
GACATCACACGACAGA-1,6,Oligo MOG OPALIN,0.9999205573734247,Oligo MOG OPALIN,
GACATCACATGGCCAC-1,10,Micro P2RY12 APBB1IP,0.9991981624197861,Micro P2RY12 APBB1IP,
GACATCAGTGCCGGTT-1,1,Endo CLDN5 IL1R1,0.36042961824556774,Endo CLDN5 IL1R1,
GACCAATTCCAATCTT-1,0,OPC PDGFRA PCDH15,0.9999999999999685,OPC PDGFRA PCDH15,
GACCCAGAGGTGCCTC-1,1,Endo CLDN5 IL1R1,0.30874782904566894,Endo CLDN5 IL1R1,
GACCCTTAGTAGGATT-1,5,L2-3 CUX2 ACVR1C THSD7A,0.44522305648896526,Endo CLDN5 IL1R1,
GACCCTTCAATGGGTG-1,2,OPC PDGFRA PCDH15,0.999999999999978,OPC PDGFRA PCDH15,
GACCCTTGTGACGCCT-1,2,OPC PDGFRA PCDH15,0.9999999999997127,OPC PDGFRA PCDH15,
GACCCTTTCGATGCAT-1,5,L2-3 CUX2 NTNG1 PALMD,0.3704823499487929,Endo CLDN5 IL1R1,
GACCGTGGTCTCGGGT-1,4,Oligo MOG OPALIN,0.6338853448069687,Oligo MOG OPALIN,
GACCGTGTCCCAAGCG-1,7,Astro AQP4 SLC1A2,0.5341006488437982,Astro GFAP AQP1,
GACCTTCCATAGGAGC-1,2,OPC PDGFRA PCDH15,0.9999999999998344,OPC PDGFRA PCDH15,
GACCTTCTCGATTGAC-1,0,OPC PDGFRA PCDH15,0.9999999999998745,OPC PDGFRA PCDH15,
GACCTTCTCTGTGTGA-1,4,Oligo MOG GSN,0.6342168990695617,Oligo MOG OPALIN,
GACTATGAGTCAAGCG-1,4,Oligo MOG OPALIN,0.9991092534047065,Oligo MOG OPALIN,
GACTATGCAAGGACAC-1,8,Oligo MOG OPALIN,0.9996398854595083,Oligo MOG OPALIN,
GACTATGCATATCGGT-1,0,OPC PDGFRA PCDH15,0.9999999999999067,OPC PDGFRA PCDH15,
GACTATGTCAGTGTGT-1,3,Oligo MOG OPALIN,0.9999873525407872,Oligo MOG OPALIN,
GACTCAAAGCCTAGGA-1,0,OPC PDGFRA PCDH15,0.9999999999998339,OPC PDGFRA PCDH15,
GACTCTCAGCACCCAC-1,6,Oligo MOG OPALIN,0.9999892699028564,Oligo MOG OPALIN,
GACTCTCGTTCAGCGC-1,0,OPC PDGFRA PCDH15,0.9999999999890137,OPC PDGFRA PCDH15,
GACTCTCGTTGCGGCT-1,9,OPC PDGFRA PCDH15,0.9999999998398665,OPC PDGFRA PCDH15,
GACTCTCTCGGCTCTT-1,5,InN SST FREM1,0.5971405613336005,Endo CLDN5 IL1R1,
GACTCTCTCTATGTGG-1,0,OPC PDGFRA PCDH15,0.9999999999997378,OPC PDGFRA PCDH15,
GACTGATCAGAATCGG-1,8,Oligo MOG GSN,0.9974324029010374,Oligo MOG OPALIN,
GAGAAATTCACTACGA-1,2,OPC PDGFRA PCDH15,0.9999999999998994,OPC PDGFRA PCDH15,
GAGACCCAGCTTGTGT-1,8,Oligo MOG GSN,0.436222539303901,Oligo MOG OPALIN,
GAGAGGTCAAGCAGGT-1,5,InN VIP EXPH5,0.315610661828037,Endo CLDN5 IL1R1,
GAGAGGTGTCAGCGTC-1,3,Oligo MOG OPALIN,0.9996313997703239,Oligo MOG OPALIN,
GAGAGGTGTGTGATGG-1,4,Oligo MOG OPALIN,0.9999982279362246,Oligo MOG OPALIN,
GAGAGGTTCACTCGAA-1,2,OPC PDGFRA PCDH15,0.9999999999998626,OPC PDGFRA PCDH15,
GAGATGGAGTGTTGTC-1,6,Oligo MOG OPALIN,0.9999969855158175,Oligo MOG OPALIN,
GAGATGGCACCGCTGA-1,9,OPC PDGFRA PCDH15,0.9999999999339897,OPC PDGFRA PCDH15,
GAGATGGCACCGTGGT-1,5,Endo CLDN5 IL1R1,0.3476229294517171,Endo CLDN5 IL1R1,
GAGATGGTCCGCGGAT-1,11,Oligo MOG GSN,0.9999999795476635,Oligo MOG GSN,
GAGCCTGAGCGCTGCT-1,3,Oligo MOG OPALIN,0.9999966309819851,Oligo MOG OPALIN,
GAGCCTGTCATTGAGC-1,3,Oligo MOG OPALIN,0.9992673457234684,Oligo MOG OPALIN,
GAGGCAAGTGCACAAG-1,3,Oligo MOG OPALIN,0.9951067925870131,Oligo MOG OPALIN,
GAGGCCTTCGTAACAC-1,3,Oligo MOG OPALIN,0.9975805203610787,Oligo MOG OPALIN,
GAGGGATAGTGTAGAT-1,2,OPC PDGFRA PCDH15,0.9999999999999987,OPC PDGFRA PCDH15,
GAGGGATGTAACATAG-1,12,InN LAMP5 LHX6 PROX1,0.9512453761049414,L2-3 CUX2 ACVR1C THSD7A,
GAGGGTATCTGGCTGG-1,7,Astro GFAP AQP1,0.7906416724859783,Astro GFAP AQP1,
GAGTCTAAGCTGTTAC-1,2,OPC PDGFRA PCDH15,0.999999999999144,OPC PDGFRA PCDH15,
GAGTCTACAAGCGCTC-1,3,Oligo MOG OPALIN,0.9999524990297374,Oligo MOG OPALIN,
GAGTCTAGTAGGTGCA-1,10,Micro P2RY12 APBB1IP,0.42826307407977615,Micro P2RY12 APBB1IP,
GAGTCTAGTGGCGTAA-1,11,Oligo MOG GSN,0.9999999653997301,Oligo MOG GSN,
GAGTGAGCAGTTGGTT-1,10,Micro P2RY12 APBB1IP,0.9997834114963005,Micro P2RY12 APBB1IP,
GAGTGTTGTGGCACTC-1,10,Micro P2RY12 APBB1IP,0.9956078116723762,Micro P2RY12 APBB1IP,
GAGTGTTGTTGTCAGT-1,13,PC P2RY14 GRM8,0.999936465008776,PC P2RY14 GRM8,
GAGTTACGTGTTGATC-1,2,OPC PDGFRA PCDH15,0.9999999999968616,OPC PDGFRA PCDH15,
GAGTTTGTCAACCGAT-1,0,OPC PDGFRA PCDH15,0.9999999999999309,OPC PDGFRA PCDH15,
GATAGAAGTTACCCAA-1,15,T SKAP1 CD247,0.9999999990115997,T SKAP1 CD247,
GATAGCTTCCCGTGAG-1,5,InN SST FREM1,0.542342052422572,Endo CLDN5 IL1R1,
GATCACAGTATCTCTT-1,3,Oligo MOG OPALIN,0.9999999866010452,Oligo MOG OPALIN,
GATCACAGTTGACTAC-1,12,L2-3 CUX2 ACVR1C THSD7A,0.9906235119279257,L2-3 CUX2 ACVR1C THSD7A,
GATCACATCACTTGTT-1,1,Endo CLDN5 IL1R1,0.34755589997019565,Endo CLDN5 IL1R1,
GATCACATCCTTCTGG-1,0,OPC PDGFRA PCDH15,0.9999999999999931,OPC PDGFRA PCDH15,
GATCACATCGCTCATC-1,2,OPC PDGFRA PCDH15,0.9999999999999218,OPC PDGFRA PCDH15,
GATCAGTCACCTATCC-1,0,OPC PDGFRA PCDH15,0.9999999999999969,OPC PDGFRA PCDH15,
GATCAGTCACTGCATA-1,0,OPC PDGFRA PCDH15,0.9999999999999027,OPC PDGFRA PCDH15,
GATCAGTCAGCGATTT-1,1,Endo CLDN5 IL1R1,0.3422365270197623,Endo CLDN5 IL1R1,
GATCCCTTCTACACTT-1,6,Oligo MOG OPALIN,0.9999531198133448,Oligo MOG OPALIN,
GATCGTACAAGACTGG-1,6,Oligo MOG OPALIN,0.9999931860597445,Oligo MOG OPALIN,
GATGACTGTGTGAATA-1,0,OPC PDGFRA PCDH15,0.9999999999979452,OPC PDGFRA PCDH15,
GATGACTTCCTCAGGG-1,10,Micro P2RY12 GLDN,0.999296624991278,Micro P2RY12 APBB1IP,
GATGAGGCAAACCGGA-1,7,Astro AQP4 SLC1A2,0.6658482348435985,Astro GFAP AQP1,
GATGAGGCACGCTTAA-1,0,OPC PDGFRA PCDH15,0.9999999999999707,OPC PDGFRA PCDH15,
GATGATCAGTCAGGGT-1,2,OPC PDGFRA PCDH15,0.9999999999997946,OPC PDGFRA PCDH15,
GATGATCGTCTAACTG-1,8,Oligo MOG OPALIN,0.9909147812499838,Oligo MOG OPALIN,
GATGATCGTGACACAG-1,6,Oligo MOG OPALIN,0.9731282293223389,Oligo MOG OPALIN,
GATGATCGTGTCATTG-1,2,OPC PDGFRA PCDH15,0.9999999999999283,OPC PDGFRA PCDH15,
GATGCTAAGATCGACG-1,0,OPC PDGFRA PCDH15,0.9999999999999962,OPC PDGFRA PCDH15,
GATGCTAGTATGTCAC-1,4,Oligo MOG OPALIN,0.951538936515338,Oligo MOG OPALIN,
GATGCTATCAATCAGC-1,2,OPC PDGFRA PCDH15,0.9999999999999851,OPC PDGFRA PCDH15,
GATGGAGAGCCTTCTC-1,1,Endo CLDN5 IL1R1,0.4030036943047489,Endo CLDN5 IL1R1,
GATGTTGAGCTGGTGA-1,8,Oligo MOG OPALIN,0.9945219668178761,Oligo MOG OPALIN,
GATTCTTGTCTGTAGT-1,0,OPC PDGFRA PCDH15,0.9999999999995957,OPC PDGFRA PCDH15,
GATTGGTCACGCTGCA-1,0,OPC PDGFRA PCDH15,0.999999999999726,OPC PDGFRA PCDH15,
GATTGGTTCACCTGGG-1,2,OPC PDGFRA PCDH15,0.9999999999999032,OPC PDGFRA PCDH15,
GCAACATTCCCTAGGG-1,3,Oligo MOG OPALIN,0.9999986369570055,Oligo MOG OPALIN,
GCAACATTCCGATTAG-1,0,OPC PDGFRA PCDH15,0.9999999999999998,OPC PDGFRA PCDH15,
GCAACCGCATAACTCG-1,1,Endo CLDN5 IL1R1,0.5023009138814671,Endo CLDN5 IL1R1,
GCACGGTGTCTACACA-1,8,Oligo MOG OPALIN,0.9999963271935622,Oligo MOG OPALIN,
GCACGTGAGCCTGTGC-1,2,OPC PDGFRA PCDH15,0.9999999999948401,OPC PDGFRA PCDH15,
GCACTAACAGAGCGTA-1,1,Endo CLDN5 IL1R1,0.4334214828978691,Endo CLDN5 IL1R1,
GCACTAATCTCTCGCA-1,10,Micro P2RY12 GLDN,0.6071114106275929,Micro P2RY12 APBB1IP,
GCAGCCAAGAGCTGCA-1,3,Oligo MOG OPALIN,0.9999987089182063,Oligo MOG OPALIN,
GCAGCCACAGCCTTCT-1,8,Oligo MOG OPALIN,0.9998845997101298,Oligo MOG OPALIN,
GCAGCCATCATGCCAA-1,7,Astro GFAP AQP1,0.6552533620206861,Astro GFAP AQP1,
GCAGCTGAGTCACGCC-1,8,Oligo MOG OPALIN,0.9671917302859793,Oligo MOG OPALIN,
GCAGCTGTCAAAGCCT-1,4,Oligo MOG GSN,0.9991589879069652,Oligo MOG OPALIN,
GCAGTTAAGCTTAAGA-1,3,Oligo MOG OPALIN,0.9999148669811602,Oligo MOG OPALIN,
GCATCTCGTACGCTAT-1,6,Oligo MOG OPALIN,0.9704482512838991,Oligo MOG OPALIN,
GCATGATCATCACCAA-1,0,OPC PDGFRA PCDH15,0.9999999999999805,OPC PDGFRA PCDH15,
GCATGATTCCATACTT-1,15,T SKAP1 CD247,0.9999997416038585,T SKAP1 CD247,
GCATTAGGTGTCTTCC-1,3,Oligo MOG OPALIN,0.9999948392315073,Oligo MOG OPALIN,
GCATTAGGTTTCCCAC-1,13,VLMC SLC47A1 SLC4A4,0.9999304237058696,PC P2RY14 GRM8,
GCATTAGTCTTCGTAT-1,7,Astro GFAP AQP1,0.8319806863799961,Astro GFAP AQP1,
GCCGATGAGAGGATCC-1,6,Oligo MOG OPALIN,0.9999902344024177,Oligo MOG OPALIN,
GCCGATGGTCGTCATA-1,8,Oligo MOG OPALIN,0.9801285802858773,Oligo MOG OPALIN,
GCCTGTTCATTAGGCT-1,8,Oligo MOG OPALIN,0.9999948584532784,Oligo MOG OPALIN,
GCCTGTTCATTGTAGC-1,6,Oligo MOG OPALIN,0.9999862417305745,Oligo MOG OPALIN,
GCGAGAACACGTAGTT-1,15,T SKAP1 CD247,0.9999917952596328,T SKAP1 CD247,
GCGAGAAGTCGTCGGT-1,6,Oligo MOG OPALIN,0.9999868464508951,Oligo MOG OPALIN,
GCGATCGAGGCGAAGG-1,0,OPC PDGFRA PCDH15,0.9999999999999989,OPC PDGFRA PCDH15,
GCGGATCAGACGTCCC-1,7,Astro AQP4 SLC1A2,0.5334241540303474,Astro GFAP AQP1,
GCGGATCCACCCAATA-1,1,InN VIP EXPH5,0.39826241633071796,Endo CLDN5 IL1R1,
GCGGATCCACTAACGT-1,4,Oligo MOG OPALIN,0.9777769217133225,Oligo MOG OPALIN,
GCGTGCATCGTAGTCA-1,6,Oligo MOG OPALIN,0.7827768120077607,Oligo MOG OPALIN,
GCGTTTCGTCCCGTGA-1,5,Endo CLDN5 IL1R1,0.4280236593716492,Endo CLDN5 IL1R1,
GCTACAAGTGAACCGA-1,3,Oligo MOG OPALIN,0.9997582155538033,Oligo MOG OPALIN,
GCTACAATCATTTCCA-1,14,OPC PDGFRA PCDH15,0.9770524786687663,OPC PDGFRA PCDH15,
GCTACAATCCGTAGTA-1,9,OPC PDGFRA PCDH15,0.9999999999809059,OPC PDGFRA PCDH15,
GCTACCTAGTACGTCT-1,7,Astro GFAP AQP1,0.981479923273778,Astro GFAP AQP1,
GCTACCTAGTCCCAGC-1,4,Oligo MOG OPALIN,0.9999664002644352,Oligo MOG OPALIN,
GCTACCTAGTTTGAGA-1,0,OPC PDGFRA PCDH15,0.9999999999999896,OPC PDGFRA PCDH15,
GCTACCTCAGATCATC-1,2,OPC PDGFRA PCDH15,0.999999999999869,OPC PDGFRA PCDH15,
GCTGAATTCAGCTTGA-1,9,OPC PDGFRA PCDH15,0.999999999775969,OPC PDGFRA PCDH15,
GCTGCAGAGTTTCTTC-1,1,InN SST FREM1,0.405419881757961,Endo CLDN5 IL1R1,
GCTTGGGAGTCTGTAC-1,8,Oligo MOG GSN,0.9999888579252908,Oligo MOG OPALIN,
GCTTTCGCAGAATCGG-1,2,OPC PDGFRA PCDH15,0.9999999999989291,OPC PDGFRA PCDH15,
GGAAGTGAGACCATGG-1,0,OPC PDGFRA PCDH15,0.9999999999994995,OPC PDGFRA PCDH15,
GGAAGTGAGAGGATGA-1,4,Oligo MOG OPALIN,0.9992835245643712,Oligo MOG OPALIN,
GGAAGTGCAAATGATG-1,6,Oligo MOG OPALIN,0.9996084655233887,Oligo MOG OPALIN,
GGAATCTCATCGATAC-1,2,OPC PDGFRA PCDH15,0.9999999999999569,OPC PDGFRA PCDH15,
GGAGAACGTGCTCCGA-1,10,Micro P2RY12 APBB1IP,0.9871437856635742,Micro P2RY12 APBB1IP,
GGAGCAAAGGAACGAA-1,3,Oligo MOG OPALIN,0.9999996640240693,Oligo MOG OPALIN,
GGATCTAGTTCCTAGA-1,5,InN SST FREM1,0.3382617466672624,Endo CLDN5 IL1R1,
GGATGTTGTCTACAAC-1,6,Oligo MOG OPALIN,0.9897362140812034,Oligo MOG OPALIN,
GGCAGTCAGTGAACAT-1,5,Oligo MOG OPALIN,0.38250430294280285,Endo CLDN5 IL1R1,
GGCGTCAGTGTCCGGT-1,15,T SKAP1 CD247,0.9999999905115685,T SKAP1 CD247,
GGCTGTGGTCCGGTCA-1,3,Oligo MOG OPALIN,0.9999213684267235,Oligo MOG OPALIN,
GGCTGTGGTTCTGAGT-1,1,Endo CLDN5 IL1R1,0.3105193260443134,Endo CLDN5 IL1R1,
GGCTTGGGTTTGGAAA-1,1,Endo CLDN5 IL1R1,0.3225226444948897,Endo CLDN5 IL1R1,
GGCTTTCTCGCTACAA-1,2,OPC PDGFRA PCDH15,0.9999999999985945,OPC PDGFRA PCDH15,
GGGAAGTGTCGGTGTC-1,1,Endo CLDN5 IL1R1,0.4085638678891212,Endo CLDN5 IL1R1,
GGGACCTAGCGCCTTG-1,3,Oligo MOG OPALIN,0.9997172246248124,Oligo MOG OPALIN,
GGGACCTGTGTATTCG-1,3,Oligo MOG OPALIN,0.9998511285680344,Oligo MOG OPALIN,
GGGACCTTCTTGGTCC-1,6,Oligo MOG FRY,0.8877367695954053,Oligo MOG OPALIN,
GGGAGATAGATACAGT-1,1,Endo CLDN5 IL1R1,0.5460728978958302,Endo CLDN5 IL1R1,
GGGAGATAGCAGGCTA-1,0,OPC PDGFRA PCDH15,0.9999999999999978,OPC PDGFRA PCDH15,
GGGAGATCATCACAGT-1,4,Oligo MOG OPALIN,0.6477416823389682,Oligo MOG OPALIN,
GGGAGATGTAATGCTC-1,2,OPC PDGFRA PCDH15,0.999999999988374,OPC PDGFRA PCDH15,
GGGAGATGTAGGAGGG-1,3,Oligo MOG OPALIN,0.9999989998105551,Oligo MOG OPALIN,
GGGAGTACAAGCAATA-1,3,Oligo MOG OPALIN,0.999998798182766,Oligo MOG OPALIN,
GGGAGTAGTGACAACG-1,10,Micro P2RY12 APBB1IP,0.4437642932238248,Micro P2RY12 APBB1IP,
GGGATCCCAGGGTCTC-1,1,Endo CLDN5 IL1R1,0.41865482056224407,Endo CLDN5 IL1R1,
GGGATGACACCGTCTT-1,5,Oligo MOG OPALIN,0.8666894547974192,Endo CLDN5 IL1R1,
GGGATGAGTGTGTCGC-1,0,OPC PDGFRA PCDH15,0.9999999999999774,OPC PDGFRA PCDH15,
GGGATGATCCAGTTCC-1,9,OPC PDGFRA PCDH15,0.9999999999669305,OPC PDGFRA PCDH15,
GGGCCATGTGGAACAC-1,0,OPC PDGFRA PCDH15,0.9999999999999998,OPC PDGFRA PCDH15,
GGGCTCATCGTGGCTG-1,6,Oligo MOG OPALIN,0.9999988387899233,Oligo MOG OPALIN,
GGGTAGAAGTGCGACA-1,6,Oligo MOG FRY,0.8545446608345859,Oligo MOG OPALIN,
GGGTCTGAGCCTGAGA-1,3,Oligo MOG OPALIN,0.9999683566628909,Oligo MOG OPALIN,
GGGTCTGAGCTATCTG-1,7,Astro GFAP AQP1,0.3845169023067161,Astro GFAP AQP1,
GGGTCTGGTGACGTCC-1,2,OPC PDGFRA PCDH15,0.999999999999065,OPC PDGFRA PCDH15,
GGGTCTGTCCGTGCGA-1,6,Oligo MOG OPALIN,0.9954062670249528,Oligo MOG OPALIN,
GGGTGAAGTTGTTTGG-1,2,OPC PDGFRA PCDH15,0.9999999999994633,OPC PDGFRA PCDH15,
GGGTGAATCGTAGAGG-1,3,Oligo MOG OPALIN,0.9999781026622946,Oligo MOG OPALIN,
GGGTGTCCAACACAGG-1,0,OPC PDGFRA PCDH15,0.9999999999997009,OPC PDGFRA PCDH15,
GGGTGTCTCATACGGT-1,15,T SKAP1 CD247,0.999997707906736,T SKAP1 CD247,
GGGTTTATCTGGCTGG-1,4,Oligo MOG OPALIN,0.9999980729896217,Oligo MOG OPALIN,
GGTAATCCAAATGGCG-1,13,PC P2RY14 GRM8,0.9999998037210841,PC P2RY14 GRM8,
GGTAATCCAGAAGCTG-1,0,OPC PDGFRA PCDH15,0.9999999999998526,OPC PDGFRA PCDH15,
GGTAATCTCGTGGCTG-1,3,Oligo MOG OPALIN,0.9999911900462123,Oligo MOG OPALIN,
GGTCACGGTACTCCCT-1,1,Endo CLDN5 IL1R1,0.3729006110677928,Endo CLDN5 IL1R1,
GGTCACGTCAAGCTTG-1,11,Oligo MOG GSN,0.9999662730892412,Oligo MOG GSN,
GGTCTGGAGAGTTGCG-1,0,OPC PDGFRA PCDH15,0.9999999999999734,OPC PDGFRA PCDH15,
GGTGAAGCAGCAGTCC-1,1,Endo CLDN5 IL1R1,0.37846501710002006,Endo CLDN5 IL1R1,
GGTGAAGGTAATCAGA-1,3,Oligo MOG OPALIN,0.9999978259051647,Oligo MOG OPALIN,
GGTGATTTCACACCCT-1,9,OPC PDGFRA PCDH15,0.9999999999999458,OPC PDGFRA PCDH15,
GGTGGCTAGCTGAAAT-1,1,InN SST FREM1,0.31938921985158164,Endo CLDN5 IL1R1,
GGTGGCTGTTGAGAGC-1,3,Oligo MOG OPALIN,0.9999312487889972,Oligo MOG OPALIN,
GGTGGCTTCCGAGAAG-1,7,Astro GFAP AQP1,0.9742490021822695,Astro GFAP AQP1,
GGTGTCGGTAACTGCT-1,12,InN VIP EXPH5,0.8875445663437059,L2-3 CUX2 ACVR1C THSD7A,
GGTGTCGGTATTCCTT-1,5,Endo CLDN5 IL1R1,0.49624282479842813,Endo CLDN5 IL1R1,
GGTGTCGGTTAAAGTG-1,8,Oligo MOG OPALIN,0.970297773656072,Oligo MOG OPALIN,
GGTTAACAGCACCCAC-1,4,Oligo MOG OPALIN,0.9998508984592513,Oligo MOG OPALIN,
GGTTAACAGTGTTCAC-1,1,Endo CLDN5 IL1R1,0.4365716357822421,Endo CLDN5 IL1R1,
GGTTGTAAGTAGACAT-1,0,OPC PDGFRA PCDH15,0.9999999999999392,OPC PDGFRA PCDH15,
GGTTGTACAATTCTCT-1,8,Oligo MOG GSN,0.9873297551840942,Oligo MOG OPALIN,
GTAACCACACAGTACT-1,3,Oligo MOG OPALIN,0.9999803863613302,Oligo MOG OPALIN,
GTAACCATCTCAGTCC-1,13,PC P2RY14 GRM8,0.9999997982458028,PC P2RY14 GRM8,
GTAAGTCGTCTCGGGT-1,2,OPC PDGFRA PCDH15,0.9999999999999722,OPC PDGFRA PCDH15,
GTAATCGCAAGTGCTT-1,4,Oligo MOG GSN,0.9987535679111789,Oligo MOG OPALIN,
GTAATGCAGTCATGAA-1,1,Endo CLDN5 IL1R1,0.7546396658569116,Endo CLDN5 IL1R1,
GTAATGCTCATCACCC-1,15,T SKAP1 CD247,0.999999999691439,T SKAP1 CD247,
GTACAACCACAAGTGG-1,0,OPC PDGFRA PCDH15,0.9999999999998861,OPC PDGFRA PCDH15,
GTACAGTCAACCCTCT-1,8,Oligo MOG OPALIN,0.9994166568684938,Oligo MOG OPALIN,
GTACAGTCAACTTGCA-1,5,Oligo MOG OPALIN,0.9857689299989211,Endo CLDN5 IL1R1,
GTACAGTCAGCACCCA-1,5,Oligo MOG OPALIN,0.9993597878536231,Endo CLDN5 IL1R1,
GTACAGTGTACCCAGC-1,5,Endo CLDN5 IL1R1,0.33564206291022675,Endo CLDN5 IL1R1,
GTACAGTGTTACCTGA-1,1,Endo CLDN5 IL1R1,0.39218115726837177,Endo CLDN5 IL1R1,
GTACAGTTCACGGACC-1,6,Oligo MOG OPALIN,0.9991399434207311,Oligo MOG OPALIN,
GTAGAGGCACTACCGG-1,0,OPC PDGFRA PCDH15,0.9999999999999998,OPC PDGFRA PCDH15,
GTAGAGGGTGGACTAG-1,8,Oligo MOG GSN,0.6671014235809487,Oligo MOG OPALIN,
GTAGATCTCCCGAGAC-1,1,Endo CLDN5 IL1R1,0.6454622984858547,Endo CLDN5 IL1R1,
GTAGCTACATCCGAGC-1,1,Endo CLDN5 IL1R1,0.34788651742998666,Endo CLDN5 IL1R1,
GTAGGAGAGAGAATCT-1,10,Micro P2RY12 APBB1IP,0.7645133116205552,Micro P2RY12 APBB1IP,
GTAGGAGCACTGAATC-1,4,Oligo MOG OPALIN,0.973308249993933,Oligo MOG OPALIN,
GTAGGAGGTTCCTTGC-1,8,Oligo MOG OPALIN,0.9999956113680717,Oligo MOG OPALIN,
GTAGGAGTCTGCGAGC-1,6,Oligo MOG FRY,0.96631075608908,Oligo MOG OPALIN,
GTAGGTTGTTGCTAGT-1,9,OPC PDGFRA PCDH15,0.9999999979993461,OPC PDGFRA PCDH15,
GTAGTACAGATGAAGG-1,5,Oligo MOG OPALIN,0.6601362496823308,Endo CLDN5 IL1R1,
GTAGTACAGCCTAACT-1,11,Oligo MOG GSN,0.9999999918054904,Oligo MOG GSN,
GTAGTACTCATCACCC-1,1,InN SST FREM1,0.4244296088639633,Endo CLDN5 IL1R1,
GTAGTACTCGAACCAT-1,6,Oligo MOG OPALIN,0.9999557808727125,Oligo MOG OPALIN,
GTATTGGCAAAGCTCT-1,11,Oligo MOG GSN,0.9984152890276017,Oligo MOG GSN,
GTATTGGGTTCTTCAT-1,7,Astro AQP4 SLC1A2,0.6384376064434755,Astro GFAP AQP1,
GTATTGGTCCCATACC-1,10,Micro P2RY12 APBB1IP,0.9972447972756548,Micro P2RY12 APBB1IP,
GTCAAACTCAAACGAA-1,11,Oligo MOG GSN,0.9999998146077396,Oligo MOG GSN,
GTCAAACTCGAGGCAA-1,1,Endo CLDN5 IL1R1,0.5928558558789517,Endo CLDN5 IL1R1,
GTCAAGTCATGCCGGT-1,6,OPC PDGFRA PCDH15,0.9999988086992834,Oligo MOG OPALIN,
GTCAGCGAGCGCTGCT-1,4,Oligo MOG OPALIN,0.9999298586875528,Oligo MOG OPALIN,
GTCATCCGTCATTCCC-1,1,Endo CLDN5 IL1R1,0.3082267857868114,Endo CLDN5 IL1R1,
GTCATGACAGATCCTA-1,0,OPC PDGFRA PCDH15,0.9999999999986082,OPC PDGFRA PCDH15,
GTCATGAGTGGGATTG-1,12,InN LAMP5 BMP7,0.9980128032486988,L2-3 CUX2 ACVR1C THSD7A,
GTCATTTAGCACTCAT-1,0,OPC PDGFRA PCDH15,0.9999999999998301,OPC PDGFRA PCDH15,
GTCCACTCATATACCG-1,2,OPC PDGFRA PCDH15,0.9999999999971387,OPC PDGFRA PCDH15,
GTCCACTCATGGGCAA-1,7,Astro AQP4 SLC1A2,0.9123441699232334,Astro GFAP AQP1,
GTCCACTGTTGTAAAG-1,10,Micro P2RY12 GLDN,0.5588222904480645,Micro P2RY12 APBB1IP,
GTCCCATGTCTGCGCA-1,6,Oligo MOG OPALIN,0.9999998232718122,Oligo MOG OPALIN,
GTCCTCACACCTAAAC-1,0,OPC PDGFRA PCDH15,0.9999999999999742,OPC PDGFRA PCDH15,
GTCCTCATCGGCGATC-1,5,Oligo MOG OPALIN,0.5196592950499894,Endo CLDN5 IL1R1,
GTCGAATGTGCCTACG-1,9,OPC PDGFRA PCDH15,0.9997719760473305,OPC PDGFRA PCDH15,
GTCGCGAAGCAACTCT-1,2,OPC PDGFRA PCDH15,0.9999999999983848,OPC PDGFRA PCDH15,
GTCGTAAGTATCACCA-1,1,Endo CLDN5 IL1R1,0.3380445924398755,Endo CLDN5 IL1R1,
GTCGTTCTCTGTGCAA-1,3,Oligo MOG OPALIN,0.9999979145762068,Oligo MOG OPALIN,
GTCTAGAGTTGTGCAT-1,9,OPC PDGFRA PCDH15,0.9999999999888747,OPC PDGFRA PCDH15,
GTCTCACTCGACATAC-1,0,OPC PDGFRA PCDH15,0.9999999999991798,OPC PDGFRA PCDH15,
GTCTCACTCGCGATCG-1,0,OPC PDGFRA PCDH15,0.9999999999999605,OPC PDGFRA PCDH15,
GTCTGTCGTATCCCTC-1,6,Oligo MOG OPALIN,0.9996597633063651,Oligo MOG OPALIN,
GTCTTTACATTGTGCA-1,0,OPC PDGFRA PCDH15,0.9999999999999647,OPC PDGFRA PCDH15,
GTCTTTATCACTACGA-1,3,Oligo MOG OPALIN,0.9982494738576878,Oligo MOG OPALIN,
GTGACGCAGCGTTAGG-1,0,OPC PDGFRA PCDH15,0.9999999999999107,OPC PDGFRA PCDH15,
GTGACGCAGGTTGAGC-1,0,OPC PDGFRA PCDH15,0.9999999999999696,OPC PDGFRA PCDH15,
GTGACGCCAGGTGTGA-1,6,Oligo MOG OPALIN,0.9999623510748302,Oligo MOG OPALIN,
GTGACGCGTTCAATCG-1,2,OPC PDGFRA PCDH15,0.999999999938072,OPC PDGFRA PCDH15,
GTGACGCTCAAGAAAC-1,2,OPC PDGFRA PCDH15,0.9999999999987699,OPC PDGFRA PCDH15,
GTGAGTTAGACATAGT-1,2,OPC PDGFRA PCDH15,0.9999999999998863,OPC PDGFRA PCDH15,
GTGAGTTAGTAGCTCT-1,5,InN LAMP5 ADAMTS20,0.9975791698132315,Endo CLDN5 IL1R1,
GTGCACGTCGAACCTA-1,10,Micro P2RY12 APBB1IP,0.9982933842745201,Micro P2RY12 APBB1IP,
GTGCACGTCTGGGCAC-1,1,Endo CLDN5 IL1R1,0.5465425946408404,Endo CLDN5 IL1R1,
GTGCTGGTCCACACCT-1,7,Astro GFAP AQP1,0.6813772802554672,Astro GFAP AQP1,
GTGCTTCCATGCGTGC-1,8,Oligo MOG OPALIN,0.9999888071891123,Oligo MOG OPALIN,
GTGCTTCGTCTAGGTT-1,2,OPC PDGFRA PCDH15,0.9999999987459891,OPC PDGFRA PCDH15,
GTGGAAGCAACCAACT-1,1,Endo CLDN5 IL1R1,0.32533150426960034,Endo CLDN5 IL1R1,
GTGGAAGCAATAGGAT-1,6,Oligo MOG OPALIN,0.999627006619901,Oligo MOG OPALIN,
GTGGAAGCAGAGTCAG-1,0,OPC PDGFRA PCDH15,0.9999999999989915,OPC PDGFRA PCDH15,
GTGGAGAGTGTGTTTG-1,15,T SKAP1 CD247,0.9996503419772187,T SKAP1 CD247,
GTGGCGTGTAACATGA-1,7,Astro AQP4 SLC1A2,0.36183724102649567,Astro GFAP AQP1,
GTGGGAAAGAGAGAAC-1,3,Oligo MOG FRY,0.9977465903171419,Oligo MOG OPALIN,
GTGTCCTGTACCACGC-1,8,Oligo MOG OPALIN,0.9971613355244974,Oligo MOG OPALIN,
GTGTGATCAAAGCTCT-1,3,Oligo MOG OPALIN,0.6931058675843923,Oligo MOG OPALIN,
GTGTGGCCAACCGCTG-1,2,OPC PDGFRA PCDH15,0.9999999999852236,OPC PDGFRA PCDH15,
GTGTGGCTCATGTCTT-1,4,Oligo MOG GSN,0.9999997044132839,Oligo MOG OPALIN,
GTGTTAGAGCTTACGT-1,1,Endo CLDN5 IL1R1,0.878427163234336,Endo CLDN5 IL1R1,
GTGTTAGTCGACCTAA-1,0,OPC PDGFRA PCDH15,0.9999999999999385,OPC PDGFRA PCDH15,
GTTACAGGTACCGTCG-1,9,OPC PDGFRA PCDH15,0.9999999999945381,OPC PDGFRA PCDH15,
GTTACAGGTTCTCCCA-1,4,Oligo MOG GSN,0.7907507103999769,Oligo MOG OPALIN,
GTTAGACAGGAGTACC-1,14,OPC PDGFRA PCDH15,0.9996702535930074,OPC PDGFRA PCDH15,
GTTAGACCAAAGAGTT-1,4,Oligo MOG GSN,0.9348272229978294,Oligo MOG OPALIN,
GTTAGTGCAACCGGAA-1,9,OPC PDGFRA PCDH15,0.9999999835123192,OPC PDGFRA PCDH15,
GTTCATTAGCTCGTGC-1,6,Oligo MOG OPALIN,0.9999998010153409,Oligo MOG OPALIN,
GTTCATTTCAAGTTGC-1,0,OPC PDGFRA PCDH15,0.9999999999977429,OPC PDGFRA PCDH15,
GTTCATTTCGAATGCT-1,12,InN LAMP5 LHX6 PROX1,0.7083202999800977,L2-3 CUX2 ACVR1C THSD7A,
GTTCCGTAGGTGAGAA-1,5,InN SST FREM1,0.41673473547165085,Endo CLDN5 IL1R1,
GTTCCGTGTATTTCTC-1,4,Oligo MOG OPALIN,0.9715812558298863,Oligo MOG OPALIN,
GTTCTATGTATTAAGG-1,1,Endo CLDN5 IL1R1,0.33452469197869306,Endo CLDN5 IL1R1,
GTTCTATGTTCCGCGA-1,9,OPC PDGFRA PCDH15,0.9999999999990925,OPC PDGFRA PCDH15,
GTTGCGGCAAAGCAAT-1,5,Endo CLDN5 IL1R1,0.6756616734754969,Endo CLDN5 IL1R1,
GTTGCGGCACAGCCAC-1,13,PC P2RY14 GRM8,0.9999999966418511,PC P2RY14 GRM8,
GTTGCGGCATACACCA-1,5,Endo CLDN5 IL1R1,0.6913121387295845,Endo CLDN5 IL1R1,
GTTGCGGGTCTGCATA-1,0,OPC PDGFRA PCDH15,0.9999999999838878,OPC PDGFRA PCDH15,
GTTGCGGTCCTAGCCT-1,8,Oligo MOG OPALIN,0.9999962267741616,Oligo MOG OPALIN,
GTTGCGGTCGTTGTAG-1,4,Oligo MOG GSN,0.9998601108630834,Oligo MOG OPALIN,
GTTGCGGTCTAGACCA-1,9,OPC PDGFRA PCDH15,0.999999999999797,OPC PDGFRA PCDH15,
GTTGCTCTCTTTCGAT-1,0,OPC PDGFRA PCDH15,0.9999999999965317,OPC PDGFRA PCDH15,
TAACACGAGTCACGCC-1,2,OPC PDGFRA PCDH15,0.9999999999990199,OPC PDGFRA PCDH15,
TAACACGCAAGGAGTC-1,3,Oligo MOG OPALIN,0.9998902124642246,Oligo MOG OPALIN,
TAACACGCAATTGCCA-1,8,Oligo MOG GSN,0.9985864671190584,Oligo MOG OPALIN,
TAACACGTCAATGTCG-1,3,Oligo MOG OPALIN,0.9997861818385265,Oligo MOG OPALIN,
TAACCAGAGTTGAATG-1,10,Micro P2RY12 GLDN,0.9971507960210535,Micro P2RY12 APBB1IP,
TAACGACTCACTCGAA-1,10,Micro P2RY12 GLDN,0.9987177041493022,Micro P2RY12 APBB1IP,
TAAGCGTCACACGTGC-1,6,Oligo MOG OPALIN,0.9999994916833216,Oligo MOG OPALIN,
TAAGCGTCAGGGTCTC-1,5,Endo CLDN5 IL1R1,0.5497217425696402,Endo CLDN5 IL1R1,
TAAGCGTTCAGGACAG-1,0,OPC PDGFRA PCDH15,0.999999999999932,OPC PDGFRA PCDH15,
TAAGTCGGTGGATCAG-1,4,Oligo MOG OPALIN,0.9999388195022103,Oligo MOG OPALIN,
TAATCTCAGGTCACAG-1,0,OPC PDGFRA PCDH15,0.9999999999999272,OPC PDGFRA PCDH15,
TAATCTCCATTGACTG-1,5,Endo CLDN5 SLC7A5,0.4760331872458509,Endo CLDN5 IL1R1,
TACAACGCAGGATCTT-1,5,Endo CLDN5 IL1R1,0.33848063134013784,Endo CLDN5 IL1R1,
TACACCCGTCATCTAG-1,2,OPC PDGFRA PCDH15,0.9999999999999976,OPC PDGFRA PCDH15,
TACCCGTGTGCTTATG-1,0,OPC PDGFRA PCDH15,0.9999999999992646,OPC PDGFRA PCDH15,
TACCCGTTCATTGGTG-1,7,Astro GFAP AQP1,0.8787955665675053,Astro GFAP AQP1,
TACCGAACAGCGACCT-1,1,Endo CLDN5 IL1R1,0.32855789585026857,Endo CLDN5 IL1R1,
TACGCTCCACATAGCT-1,3,Oligo MOG OPALIN,0.9949374849455461,Oligo MOG OPALIN,
TACGGTACATCGCTAA-1,11,Oligo MOG GSN,0.999884732489153,Oligo MOG GSN,
TACTGCCAGATTCGCT-1,0,OPC PDGFRA PCDH15,0.9999999999986084,OPC PDGFRA PCDH15,
TACTGCCAGGTCACCC-1,6,Oligo MOG OPALIN,0.9999942439075458,Oligo MOG OPALIN,
TACTTACGTATGACAA-1,15,T SKAP1 CD247,0.9999999992847133,T SKAP1 CD247,
TACTTCAAGTGATAAC-1,7,Astro AQP4 SLC1A2,0.9327559621350299,Astro GFAP AQP1,
TACTTCATCACCCTGT-1,10,Micro P2RY12 CCL3,0.8006461424458486,Micro P2RY12 APBB1IP,
TACTTGTGTCAGTCCG-1,14,OPC PDGFRA PCDH15,0.9999442361406282,OPC PDGFRA PCDH15,
TACTTGTGTCGCTCGA-1,1,Endo CLDN5 IL1R1,0.3798184311798132,Endo CLDN5 IL1R1,
TAGACCACAAGAGGTC-1,1,Endo CLDN5 IL1R1,0.5179074545309093,Endo CLDN5 IL1R1,
TAGACCAGTAACTAAG-1,13,Endo CLDN5 IL1R1,0.9999918631792837,PC P2RY14 GRM8,
TAGACTGTCACTGTTT-1,7,Astro GFAP FABP7,0.3059386455353703,Astro GFAP AQP1,
TAGAGTCAGCACTCCG-1,5,Oligo MOG OPALIN,0.34837194835690805,Endo CLDN5 IL1R1,
TAGAGTCCATGAAGGC-1,1,Endo CLDN5 IL1R1,0.34735169347823475,Endo CLDN5 IL1R1,
TAGATCGAGTATGATG-1,1,Endo CLDN5 IL1R1,0.3451858578038605,Endo CLDN5 IL1R1,
TAGCACACAAGAATGT-1,0,OPC PDGFRA PCDH15,0.9999999999999967,OPC PDGFRA PCDH15,
TAGGAGGAGCTCATAC-1,0,OPC PDGFRA PCDH15,0.9999999999998699,OPC PDGFRA PCDH15,
TAGGAGGGTACGTACT-1,0,OPC PDGFRA PCDH15,0.9999999999997402,OPC PDGFRA PCDH15,
TAGGAGGGTCCAAAGG-1,8,Oligo MOG OPALIN,0.9856551075577547,Oligo MOG OPALIN,
TAGGTACAGGGCGAGA-1,8,Oligo MOG OPALIN,0.9999668023702873,Oligo MOG OPALIN,
TATACCTTCTTACCGC-1,1,PC P2RY14 GRM8,0.5460436904699638,Endo CLDN5 IL1R1,
TATCAGGCATTGTCGA-1,1,Endo CLDN5 IL1R1,0.31757604660228395,Endo CLDN5 IL1R1,
TATCCTAAGTGCTAGG-1,4,Oligo MOG OPALIN,0.8897027489610134,Oligo MOG OPALIN,
TATCGCCTCTCTTGCG-1,9,OPC PDGFRA PCDH15,0.9999999936792667,OPC PDGFRA PCDH15,
TATCTTGGTTGCATGT-1,5,Endo CLDN5 IL1R1,0.4392337419253794,Endo CLDN5 IL1R1,
TATCTTGTCGGATACT-1,9,OPC PDGFRA PCDH15,0.9999999999795148,OPC PDGFRA PCDH15,
TATGTTCAGGAGACCT-1,2,OPC PDGFRA PCDH15,0.9999999999982709,OPC PDGFRA PCDH15,
TATGTTCGTCCAGGTC-1,4,Oligo MOG OPALIN,0.9998482223538796,Oligo MOG OPALIN,
TATGTTCTCCTACGGG-1,0,OPC PDGFRA PCDH15,0.9999999999999332,OPC PDGFRA PCDH15,
TATTCCAGTAGTCACT-1,5,Oligo MOG OPALIN,0.7184342197273774,Endo CLDN5 IL1R1,
TATTGCTGTGATTAGA-1,1,Endo CLDN5 IL1R1,0.5123847187118271,Endo CLDN5 IL1R1,
TATTTCGGTACAAGCG-1,0,OPC PDGFRA PCDH15,0.9999999999471518,OPC PDGFRA PCDH15,
TCAAGCACATCTGCGG-1,0,OPC PDGFRA PCDH15,0.999999999999996,OPC PDGFRA PCDH15,
TCAAGCAGTGGGTATG-1,12,InN LAMP5 RELN,0.9288616805392943,L2-3 CUX2 ACVR1C THSD7A,
TCAAGCAGTTCGCGTG-1,6,Oligo MOG OPALIN,0.9998824346167975,Oligo MOG OPALIN,
TCAAGTGAGACCAAAT-1,9,OPC PDGFRA PCDH15,0.9999999987633283,OPC PDGFRA PCDH15,
TCAAGTGTCGTAGCTA-1,5,InN PVALB HPSE,0.8143570133196135,Endo CLDN5 IL1R1,
TCAATCTAGACCTCCG-1,2,OPC PDGFRA PCDH15,0.9999999999999982,OPC PDGFRA PCDH15,
TCAATCTCAGGAATAT-1,6,Oligo MOG OPALIN,0.9995634353148098,Oligo MOG OPALIN,
TCAATTCCATGGCACC-1,0,OPC PDGFRA PCDH15,0.9999999999999949,OPC PDGFRA PCDH15,
TCACACCAGATAGTCA-1,6,Oligo MOG OPALIN,0.9999996497326292,Oligo MOG OPALIN,
TCACACCAGTATGCAA-1,4,Oligo MOG OPALIN,0.999944451495914,Oligo MOG OPALIN,
TCACATTCAACGTTAC-1,7,Astro AQP4 OSMR,0.35009402912409604,Astro GFAP AQP1,
TCACGCTCACGTGAGA-1,5,L2-3 CUX2 ACVR1C THSD7A,0.31836916195556725,Endo CLDN5 IL1R1,
TCACTATAGCATCAGG-1,12,L2-3 CUX2 ACVR1C THSD7A,0.8527453420071593,L2-3 CUX2 ACVR1C THSD7A,
TCACTATTCTGAGGTT-1,0,OPC PDGFRA PCDH15,0.9999999999999705,OPC PDGFRA PCDH15,
TCACTCGGTTGTTGCA-1,10,Micro P2RY12 APBB1IP,0.7832605959727125,Micro P2RY12 APBB1IP,
TCAGCAACAAGCCCAC-1,0,OPC PDGFRA PCDH15,0.999999999981027,OPC PDGFRA PCDH15,
TCAGCCTAGACGGAAA-1,11,Oligo MOG GSN,0.9999473229925133,Oligo MOG GSN,
TCAGGTATCATTGCGA-1,1,Endo CLDN5 IL1R1,0.42316697618665894,Endo CLDN5 IL1R1,
TCAGTGATCTAGCCAA-1,3,Oligo MOG OPALIN,0.9999923061247651,Oligo MOG OPALIN,
TCAGTTTAGTTCCGGC-1,13,PC P2RY14 GRM8,0.9999986934259114,PC P2RY14 GRM8,
TCAGTTTGTGGACTGA-1,3,Oligo MOG OPALIN,0.9959900121676551,Oligo MOG OPALIN,
TCAGTTTGTTTCACAG-1,0,OPC PDGFRA PCDH15,0.9999999999991798,OPC PDGFRA PCDH15,
TCAGTTTTCCAAGCCG-1,1,InN VIP EXPH5,0.35457179720396953,Endo CLDN5 IL1R1,
TCATACTGTGTTACAC-1,9,OPC PDGFRA PCDH15,0.9999999999566316,OPC PDGFRA PCDH15,
TCATATCCAAGAGGCT-1,4,Oligo MOG OPALIN,0.9999890721891348,Oligo MOG OPALIN,
TCATATCTCTAGCCTC-1,4,Oligo MOG GSN,0.9627805567642547,Oligo MOG OPALIN,
TCATCATAGCACTCTA-1,0,OPC PDGFRA PCDH15,0.9999999999949287,OPC PDGFRA PCDH15,
TCATCATAGGCCCGTT-1,2,OPC PDGFRA PCDH15,0.9999999999997766,OPC PDGFRA PCDH15,
TCATCCGAGAGGCGTT-1,4,Oligo MOG OPALIN,0.9991740791732189,Oligo MOG OPALIN,
TCATCCGCACCGGCTA-1,2,OPC PDGFRA PCDH15,0.9999999999999887,OPC PDGFRA PCDH15,
TCATGAGCATAGGTTC-1,2,OPC PDGFRA PCDH15,0.9999999999199225,OPC PDGFRA PCDH15,
TCATGGAAGGCAGGTT-1,1,Endo CLDN5 IL1R1,0.4571100360969983,Endo CLDN5 IL1R1,
TCATGGACAACTGTGT-1,0,OPC PDGFRA PCDH15,0.9999999999999987,OPC PDGFRA PCDH15,
TCATGTTGTCAACACT-1,3,Oligo MOG FRY,0.5848706334183643,Oligo MOG OPALIN,
TCATGTTTCTACTGCC-1,1,Endo CLDN5 IL1R1,0.33519508259682756,Endo CLDN5 IL1R1,
TCATTACAGTTAGTAG-1,0,OPC PDGFRA PCDH15,0.9999999999999767,OPC PDGFRA PCDH15,
TCATTGTAGCATCAGG-1,4,Oligo MOG OPALIN,0.9999825511470348,Oligo MOG OPALIN,
TCCACGTCAAGTCCAT-1,13,VLMC COL1A2 VLMCA8,0.5562420250852261,PC P2RY14 GRM8,
TCCACGTCAGCCCACA-1,9,OPC PDGFRA PCDH15,0.9999999990612436,OPC PDGFRA PCDH15,
TCCACGTGTCTTGCGG-1,2,OPC PDGFRA PCDH15,0.9999999999946341,OPC PDGFRA PCDH15,
TCCAGAATCCACACAA-1,9,OPC PDGFRA PCDH15,0.9999999939733559,OPC PDGFRA PCDH15,
TCCATCGGTTAGAGAT-1,2,OPC PDGFRA PCDH15,0.9999999999999114,OPC PDGFRA PCDH15,
TCCATCGGTTCAGCGC-1,3,Oligo MOG OPALIN,0.9982348521127348,Oligo MOG OPALIN,
TCCCACACAATGGCAG-1,0,OPC PDGFRA PCDH15,0.9999999999999976,OPC PDGFRA PCDH15,
TCCCACAGTTGCTGAT-1,0,OPC PDGFRA PCDH15,0.9999999999967975,OPC PDGFRA PCDH15,
TCCCAGTAGATGTTCC-1,0,OPC PDGFRA PCDH15,0.999999999999986,OPC PDGFRA PCDH15,
TCCCAGTAGCTAATCC-1,4,Oligo MOG GSN,0.917619032828945,Oligo MOG OPALIN,
TCCGGGAGTCGCTGCA-1,12,L3-5 RORB MKX DCC,0.9234708043498869,L2-3 CUX2 ACVR1C THSD7A,
TCCGGGATCATTACGG-1,2,OPC PDGFRA PCDH15,0.999999999998074,OPC PDGFRA PCDH15,
TCCTAATAGTGAGGTC-1,4,Oligo MOG OPALIN,0.9999991380422606,Oligo MOG OPALIN,
TCCTAATGTACGGGAT-1,7,Astro AQP4 OSMR,0.9999485743529523,Astro GFAP AQP1,
TCCTGCAAGGGTCACA-1,6,Oligo MOG OPALIN,0.9999858659864357,Oligo MOG OPALIN,
TCCTGCAAGTTGGACG-1,2,OPC PDGFRA PCDH15,0.999999999999988,OPC PDGFRA PCDH15,
TCCTGCACATCGCTGG-1,4,Oligo MOG OPALIN,0.999863204741876,Oligo MOG OPALIN,
TCCTTCTGTGATACAA-1,1,Endo CLDN5 IL1R1,0.39311778192136454,Endo CLDN5 IL1R1,
TCCTTCTGTTTCTATC-1,10,Micro P2RY12 APBB1IP,0.9777592389946849,Micro P2RY12 APBB1IP,
TCGAAGTTCAATCTTC-1,9,OPC PDGFRA PCDH15,0.8915177148233712,OPC PDGFRA PCDH15,
TCGACCTGTGTATCCA-1,6,Oligo MOG OPALIN,0.9988866942333031,Oligo MOG OPALIN,
TCGACCTGTTTCCAAG-1,6,Oligo MOG FRY,0.7265252987866243,Oligo MOG OPALIN,
TCGACGGAGCGAAACC-1,1,Endo CLDN5 IL1R1,0.4010413777624761,Endo CLDN5 IL1R1,
TCGATTTCAAATGCTC-1,5,Oligo MOG OPALIN,0.6855609748248233,Endo CLDN5 IL1R1,
TCGATTTCACTTGTCC-1,5,Endo CLDN5 IL1R1,0.4205724377850368,Endo CLDN5 IL1R1,
TCGATTTGTGGACCTC-1,2,OPC PDGFRA PCDH15,0.9999999999999707,OPC PDGFRA PCDH15,
TCGCACTAGTGTAGAT-1,7,Astro GFAP AQP1,0.6509054833063664,Astro GFAP AQP1,
TCGCAGGGTTCTCGTC-1,2,OPC PDGFRA PCDH15,0.9999999999999125,OPC PDGFRA PCDH15,
TCGCTTGGTGATACAA-1,5,L2-3 CUX2 NTNG1 PALMD,0.5936357235932606,Endo CLDN5 IL1R1,
TCGCTTGTCAATCGGT-1,4,Oligo MOG GSN,0.606270262772832,Oligo MOG OPALIN,
TCGCTTGTCATAGACC-1,6,Oligo MOG FRY,0.9720278537860457,Oligo MOG OPALIN,
TCGGATAAGTTCTACG-1,9,OPC PDGFRA PCDH15,0.9999999999865072,OPC PDGFRA PCDH15,
TCGGGCAAGGCCTTGC-1,7,Astro GFAP AQP1,0.9315519974157983,Astro GFAP AQP1,
TCGGGCATCTATCGTT-1,2,OPC PDGFRA PCDH15,0.9999999999995177,OPC PDGFRA PCDH15,
TCGGGCATCTTCTGGC-1,0,OPC PDGFRA PCDH15,0.9999999999998277,OPC PDGFRA PCDH15,
TCGGGTGAGCACCGTC-1,9,OPC PDGFRA PCDH15,0.9999999974822438,OPC PDGFRA PCDH15,
TCGGGTGGTACATTGC-1,10,Micro P2RY12 APBB1IP,0.9744027197430718,Micro P2RY12 APBB1IP,
TCGTAGAAGACTTCGT-1,4,Oligo MOG OPALIN,0.9999973609463191,Oligo MOG OPALIN,
TCGTAGAAGGCGTTAG-1,6,Oligo MOG FRY,0.9942138570464308,Oligo MOG OPALIN,
TCGTAGATCGCGTGAC-1,6,Oligo MOG OPALIN,0.9999984291002785,Oligo MOG OPALIN,
TCGTCCACACCTTCCA-1,5,Endo CLDN5 IL1R1,0.3600249523165319,Endo CLDN5 IL1R1,
TCGTGCTCAACTTGGT-1,8,Oligo MOG GSN,0.9993540817999527,Oligo MOG OPALIN,
TCGTGGGCAACGTTAC-1,0,OPC PDGFRA PCDH15,0.9999999999978704,OPC PDGFRA PCDH15,
TCTAACTAGATGCAGC-1,0,OPC PDGFRA PCDH15,0.9999999999999774,OPC PDGFRA PCDH15,
TCTAACTAGCACTCAT-1,0,OPC PDGFRA PCDH15,0.9999999999996305,OPC PDGFRA PCDH15,
TCTAACTCAGGAAGTC-1,11,Oligo MOG GSN,0.9997815006453781,Oligo MOG GSN,
TCTAACTTCTGCCTGT-1,1,Endo CLDN5 IL1R1,0.43491062440263717,Endo CLDN5 IL1R1,
TCTACCGTCGACCCAG-1,7,Astro GFAP AQP1,0.7063648234107268,Astro GFAP AQP1,
TCTATCATCATGCATG-1,0,OPC PDGFRA PCDH15,0.9999999999998803,OPC PDGFRA PCDH15,
TCTCACGCAATCAAGA-1,5,Endo CLDN5 IL1R1,0.623131949291787,Endo CLDN5 IL1R1,
TCTCACGTCGCATAGT-1,1,Endo CLDN5 IL1R1,0.5563309435607466,Endo CLDN5 IL1R1,
TCTCAGCAGCCACTCG-1,4,Oligo MOG OPALIN,0.9961232602640475,Oligo MOG OPALIN,
TCTCCGAAGGTACCTT-1,0,OPC PDGFRA PCDH15,0.9999999999999629,OPC PDGFRA PCDH15,
TCTCCGAGTATGCGTT-1,4,Oligo MOG GSN,0.9869128561123004,Oligo MOG OPALIN,
TCTCTGGGTTGCGGAA-1,0,OPC PDGFRA PCDH15,0.9999999999999898,OPC PDGFRA PCDH15,
TCTGCCAGTTCTCGCT-1,5,Endo CLDN5 IL1R1,0.3184121574423158,Endo CLDN5 IL1R1,
TCTGGCTCATTCATCT-1,0,OPC PDGFRA PCDH15,0.9999999999999847,OPC PDGFRA PCDH15,
TCTGGCTTCATTGAGC-1,14,OPC PDGFRA PCDH15,0.9999999439517173,OPC PDGFRA PCDH15,
TCTGTCGTCGCCTATC-1,15,T SKAP1 CD247,0.999999998269965,T SKAP1 CD247,
TCTTCCTTCTCTCTAA-1,4,Oligo MOG GSN,0.9377194767415874,Oligo MOG OPALIN,
TCTTGCGCAAGCGCAA-1,3,Oligo MOG OPALIN,0.9999952919496213,Oligo MOG OPALIN,
TGAACGTAGCGAGGAG-1,9,OPC PDGFRA PCDH15,0.9999999999910238,OPC PDGFRA PCDH15,
TGAATCGCAGTCGGAA-1,7,Astro GFAP FABP7,0.9881622356211245,Astro GFAP AQP1,
TGAATCGCATGACGTT-1,4,Oligo MOG GSN,0.9993560517113936,Oligo MOG OPALIN,
TGAATCGTCCCTATTA-1,0,OPC PDGFRA PCDH15,0.9999999999974813,OPC PDGFRA PCDH15,
TGAATCGTCCCTCGAT-1,6,Oligo MOG OPALIN,0.8347051758172463,Oligo MOG OPALIN,
TGAATGCCAAGTCCCG-1,8,Oligo MOG OPALIN,0.9991466109627583,Oligo MOG OPALIN,
TGAATGCCACCACATA-1,6,Oligo MOG OPALIN,0.9999680584070637,Oligo MOG OPALIN,
TGACGCGGTTAACCTG-1,0,OPC PDGFRA PCDH15,0.9999999999464602,OPC PDGFRA PCDH15,
TGACTCCGTGATGTAA-1,3,Oligo MOG OPALIN,0.9997107776587144,Oligo MOG OPALIN,
TGACTCCGTTAAGCAA-1,1,InN SST ADAMTSL1,0.38585562605012363,Endo CLDN5 IL1R1,
TGAGACTCATAGGTAA-1,7,Astro GFAP AQP1,0.8895807801542306,Astro GFAP AQP1,
TGAGCATAGACATATG-1,8,Oligo MOG OPALIN,0.9994342655424607,Oligo MOG OPALIN,
TGAGCGCAGTGCCTCG-1,3,Oligo MOG OPALIN,0.9985634091063481,Oligo MOG OPALIN,
TGAGCGCGTCAGTCGC-1,9,OPC PDGFRA PCDH15,0.9999999534271238,OPC PDGFRA PCDH15,
TGAGCGCTCGGCTCTT-1,8,Oligo MOG GSN,0.9998590883317616,Oligo MOG OPALIN,
TGAGCGCTCGTTCTCG-1,2,OPC PDGFRA PCDH15,0.999999983721273,OPC PDGFRA PCDH15,
TGAGGAGAGACCATGG-1,11,Oligo MOG GSN,0.9999919179885824,Oligo MOG GSN,
TGAGTCACAGCGATTT-1,7,Astro GFAP FABP7,0.9962081855032838,Astro GFAP AQP1,
TGAGTCATCCCAGCGA-1,7,Astro GFAP FABP7,0.5395187030682775,Astro GFAP AQP1,
TGAGTCATCGTAACCA-1,2,OPC PDGFRA PCDH15,0.9999999999999982,OPC PDGFRA PCDH15,
TGATCAGTCCATCCGT-1,4,Oligo MOG OPALIN,0.9909675708061992,Oligo MOG OPALIN,
TGATGCAGTACTGACT-1,6,Oligo MOG OPALIN,0.9375790456062201,Oligo MOG OPALIN,
TGATTTCCAGGCGTTC-1,0,OPC PDGFRA PCDH15,0.999999999986604,OPC PDGFRA PCDH15,
TGATTTCCATCCTTGC-1,1,Endo CLDN5 IL1R1,0.4318392745039464,Endo CLDN5 IL1R1,
TGATTTCTCGGTGAAG-1,7,Astro GFAP AQP1,0.9919987039135648,Astro GFAP AQP1,
TGATTTCTCTTTCCGG-1,0,OPC PDGFRA PCDH15,0.9999999999999873,OPC PDGFRA PCDH15,
TGCACGGGTGATGTAA-1,6,Oligo MOG OPALIN,0.9799766248146303,Oligo MOG OPALIN,
TGCACGGTCCGATCGG-1,14,OPC PDGFRA PCDH15,0.9999999999935008,OPC PDGFRA PCDH15,
TGCAGGCTCGAGTCCG-1,14,OPC PDGFRA PCDH15,0.999994483373234,OPC PDGFRA PCDH15,
TGCAGTACACTACAGT-1,0,OPC PDGFRA PCDH15,0.9999999999996168,OPC PDGFRA PCDH15,
TGCAGTATCCTTGAAG-1,11,Oligo MOG GSN,0.9999991440892727,Oligo MOG GSN,
TGCATGAAGATGGTCG-1,2,OPC PDGFRA PCDH15,0.9999999999998272,OPC PDGFRA PCDH15,
TGCATGATCCAAGCCG-1,0,OPC PDGFRA PCDH15,0.9999999999999922,OPC PDGFRA PCDH15,
TGCATGATCTCCAAGA-1,3,Oligo MOG OPALIN,0.9999376338404482,Oligo MOG OPALIN,
TGCCGAGAGACGATAT-1,12,L3-5 RORB MKX DCC,0.6880163794541584,L2-3 CUX2 ACVR1C THSD7A,
TGCCGAGGTCAGGAGT-1,0,OPC PDGFRA PCDH15,0.9999999999999987,OPC PDGFRA PCDH15,
TGCGGCACACTCAAGT-1,4,Oligo MOG OPALIN,0.9985719618846216,Oligo MOG OPALIN,
TGCGGCACAGCGATTT-1,2,OPC PDGFRA PCDH15,0.9999999999198763,OPC PDGFRA PCDH15,
TGCGGGTAGTGCTCGC-1,4,Oligo MOG OPALIN,0.999190210406626,Oligo MOG OPALIN,
TGCTCCATCGGTCACG-1,3,Oligo MOG OPALIN,0.8962153286631114,Oligo MOG OPALIN,
TGCTCGTCAAGCACCC-1,4,Oligo MOG OPALIN,0.9520968831404691,Oligo MOG OPALIN,
TGCTGAAAGACGAGCT-1,6,Oligo MOG OPALIN,0.9986334053321962,Oligo MOG OPALIN,
TGCTGAATCGCCGATG-1,6,Oligo MOG OPALIN,0.9999415781209999,Oligo MOG OPALIN,
TGCTTCGCACAAATGA-1,5,Oligo MOG OPALIN,0.30525951572664684,Endo CLDN5 IL1R1,
TGCTTGCAGGTCACTT-1,12,L2-3 CUX2 ACVR1C INHBA,0.6159967913633915,L2-3 CUX2 ACVR1C THSD7A,
TGCTTGCCATAAGCAA-1,2,OPC PDGFRA PCDH15,0.9999999999999982,OPC PDGFRA PCDH15,
TGCTTGCTCTTACTGT-1,3,Oligo MOG OPALIN,0.9999169281014378,Oligo MOG OPALIN,
TGGAGGATCCAACCAA-1,0,OPC PDGFRA PCDH15,0.9999999999999913,OPC PDGFRA PCDH15,
TGGATCAAGCACACCC-1,4,Oligo MOG OPALIN,0.9964261057882351,Oligo MOG OPALIN,
TGGATCAAGCTGGAGT-1,0,OPC PDGFRA PCDH15,0.9999999999945957,OPC PDGFRA PCDH15,
TGGATGTGTAGCTTGT-1,13,VLMC COL1A2 VLMCA8,0.9998570874109117,PC P2RY14 GRM8,
TGGCGTGCACGACAGA-1,13,Endo CLDN5 SLC7A5,0.9004671224194244,PC P2RY14 GRM8,
TGGGAAGGTCCAGCAC-1,7,Astro GFAP AQP1,0.8219949851970163,Astro GFAP AQP1,
TGGGATTAGTGTAGAT-1,7,Astro GFAP AQP1,0.34479555225471586,Astro GFAP AQP1,
TGGGCGTAGAATCTAG-1,8,Oligo MOG OPALIN,0.9910174037183008,Oligo MOG OPALIN,
TGGGCGTGTCATGCAT-1,5,InN SST FREM1,0.4941208265058186,Endo CLDN5 IL1R1,
TGGGCGTGTGAATAAC-1,5,Oligo MOG OPALIN,0.46820682645007844,Endo CLDN5 IL1R1,
TGGGTTAGTAGTCTGT-1,4,Oligo MOG OPALIN,0.917334729754194,Oligo MOG OPALIN,
TGGTAGTCACAATTCG-1,4,Oligo MOG OPALIN,0.9994854070172287,Oligo MOG OPALIN,
TGGTAGTGTGATTGGG-1,3,Oligo MOG OPALIN,0.9999746145000817,Oligo MOG OPALIN,
TGGTAGTGTTGACTGT-1,13,PC P2RY14 GRM8,0.9998849982498245,PC P2RY14 GRM8,
TGGTTAGAGCGACAGT-1,8,Oligo MOG OPALIN,0.9999508413570547,Oligo MOG OPALIN,
TGGTTAGTCAGACCTA-1,0,OPC PDGFRA PCDH15,0.9999999999999807,OPC PDGFRA PCDH15,
TGGTTAGTCGAAGCCC-1,5,InN SST FREM1,0.5384989581512737,Endo CLDN5 IL1R1,
TGTAGACCAGTTGAAA-1,2,OPC PDGFRA PCDH15,0.9999999999999643,OPC PDGFRA PCDH15,
TGTCAGACACTAGAGG-1,1,Endo CLDN5 IL1R1,0.3827263719355766,Endo CLDN5 IL1R1,
TGTCAGACATAAGATG-1,1,Endo CLDN5 IL1R1,0.4910201527396717,Endo CLDN5 IL1R1,
TGTCCACGTTGAGGAC-1,6,Oligo MOG OPALIN,0.9999790864977138,Oligo MOG OPALIN,
TGTCCTGGTATAATGG-1,0,OPC PDGFRA PCDH15,0.9999999999999971,OPC PDGFRA PCDH15,
TGTGAGTGTTGTTGCA-1,9,OPC PDGFRA PCDH15,0.9999993789987798,OPC PDGFRA PCDH15,
TGTGCGGTCAGTCACA-1,5,Endo CLDN5 SLC7A5,0.46250049532439746,Endo CLDN5 IL1R1,
TGTGTGAAGACCATGG-1,7,Astro AQP4 SLC1A2,0.3156666081546365,Astro GFAP AQP1,
TGTTACTTCATACGAC-1,1,Endo CLDN5 IL1R1,0.42312242337095896,Endo CLDN5 IL1R1,
TGTTCATTCCTGGCTT-1,13,PC P2RY14 GRM8,0.999999998394036,PC P2RY14 GRM8,
TGTTCCGAGGACTTCT-1,0,OPC PDGFRA PCDH15,0.999999999999754,OPC PDGFRA PCDH15,
TGTTCCGCAATTGGTC-1,3,Oligo MOG OPALIN,0.999986033130543,Oligo MOG OPALIN,
TGTTCTAGTCATTGCA-1,4,Oligo MOG GSN,0.9996657449832124,Oligo MOG OPALIN,
TGTTCTATCTTACCGC-1,4,Oligo MOG GSN,0.8111747292982158,Oligo MOG OPALIN,
TGTTGAGCAACCCTCT-1,12,L3-5 RORB GABRG1 PTPRO,0.5737356932232249,L2-3 CUX2 ACVR1C THSD7A,
TGTTGGATCCCGTGAG-1,1,Endo CLDN5 IL1R1,0.4975667312684996,Endo CLDN5 IL1R1,
TGTTTGTCAGGATTCT-1,1,Endo CLDN5 IL1R1,0.38353736884684253,Endo CLDN5 IL1R1,
TGTTTGTGTGTTCCAA-1,5,Oligo MOG OPALIN,0.6795044885377616,Endo CLDN5 IL1R1,
TGTTTGTTCGAAGCAG-1,4,Oligo MOG GSN,0.9999593336928592,Oligo MOG OPALIN,
TTACAGGCACTGTCGG-1,6,Oligo MOG OPALIN,0.9992885486856568,Oligo MOG OPALIN,
TTACAGGGTGTGACCC-1,5,Oligo MOG OPALIN,0.43470949914551543,Endo CLDN5 IL1R1,
TTACCGCAGGGTAATT-1,1,Endo CLDN5 IL1R1,0.5801208895602891,Endo CLDN5 IL1R1,
TTACCGCCATCCAACA-1,7,Oligo MOG OPALIN,0.35613293935912493,Astro GFAP AQP1,
TTACGCCCAGGGATAC-1,6,Oligo MOG OPALIN,0.9406193504051698,Oligo MOG OPALIN,
TTACGTTCATAACAGA-1,7,PC P2RY14 GRM8,0.37949217354387826,Astro GFAP AQP1,
TTACGTTTCCATCTAT-1,0,OPC PDGFRA PCDH15,0.999999999999988,OPC PDGFRA PCDH15,
TTACGTTTCGAAGTGG-1,2,OPC PDGFRA PCDH15,0.9999999999870908,OPC PDGFRA PCDH15,
TTACTGTCAAGAGAGA-1,4,Oligo MOG OPALIN,0.9966016418142973,Oligo MOG OPALIN,
TTACTGTGTAAGTAGT-1,15,T SKAP1 CD247,0.9996253513909061,T SKAP1 CD247,
TTACTGTTCCACGGAC-1,4,Oligo MOG OPALIN,0.9998650538609485,Oligo MOG OPALIN,
TTAGGCAGTGGGTCAA-1,2,OPC PDGFRA PCDH15,0.9999999907318063,OPC PDGFRA PCDH15,
TTAGGGTCAGCGATTT-1,11,Oligo MOG GSN,0.999999999809805,Oligo MOG GSN,
TTAGGGTGTCCTGAAT-1,3,Oligo MOG OPALIN,0.9999365818815404,Oligo MOG OPALIN,
TTAGTCTAGGATACAT-1,8,Oligo MOG OPALIN,0.9983088117691139,Oligo MOG OPALIN,
TTAGTCTTCGGCTCTT-1,8,Oligo MOG GSN,0.9823031992246979,Oligo MOG OPALIN,
TTATTGCCAGCAGTAG-1,5,Endo CLDN5 IL1R1,0.43839765835402245,Endo CLDN5 IL1R1,
TTATTGCGTTGCAACT-1,0,OPC PDGFRA PCDH15,0.9999999999999676,OPC PDGFRA PCDH15,
TTCAATCAGGCTTTCA-1,1,Endo CLDN5 IL1R1,0.39762728771250416,Endo CLDN5 IL1R1,
TTCACCGAGACAGCTG-1,0,OPC PDGFRA PCDH15,0.999999999999992,OPC PDGFRA PCDH15,
TTCAGGACACTTGTGA-1,3,Oligo MOG OPALIN,0.9993877008208862,Oligo MOG OPALIN,
TTCAGGACAGCTCATA-1,4,Oligo MOG GSN,0.5277358465095958,Oligo MOG OPALIN,
TTCATGTCACCATTCC-1,5,Endo CLDN5 IL1R1,0.44343691421215664,Endo CLDN5 IL1R1,
TTCATTGGTTTGCCGG-1,0,OPC PDGFRA PCDH15,0.9999999999999984,OPC PDGFRA PCDH15,
TTCCAATTCTAAGCGT-1,0,OPC PDGFRA PCDH15,0.9999999999977025,OPC PDGFRA PCDH15,
TTCCACGAGCGTACAG-1,0,OPC PDGFRA PCDH15,0.999999999999996,OPC PDGFRA PCDH15,
TTCCACGCAGGGCTTC-1,6,Oligo MOG OPALIN,0.9999977227194201,Oligo MOG OPALIN,
TTCCGTGGTTTGATCG-1,5,Oligo MOG OPALIN,0.4088419812245004,Endo CLDN5 IL1R1,
TTCCTTCTCGCAATTG-1,0,OPC PDGFRA PCDH15,0.9999999999999725,OPC PDGFRA PCDH15,
TTCGATTAGGGCCAAT-1,0,OPC PDGFRA PCDH15,0.9999999999930298,OPC PDGFRA PCDH15,
TTCGCTGAGTATGACA-1,3,Oligo MOG OPALIN,0.999850687667925,Oligo MOG OPALIN,
TTCGCTGCATGTCTAG-1,7,Astro GFAP AQP1,0.9710974241763952,Astro GFAP AQP1,
TTCGCTGGTATCGTTG-1,8,Oligo MOG OPALIN,0.8242217487440083,Oligo MOG OPALIN,
TTCGCTGGTTAGTTCG-1,1,InN VIP EXPH5,0.32304770284174256,Endo CLDN5 IL1R1,
TTCGGTCTCGCTTGAA-1,2,OPC PDGFRA PCDH15,0.999999999996785,OPC PDGFRA PCDH15,
TTCTAACCACTGTTCC-1,11,Oligo MOG GSN,0.9999997977572777,Oligo MOG GSN,
TTCTAACTCCACTTTA-1,7,Astro GFAP AQP1,0.4488509630396462,Astro GFAP AQP1,
TTCTAACTCGACGTCG-1,6,Oligo MOG OPALIN,0.9999358552925081,Oligo MOG OPALIN,
TTCTCTCTCGTTAGAC-1,11,Oligo MOG GSN,0.9999989450996464,Oligo MOG GSN,
TTCTTGAAGCAGTAAT-1,3,Oligo MOG OPALIN,0.999999460574687,Oligo MOG OPALIN,
TTCTTGACATAGATGA-1,1,Endo CLDN5 IL1R1,0.4628046596308164,Endo CLDN5 IL1R1,
TTCTTGAGTCTAACTG-1,6,Oligo MOG OPALIN,0.9928551265623892,Oligo MOG OPALIN,
TTGAACGAGTCCCAGC-1,8,Oligo MOG OPALIN,0.9999928212481987,Oligo MOG OPALIN,
TTGAACGAGTTGGAAT-1,9,OPC PDGFRA PCDH15,0.999999999920886,OPC PDGFRA PCDH15,
TTGAACGCACGTCGTG-1,15,T SKAP1 CD247,0.9999999956424426,T SKAP1 CD247,
TTGACCCAGCCAAGCA-1,13,PC P2RY14 GRM8,0.9998573978408111,PC P2RY14 GRM8,
TTGCCTGAGCTGAAGC-1,0,OPC PDGFRA PCDH15,0.999999999999998,OPC PDGFRA PCDH15,
TTGCCTGGTGTTGACT-1,7,Astro GFAP AQP1,0.44308105961915933,Astro GFAP AQP1,
TTGCGTCGTATGCTAC-1,9,OPC PDGFRA PCDH15,0.9999995973171877,OPC PDGFRA PCDH15,
TTGCTGCGTCCACAGC-1,11,Oligo MOG GSN,0.9999839857186756,Oligo MOG GSN,
TTGGATGGTGATATAG-1,6,Oligo MOG OPALIN,0.9528984734393217,Oligo MOG OPALIN,
TTGGGATTCGACACCG-1,14,OPC PDGFRA PCDH15,0.9999999953478451,OPC PDGFRA PCDH15,
TTGGTTTCACACGTGC-1,2,OPC PDGFRA PCDH15,0.9999999999934208,OPC PDGFRA PCDH15,
TTGGTTTGTTTCGTAG-1,2,OPC PDGFRA PCDH15,0.9999999999988973,OPC PDGFRA PCDH15,
TTGTGGACAATTGGTC-1,1,Endo CLDN5 IL1R1,0.490370164374901,Endo CLDN5 IL1R1,
TTGTGGAGTTTACCTT-1,1,Endo CLDN5 IL1R1,0.40034092390866205,Endo CLDN5 IL1R1,
TTGTGTTCAAGAGTGC-1,5,InN VIP EXPH5,0.46700788394622783,Endo CLDN5 IL1R1,
TTGTGTTGTCTTTCAT-1,1,Endo CLDN5 IL1R1,0.4096373508803871,Endo CLDN5 IL1R1,
TTGTGTTTCATGCCCT-1,3,Oligo MOG OPALIN,0.9242103218808875,Oligo MOG OPALIN,
TTGTTCACAACCGATT-1,1,Endo CLDN5 IL1R1,0.6256215692088205,Endo CLDN5 IL1R1,
TTGTTCACAGCGCGTT-1,2,OPC PDGFRA PCDH15,0.9999999999998264,OPC PDGFRA PCDH15,
TTGTTCATCGCTCCTA-1,2,OPC PDGFRA PCDH15,0.999999999999976,OPC PDGFRA PCDH15,
TTGTTTGCAAGAGTTA-1,2,OPC PDGFRA PCDH15,0.9999999999930991,OPC PDGFRA PCDH15,
TTGTTTGTCTACTGAG-1,13,SMC ACTA2 CNN1,0.6530263583859907,PC P2RY14 GRM8,
TTTAGTCCACCGGCTA-1,6,Oligo MOG OPALIN,0.9999980410563089,Oligo MOG OPALIN,
TTTAGTCGTACTGGGA-1,8,Oligo MOG OPALIN,0.9995689168714461,Oligo MOG OPALIN,
TTTAGTCTCCCAAGCG-1,2,OPC PDGFRA PCDH15,0.9999999999997218,OPC PDGFRA PCDH15,
TTTATGCCATCCCACT-1,6,Oligo MOG FRY,0.9996530157147046,Oligo MOG OPALIN,
TTTCACATCATCCTGC-1,0,OPC PDGFRA PCDH15,0.9999999999962985,OPC PDGFRA PCDH15,
TTTCAGTCAGACACAG-1,6,Oligo MOG OPALIN,0.9796865066138336,Oligo MOG OPALIN,
TTTCCTCAGATTACCC-1,4,Oligo MOG OPALIN,0.6546744081206158,Oligo MOG OPALIN,
TTTCCTCCATTAAAGG-1,11,Oligo MOG GSN,0.9999999751977555,Oligo MOG GSN,
TTTCGATAGTCTGTAC-1,2,OPC PDGFRA PCDH15,0.9999999999998652,OPC PDGFRA PCDH15,
TTTGATCAGAGTTGAT-1,0,OPC PDGFRA PCDH15,0.9999999999801206,OPC PDGFRA PCDH15,
TTTGGAGGTTGTATGC-1,6,Oligo MOG OPALIN,0.9999994624102319,Oligo MOG OPALIN,
TTTGTTGCAGTTAGGG-1,1,Endo CLDN5 IL1R1,0.48519998982151774,Endo CLDN5 IL1R1,
