,manual_annotation,ctpt_consensus_prediction,leiden
AAACCCACACAATCTG-1,,Endo CLDN5 SLC7A5,6
AAACCCATCAGTGGGA-1,,SMC ACTA2 CNN1,26
AAACGAAAGGACTTCT-1,,L2-3 CUX2 ACVR1C THSD7A,15
AAACGAAGTCGAGCTC-1,,Endo CLDN5 SLC7A5,2
AAACGAAGTGAGATAT-1,,Endo CLDN5 SLC7A5,8
AAACGAATCACACCCT-1,,InN SST HS3ST5,10
AAACGAATCGGTCGGT-1,,L6 FEZF2 SYT6 PTPRT,17
AAAGAACCAACTGGTT-1,,Endo CLDN5 SLC7A5,2
AAAGGATAGACGTCCC-1,,Endo CLDN5 SLC7A5,0
AAAGGATGTGCTCTTC-1,,InN SST HS3ST5,10
AAAGTCCGTTGTGTTG-1,,Oligo MOG OPALIN,4
AAAGTCCTCTTCACAT-1,,Endo CLDN5 SLC7A5,8
AAATGGACACATGTTG-1,,L2-3 CUX2 NTNG1 PALMD,9
AACAAAGTCGTTCTAT-1,,L6 FEZF2 SYT6 PTPRT,17
AACAACCTCCTCGCAT-1,,Endo CLDN5 SLC7A5,0
AACAACCTCTTCTTCC-1,,Endo CLDN5 SLC7A5,0
AACAAGAAGACCAAGC-1,,Endo CLDN5 SLC7A5,24
AACAAGAGTTTGTTCT-1,,Oligo MOG OPALIN,4
AACACACCACTCCCTA-1,,Endo CLDN5 SLC7A5,0
AACACACTCTTACACT-1,,Endo CLDN5 SLC7A5,13
AACCAACAGCCTCCAG-1,,Astro AQP4 SLC1A2,7
AACCAACCAACTTGCA-1,,Astro AQP4 SLC1A2,11
AACCAACGTGGCTCTG-1,,Endo CLDN5 SLC7A5,8
AACCAACTCGGACTGC-1,,Oligo MOG OPALIN,1
AACCACAAGGGTCACA-1,,Astro AQP4 SLC1A2,7
AACCACATCGGAATTC-1,,Oligo MOG OPALIN,1
AACCATGTCTACCCAC-1,,Astro GFAP AQP1,16
AACCCAACAGCTGTCG-1,,Endo CLDN5 SLC7A5,21
AACCCAACATTGCAAC-1,,InN LAMP5 BMP7,19
AACCCAATCCGTCCTA-1,,PC P2RY14 GRM8,18
AACCTGATCGAAGTGG-1,,Endo CLDN5 SLC7A5,13
AACCTTTAGCTAGTTC-1,,L2-3 CUX2 ACVR1C THSD7A,15
AACCTTTGTGAGGCAT-1,,Oligo MOG OPALIN,4
AACCTTTGTGAGTAAT-1,,Endo CLDN5 SLC7A5,2
AACCTTTGTGTCCAAT-1,,Endo CLDN5 SLC7A5,13
AACCTTTTCGACCTAA-1,,Oligo MOG OPALIN,12
AACGAAAGTTAGAAAC-1,,Endo CLDN5 SLC7A5,20
AACGAAAGTTCCTAAG-1,,Oligo MOG OPALIN,12
AACGAAAGTTCTCGTC-1,,Endo CLDN5 SLC7A5,8
AACGAAAGTTCTGAGT-1,,Micro P2RY12 APBB1IP,5
AACGAAATCACACCGG-1,,Endo CLDN5 SLC7A5,3
AACGGGACAGACAAAT-1,,L6 FEZF2 SYT6 PTPRT,17
AACGGGACATCTCCCA-1,,Oligo MOG OPALIN,4
AACGGGACATTGCCTC-1,,Endo CLDN5 SLC7A5,0
AACGTCATCCCTCATG-1,,Endo CLDN5 SLC7A5,0
AACGTCATCGGTGTAT-1,,Oligo MOG OPALIN,4
AACGTCATCGTACACA-1,,Endo CLDN5 SLC7A5,0
AACTTCTCAGCCATTA-1,,Endo CLDN5 SLC7A5,0
AAGAACACATGGGATG-1,,Oligo MOG OPALIN,4
AAGAACAGTAGCTGTT-1,,Endo CLDN5 SLC7A5,20
AAGAACATCCTAGCGG-1,,Endo CLDN5 SLC7A5,6
AAGACAAGTCCACTCT-1,,Endo CLDN5 SLC7A5,25
AAGACAAGTCCTACAA-1,,Oligo MOG OPALIN,4
AAGACTCTCAGCTAGT-1,,Endo CLDN5 SLC7A5,21
AAGATAGAGCCGGATA-1,,Micro P2RY12 APBB1IP,5
AAGATAGAGCCTCGTG-1,,Oligo MOG OPALIN,4
AAGATAGTCGACACCG-1,,L2-3 CUX2 NTNG1 PALMD,9
AAGCATCAGATGCAGC-1,,Astro AQP4 SLC1A2,7
AAGCATCCAAATACGA-1,,Endo CLDN5 SLC7A5,22
AAGCCATCAGAGGCAT-1,,Endo CLDN5 SLC7A5,0
AAGCCATGTCACCTTC-1,,Endo CLDN5 SLC7A5,13
AAGCGAGAGTCTCTGA-1,,Oligo MOG OPALIN,4
AAGCGAGCAGTCTGGC-1,,L2-3 CUX2 NTNG1 PALMD,9
AAGCGAGGTTCGGTAT-1,,Oligo MOG OPALIN,23
AAGCGAGTCTCCCATG-1,,Endo CLDN5 SLC7A5,2
AAGGAATTCTCTGGTC-1,,Endo CLDN5 SLC7A5,0
AAGGTAAAGCCAGACA-1,,Oligo MOG OPALIN,4
AAGGTAATCCATAAGC-1,,Endo CLDN5 SLC7A5,6
AAGTACCAGAGAGTTT-1,,Astro GFAP AQP1,16
AAGTCGTAGATCACCT-1,,Endo CLDN5 SLC7A5,0
AAGTCGTCAACTTGGT-1,,Oligo MOG OPALIN,1
AAGTGAAGTGTTACAC-1,,Endo CLDN5 SLC7A5,0
AAGTTCGAGCTCGTGC-1,,Astro AQP4 SLC1A2,11
AAGTTCGCAGAAGTGC-1,,Endo CLDN5 SLC7A5,6
AAGTTCGGTGCACATT-1,,Micro P2RY12 APBB1IP,5
AAGTTCGGTGCGGATA-1,,Endo CLDN5 SLC7A5,3
AAGTTCGTCGATGGAG-1,,OPC PDGFRA PCDH15,14
AATAGAGCAAGACAAT-1,,Endo CLDN5 SLC7A5,8
AATAGAGCAGCCGTTG-1,,Oligo MOG OPALIN,4
AATAGAGCATGGCCAC-1,,L2-3 CUX2 ACVR1C THSD7A,15
AATAGAGTCCTCTCGA-1,,Endo CLDN5 SLC7A5,2
AATCGACAGAGACAAG-1,,Endo CLDN5 SLC7A5,21
AATCGACAGCACCCAC-1,,Endo CLDN5 SLC7A5,24
AATCGACAGCTTGTTG-1,,InN LAMP5 BMP7,19
AATCGACTCGTCACCT-1,,L2-3 CUX2 NTNG1 PALMD,9
AATCGACTCGTGTGGC-1,,Oligo MOG OPALIN,1
AATCGTGAGAAATTCG-1,,Endo CLDN5 SLC7A5,0
AATCGTGTCCTACGAA-1,,Endo CLDN5 SLC7A5,22
AATGAAGCAAGCACAG-1,,Astro AQP4 SLC1A2,11
AATGAAGCATACACCA-1,,Micro P2RY12 APBB1IP,5
AATGAAGTCGGCAGTC-1,,Oligo MOG OPALIN,1
AATGAAGTCTAGGAAA-1,,Endo CLDN5 SLC7A5,6
AATGACCCAGGGTTGA-1,,Endo CLDN5 SLC7A5,0
AATGACCTCGTACCTC-1,,Astro AQP4 SLC1A2,11
AATGACCTCGTGGTAT-1,,Oligo MOG OPALIN,4
AATGACCTCGTTCCCA-1,,Oligo MOG OPALIN,4
AATGCCACAGCATGCC-1,,InN SST HS3ST5,10
AATGGAAGTAGGTAGC-1,,Oligo MOG OPALIN,1
AATGGAATCCACGGAC-1,,InN SST HS3ST5,10
AATGGCTCAACTAGAA-1,,Endo CLDN5 SLC7A5,24
AATGGCTTCACGATCA-1,,SMC ACTA2 CNN1,26
AATTCCTAGATGGTCG-1,,L2-3 CUX2 ACVR1C THSD7A,15
AATTCCTAGCTCGACC-1,,Endo CLDN5 SLC7A5,25
AATTTCCAGAAATTGC-1,,Astro AQP4 SLC1A2,7
AATTTCCAGCCATCCG-1,,OPC PDGFRA PCDH15,14
AATTTCCCAGGAATCG-1,,Endo CLDN5 SLC7A5,22
ACAAAGAAGCTCGGCT-1,,InN LAMP5 BMP7,19
ACAAAGAGTGAGGATC-1,,Endo CLDN5 SLC7A5,24
ACAAAGAGTTAGGGTG-1,,Oligo MOG OPALIN,4
ACAAAGAGTTGTTGCA-1,,L6 FEZF2 SYT6 PTPRT,17
ACAACCAAGATCGACG-1,,Endo CLDN5 SLC7A5,0
ACAACCAAGTTTGCTG-1,,Oligo MOG OPALIN,4
ACAACCACAACGCATT-1,,L2-3 CUX2 NTNG1 PALMD,9
ACAACCACAGGTCTCG-1,,OPC PDGFRA PCDH15,14
ACAACCAGTCTTTCTA-1,,Astro GFAP AQP1,16
ACAACCAGTGTCTTAG-1,,Endo CLDN5 SLC7A5,0
ACACCAAAGAATCGAT-1,,Astro AQP4 SLC1A2,11
ACACCAACATCTAGAC-1,,Endo CLDN5 SLC7A5,24
ACACGCGCAGCAGTCC-1,,Oligo MOG OPALIN,4
ACACGCGGTAAGATCA-1,,Endo CLDN5 SLC7A5,2
ACACTGACACATGTTG-1,,Endo CLDN5 SLC7A5,8
ACAGAAAAGCCTGCCA-1,,L2-3 CUX2 NTNG1 PALMD,9
ACAGAAACATAGGTAA-1,,Micro P2RY12 APBB1IP,5
ACAGCCGGTGATTGGG-1,,Endo CLDN5 SLC7A5,0
ACAGCCGGTGGCGCTT-1,,Micro P2RY12 APBB1IP,5
ACAGGGAAGGTAAGTT-1,,Endo CLDN5 SLC7A5,0
ACAGGGACAGCTACAT-1,,Endo CLDN5 SLC7A5,2
ACATCCCAGACGTCCC-1,,Endo CLDN5 SLC7A5,24
ACATCCCAGAGGGCGA-1,,Endo CLDN5 SLC7A5,0
ACATCCCGTTTGACAC-1,,Endo CLDN5 SLC7A5,3
ACATCGAAGACCCGCT-1,,Endo CLDN5 SLC7A5,0
ACATCGAGTATCAGCT-1,,Endo CLDN5 SLC7A5,0
ACATCGAGTGGACCTC-1,,Endo CLDN5 SLC7A5,0
ACATGCACATCCTTGC-1,,InN SST HS3ST5,10
ACATGCATCGGCCCAA-1,,Astro AQP4 SLC1A2,7
ACATTTCAGTCCTGCG-1,,Oligo MOG OPALIN,1
ACATTTCGTGTTCGTA-1,,Astro AQP4 SLC1A2,11
ACCAAACAGTCACTCA-1,,Endo CLDN5 SLC7A5,3
ACCAAACCACCTCTAC-1,,Micro P2RY12 APBB1IP,5
ACCAAACCACGACAGA-1,,Oligo MOG OPALIN,12
ACCAACAAGGCGAACT-1,,Endo CLDN5 SLC7A5,0
ACCAACACAAAGACTA-1,,Astro AQP4 SLC1A2,11
ACCAACATCAAATAGG-1,,Micro P2RY12 APBB1IP,5
ACCAACATCATCACAG-1,,InN SST HS3ST5,10
ACCAACATCCTGTTAT-1,,Endo CLDN5 SLC7A5,20
ACCACAAGTAGACGGT-1,,Endo CLDN5 SLC7A5,2
ACCACAATCACCTGGG-1,,Endo CLDN5 SLC7A5,3
ACCACAATCTCTCGAC-1,,Astro AQP4 SLC1A2,11
ACCATTTAGGTCTACT-1,,Oligo MOG OPALIN,23
ACCATTTAGTGGTGAC-1,,Oligo MOG OPALIN,1
ACCATTTCAAATCGGG-1,,Oligo MOG OPALIN,1
ACCATTTGTTACCTGA-1,,Endo CLDN5 SLC7A5,3
ACCATTTGTTATAGAG-1,,Astro AQP4 SLC1A2,7
ACCATTTTCTGGAAGG-1,,Endo CLDN5 SLC7A5,22
ACCCAAAAGCATGGGT-1,,Endo CLDN5 SLC7A5,0
ACCCAAACATGTTCAG-1,,Oligo MOG OPALIN,12
ACCCTCAAGGAGTATT-1,,Endo CLDN5 SLC7A5,21
ACCCTTGCAAGAGGCT-1,,Endo CLDN5 SLC7A5,2
ACCCTTGCACGGATCC-1,,Endo CLDN5 SLC7A5,0
ACCCTTGGTGAGATAT-1,,Endo CLDN5 SLC7A5,22
ACCCTTGTCTGGGTCG-1,,Micro P2RY12 APBB1IP,5
ACCGTTCAGAAGAGCA-1,,Endo CLDN5 SLC7A5,21
ACCGTTCTCCCGTGAG-1,,Endo CLDN5 SLC7A5,0
ACCTACCGTACAGCGA-1,,Endo CLDN5 SLC7A5,2
ACCTACCGTGGAGAAA-1,,L2-3 CUX2 NTNG1 PALMD,9
ACCTACCTCGAAGCAG-1,,Endo CLDN5 SLC7A5,2
ACCTGAATCTTACGGA-1,,Oligo MOG OPALIN,1
ACCTGAATCTTTGGAG-1,,OPC PDGFRA PCDH15,14
ACCTGTCGTCCTGGGT-1,,Endo CLDN5 SLC7A5,3
ACCTGTCGTGCTGATT-1,,Astro AQP4 SLC1A2,11
ACGATCAGTCTTCATT-1,,Oligo MOG OPALIN,1
ACGATGTGTACCCAGC-1,,PC P2RY14 GRM8,18
ACGATGTTCGCTCTAC-1,,L2-3 CUX2 NTNG1 PALMD,9
ACGGAAGTCAATCGGT-1,,Astro AQP4 SLC1A2,11
ACGGAAGTCGCATAGT-1,,Endo CLDN5 SLC7A5,2
ACGGTCGAGATTAGTG-1,,Astro GFAP AQP1,16
ACGGTCGAGTCCCGGT-1,,L2-3 CUX2 ACVR1C THSD7A,15
ACGGTCGTCCGTCCTA-1,,Oligo MOG OPALIN,23
ACGGTCGTCGGAGTAG-1,,Endo CLDN5 SLC7A5,21
ACGTACAGTACGGATG-1,,Endo CLDN5 SLC7A5,8
ACGTCCTCAGCCTTCT-1,,L2-3 CUX2 ACVR1C THSD7A,15
ACGTCCTTCGGCATCG-1,,Endo CLDN5 SLC7A5,0
ACTACGACAACTGTGT-1,,Endo CLDN5 SLC7A5,0
ACTATCTAGCACTCAT-1,,Endo CLDN5 SLC7A5,3
ACTATCTGTGACAACG-1,,Endo CLDN5 SLC7A5,2
ACTATGGAGGCATTTC-1,,L2-3 CUX2 ACVR1C THSD7A,15
ACTATGGAGTTGCTGT-1,,Endo CLDN5 SLC7A5,0
ACTATGGCAGTGTACT-1,,SMC ACTA2 CNN1,26
ACTATGGGTATCCCTC-1,,Endo CLDN5 SLC7A5,0
ACTATTCAGCGCTGCT-1,,Micro P2RY12 APBB1IP,5
ACTATTCAGGCTCCCA-1,,Endo CLDN5 SLC7A5,2
ACTCCCAAGACGCATG-1,,Astro AQP4 SLC1A2,11
ACTCTCGAGAACAGGA-1,,Micro P2RY12 APBB1IP,5
ACTCTCGTCACCCTGT-1,,Endo CLDN5 SLC7A5,0
ACTCTCGTCATCACTT-1,,InN LAMP5 BMP7,19
ACTGATGGTCGTTGGC-1,,InN LAMP5 BMP7,19
ACTGATGGTGCATGTT-1,,Endo CLDN5 SLC7A5,0
ACTGCAAAGCTACAAA-1,,L2-3 CUX2 ACVR1C THSD7A,15
ACTGCAAGTAGCTGAG-1,,Endo CLDN5 SLC7A5,6
ACTGCAAGTGCAGATG-1,,L6 FEZF2 SYT6 PTPRT,17
ACTGTCCCATCTGTTT-1,,Oligo MOG OPALIN,1
ACTGTCCTCGACGCGT-1,,Endo CLDN5 SLC7A5,13
ACTGTCCTCTGGTGCG-1,,Endo CLDN5 SLC7A5,24
ACTGTGATCATCGCCT-1,,Endo CLDN5 SLC7A5,3
ACTTATCAGGACTGGT-1,,Micro P2RY12 APBB1IP,5
ACTTCCGCATGAGATA-1,,Endo CLDN5 SLC7A5,6
ACTTCGCCAATCGCAT-1,,Endo CLDN5 SLC7A5,20
ACTTCGCCAGGGAATC-1,,Endo CLDN5 SLC7A5,22
ACTTCGCGTACGCGTC-1,,InN LAMP5 BMP7,19
ACTTTCAAGAAAGTCT-1,,Endo CLDN5 SLC7A5,21
ACTTTCAAGCAGCGAT-1,,Oligo MOG OPALIN,1
ACTTTCAAGGAACTAT-1,,Oligo MOG OPALIN,4
ACTTTGTAGTGGGAAA-1,,Endo CLDN5 SLC7A5,2
ACTTTGTCATTGGATC-1,,Micro P2RY12 APBB1IP,5
AGAAATGAGCATGGGT-1,,Endo CLDN5 SLC7A5,0
AGAAATGCAACTCGTA-1,,Endo CLDN5 SLC7A5,0
AGAAATGCAGCTACAT-1,,Endo CLDN5 SLC7A5,0
AGAAATGCATAATCCG-1,,Oligo MOG OPALIN,23
AGAAATGCATATCGGT-1,,Endo CLDN5 SLC7A5,6
AGAAATGGTTGGGCCT-1,,Oligo MOG OPALIN,1
AGAACAAGTAGCGAGT-1,,Micro P2RY12 APBB1IP,5
AGAACAAGTAGCTGAG-1,,Endo CLDN5 SLC7A5,0
AGAACAAGTCTACGAT-1,,L2-3 CUX2 NTNG1 PALMD,9
AGAACAATCGCAACAT-1,,L2-3 CUX2 ACVR1C THSD7A,15
AGAACCTCATGTTCAG-1,,Oligo MOG OPALIN,1
AGAAGCGCACTTGTGA-1,,Oligo MOG OPALIN,12
AGAAGTAAGATTAGAC-1,,Oligo MOG OPALIN,4
AGACAAAAGACTGTTC-1,,Endo CLDN5 SLC7A5,2
AGACAAAAGTAATTGG-1,,Astro AQP4 SLC1A2,7
AGACAAACATCGTTCC-1,,Endo CLDN5 SLC7A5,22
AGACACTAGAACAGGA-1,,InN SST HS3ST5,10
AGACACTCAATGTGGG-1,,Endo CLDN5 SLC7A5,13
AGACACTTCAAATAGG-1,,InN SST HS3ST5,10
AGACAGGAGCTCACTA-1,,Endo CLDN5 SLC7A5,3
AGACAGGCAACGCCCA-1,,Oligo MOG OPALIN,4
AGACAGGTCGTAGTGT-1,,Endo CLDN5 SLC7A5,0
AGACCATAGCTACAAA-1,,Endo CLDN5 SLC7A5,0
AGACCATGTTTAAGGA-1,,Astro GFAP AQP1,16
AGACCATTCTCTCGAC-1,,Micro P2RY12 APBB1IP,5
AGACCCGAGATGGGCT-1,,Endo CLDN5 SLC7A5,0
AGACCCGAGTAGAGTT-1,,SMC ACTA2 CNN1,26
AGACCCGAGTGCCCGT-1,,Endo CLDN5 SLC7A5,3
AGACCCGCAGTAGTTC-1,,Astro AQP4 SLC1A2,7
AGACCCGCATTACTCT-1,,Endo CLDN5 SLC7A5,0
AGACCCGGTAGATTAG-1,,PC P2RY14 GRM8,18
AGACCCGTCGCTTAAG-1,,InN SST HS3ST5,10
AGAGAATGTGCTAGCC-1,,Endo CLDN5 SLC7A5,25
AGAGAATGTGGCGTAA-1,,Endo CLDN5 SLC7A5,25
AGAGAATTCGTTGTTT-1,,Endo CLDN5 SLC7A5,6
AGAGAGCTCAACACGT-1,,L2-3 CUX2 NTNG1 PALMD,9
AGAGAGCTCCCATGGG-1,,Endo CLDN5 SLC7A5,0
AGAGCAGTCCCGAAAT-1,,Oligo MOG OPALIN,1
AGATCCAGTCATACCA-1,,Endo CLDN5 SLC7A5,0
AGATCGTAGTACCCTA-1,,Micro P2RY12 APBB1IP,5
AGATCGTTCTCGTGGG-1,,Endo CLDN5 SLC7A5,2
AGATGAAAGTTTCGGT-1,,Micro P2RY12 APBB1IP,5
AGATGAAGTAGCGTTT-1,,Micro P2RY12 APBB1IP,5
AGATGAATCCGTGGCA-1,,InN LAMP5 BMP7,19
AGATGCTGTTATCTTC-1,,Endo CLDN5 SLC7A5,2
AGATGCTTCAAATGAG-1,,Endo CLDN5 SLC7A5,3
AGATGCTTCGAACGGA-1,,Oligo MOG OPALIN,1
AGATGCTTCGCGTCGA-1,,Oligo MOG OPALIN,4
AGCATCAAGGTAAACT-1,,Endo CLDN5 SLC7A5,2
AGCATCATCCACCCTA-1,,L2-3 CUX2 NTNG1 PALMD,9
AGCCAATCATCGAAGG-1,,Astro AQP4 SLC1A2,7
AGCCAATGTGCCTTCT-1,,Micro P2RY12 APBB1IP,5
AGCCAATGTGTCTTAG-1,,Oligo MOG OPALIN,4
AGCCAATTCAGTAGGG-1,,Endo CLDN5 SLC7A5,0
AGCCACGCAACTGTGT-1,,Endo CLDN5 SLC7A5,0
AGCCACGCAAGAAACT-1,,InN LAMP5 BMP7,19
AGCCACGCAGAAGTTA-1,,Endo CLDN5 SLC7A5,6
AGCCACGGTTCCCACT-1,,Endo CLDN5 SLC7A5,3
AGCCAGCCACACGTGC-1,,L6 FEZF2 SYT6 PTPRT,17
AGCCAGCCAGGTGGAT-1,,Endo CLDN5 SLC7A5,0
AGCCAGCTCGGTCGAC-1,,InN LAMP5 BMP7,19
AGCGATTAGAGGGCGA-1,,Astro GFAP AQP1,16
AGCGCCATCACAAGGG-1,,Oligo MOG OPALIN,1
AGCGCTGTCAACGCTA-1,,InN SST HS3ST5,10
AGCGTATAGTTAACAG-1,,OPC PDGFRA PCDH15,14
AGCGTATCAGAGGTAC-1,,L6 FEZF2 SYT6 PTPRT,17
AGCGTCGAGTCCCGGT-1,,Endo CLDN5 SLC7A5,20
AGCGTCGCACTTGGCG-1,,PC P2RY14 GRM8,18
AGCGTCGTCACTGATG-1,,InN SST HS3ST5,10
AGCTACATCGGACCAC-1,,Endo CLDN5 SLC7A5,2
AGCTCAACACCCTGAG-1,,Oligo MOG OPALIN,4
AGCTCAAGTAACACGG-1,,Micro P2RY12 APBB1IP,5
AGCTTCCAGAGATTCA-1,,Micro P2RY12 APBB1IP,5
AGCTTCCAGTTCTCTT-1,,Endo CLDN5 SLC7A5,8
AGCTTCCCACAATCTG-1,,Endo CLDN5 SLC7A5,0
AGCTTCCGTGTAGGAC-1,,L2-3 CUX2 NTNG1 PALMD,9
AGGAAATCAAACTAAG-1,,Endo CLDN5 SLC7A5,0
AGGAAATCACCAGTAT-1,,Endo CLDN5 SLC7A5,25
AGGAAATCAGTGAGCA-1,,Endo CLDN5 SLC7A5,2
AGGAAATCATCCGGTG-1,,Endo CLDN5 SLC7A5,13
AGGAAATTCAGCCTTC-1,,InN LAMP5 BMP7,19
AGGAAATTCATTGCTT-1,,Micro P2RY12 APBB1IP,5
AGGAATAAGGCCTGCT-1,,Oligo MOG OPALIN,1
AGGAATAGTGGTCAAG-1,,Endo CLDN5 SLC7A5,0
AGGACGACACCTGTCT-1,,Endo CLDN5 SLC7A5,2
AGGACGACATCGGTTA-1,,Astro AQP4 SLC1A2,7
AGGACGAGTGGCCACT-1,,InN LAMP5 BMP7,19
AGGAGGTAGATGTTAG-1,,Endo CLDN5 SLC7A5,2
AGGAGGTCACCAGTAT-1,,Oligo MOG OPALIN,1
AGGATAAAGAGAGAAC-1,,InN SST HS3ST5,10
AGGATAACAACCAATC-1,,Oligo MOG OPALIN,4
AGGATCTAGCACCGAA-1,,Endo CLDN5 SLC7A5,13
AGGATCTAGGTGGTTG-1,,Oligo MOG OPALIN,1
AGGCCACAGGATGAGA-1,,Oligo MOG OPALIN,1
AGGCTGCCAGTTAAAG-1,,Endo CLDN5 SLC7A5,3
AGGCTGCTCGTAGGAG-1,,InN SST HS3ST5,10
AGGGAGTGTTCGGTTA-1,,L2-3 CUX2 ACVR1C THSD7A,15
AGGGAGTTCACTTCTA-1,,L2-3 CUX2 NTNG1 PALMD,9
AGGGCCTAGTGCAGGT-1,,Endo CLDN5 SLC7A5,3
AGGGCTCCAACCGACC-1,,L6 FEZF2 SYT6 PTPRT,17
AGGGCTCTCAACACCA-1,,Endo CLDN5 SLC7A5,3
AGGGTCCAGTGTAGTA-1,,Endo CLDN5 SLC7A5,2
AGGGTCCGTCCGGTCA-1,,L2-3 CUX2 NTNG1 PALMD,9
AGGGTTTTCAATCAGC-1,,Astro GFAP AQP1,16
AGGTAGGAGCGCCTAC-1,,Oligo MOG OPALIN,4
AGGTAGGCAATGAACA-1,,Endo CLDN5 SLC7A5,8
AGGTAGGCAGTACTAC-1,,Endo CLDN5 SLC7A5,0
AGGTCATAGTCGAATA-1,,InN SST HS3ST5,10
AGGTCTACAGCTTCGG-1,,Endo CLDN5 SLC7A5,0
AGGTCTACATCCCACT-1,,Endo CLDN5 SLC7A5,3
AGGTGTTTCCCTAGGG-1,,Astro AQP4 SLC1A2,7
AGGTTACAGGGATGTC-1,,Endo CLDN5 SLC7A5,0
AGGTTACAGTGCGCTC-1,,Endo CLDN5 SLC7A5,0
AGGTTACCAAACGAGC-1,,Oligo MOG OPALIN,23
AGGTTGTAGAATCGTA-1,,Endo CLDN5 SLC7A5,0
AGTAACCAGTGTAGTA-1,,Oligo MOG OPALIN,4
AGTAACCGTACCTAAC-1,,Oligo MOG OPALIN,4
AGTACCAGTATTTCGG-1,,Endo CLDN5 SLC7A5,0
AGTACCATCATCACAG-1,,L2-3 CUX2 NTNG1 PALMD,9
AGTACCATCTACGCGG-1,,Endo CLDN5 SLC7A5,13
AGTACTGCAGTCTACA-1,,L2-3 CUX2 NTNG1 PALMD,9
AGTACTGCATCCTAAG-1,,Endo CLDN5 SLC7A5,3
AGTACTGTCGTTGCCT-1,,Endo CLDN5 SLC7A5,3
AGTAGCTTCTATCGTT-1,,Micro P2RY12 APBB1IP,5
AGTAGTCCAATTTCGG-1,,Astro GFAP AQP1,16
AGTCAACTCCAATGCA-1,,Oligo MOG OPALIN,1
AGTCAACTCCACGTAA-1,,Oligo MOG OPALIN,4
AGTCACACAACCCTCT-1,,Oligo MOG OPALIN,4
AGTCACAGTCATATGC-1,,Endo CLDN5 SLC7A5,8
AGTCACATCCGTTTCG-1,,Endo CLDN5 SLC7A5,3
AGTCACATCTGTGCAA-1,,Endo CLDN5 SLC7A5,8
AGTCATGCAGTGTGCC-1,,Oligo MOG OPALIN,23
AGTCATGTCACTGCTC-1,,Endo CLDN5 SLC7A5,21
AGTGACTTCCTACTGC-1,,Endo CLDN5 SLC7A5,6
AGTGATCGTTCCACGG-1,,Oligo MOG OPALIN,4
AGTGCCGAGGTCCAGA-1,,InN SST HS3ST5,10
AGTGCCGCACCCTGAG-1,,Endo CLDN5 SLC7A5,3
AGTGCCGCACCCTTAC-1,,L2-3 CUX2 ACVR1C THSD7A,15
AGTGCCGTCCTCTGCA-1,,Oligo MOG OPALIN,1
AGTGTTGTCATTTGCT-1,,Astro AQP4 SLC1A2,7
AGTTAGCAGAATTGCA-1,,Astro AQP4 SLC1A2,11
AGTTAGCAGCAGGCTA-1,,L6 FEZF2 SYT6 PTPRT,17
AGTTAGCTCCCTGTTG-1,,Oligo MOG OPALIN,1
AGTTCCCAGCTCGGCT-1,,Micro P2RY12 APBB1IP,5
AGTTCCCCATTGTACG-1,,Endo CLDN5 SLC7A5,22
AGTTCCCGTAGTTAGA-1,,Endo CLDN5 SLC7A5,0
AGTTCCCGTGATACTC-1,,L6 FEZF2 SYT6 PTPRT,17
AGTTCGAGTCTCGGAC-1,,L2-3 CUX2 NTNG1 PALMD,9
ATACCGAGTCATCCCT-1,,Oligo MOG OPALIN,4
ATACCTTGTATCGAGG-1,,L6 FEZF2 SYT6 PTPRT,17
ATACCTTGTGTTGCCG-1,,Micro P2RY12 APBB1IP,5
ATACCTTTCTTCCAGC-1,,Endo CLDN5 SLC7A5,2
ATACTTCTCACGAACT-1,,Astro AQP4 SLC1A2,7
ATAGACCAGTGATCGG-1,,Oligo MOG OPALIN,4
ATAGACCTCTAGGAAA-1,,Oligo MOG OPALIN,12
ATAGAGACATGTGCCG-1,,Endo CLDN5 SLC7A5,21
ATAGAGAGTACACTCA-1,,Endo CLDN5 SLC7A5,0
ATAGGCTCACTTGACA-1,,Astro AQP4 SLC1A2,7
ATAGGCTGTACCTTCC-1,,Micro P2RY12 APBB1IP,5
ATATCCTTCTTGTGCC-1,,Oligo MOG OPALIN,4
ATCACAGAGAGTCTGG-1,,Endo CLDN5 SLC7A5,0
ATCACAGGTACTCGTA-1,,Endo CLDN5 SLC7A5,2
ATCACAGGTCGGAACA-1,,Astro AQP4 SLC1A2,7
ATCACTTCAATGGCAG-1,,Astro AQP4 SLC1A2,11
ATCAGGTCAAGCTCTA-1,,Endo CLDN5 SLC7A5,22
ATCAGGTCACTAGGCC-1,,Endo CLDN5 SLC7A5,0
ATCAGGTTCGAGTCTA-1,,L6 FEZF2 SYT6 PTPRT,17
ATCATTCGTAATCAGA-1,,Endo CLDN5 SLC7A5,0
ATCATTCTCAACGTGT-1,,Oligo MOG OPALIN,1
ATCATTCTCCGAACGC-1,,Endo CLDN5 SLC7A5,0
ATCCACCAGCTAATCC-1,,Astro AQP4 SLC1A2,7
ATCCACCAGTTAGTGA-1,,Oligo MOG OPALIN,4
ATCCATTCAGCAGTTT-1,,Endo CLDN5 SLC7A5,3
ATCCATTTCAGTGTTG-1,,InN SST HS3ST5,10
ATCCATTTCCGTAGGC-1,,Endo CLDN5 SLC7A5,0
ATCCCTGGTCATACCA-1,,L2-3 CUX2 NTNG1 PALMD,9
ATCCGTCTCAGCACCG-1,,Endo CLDN5 SLC7A5,6
ATCCGTCTCCCTTGGT-1,,Oligo MOG OPALIN,1
ATCCTATCACTGCACG-1,,Endo CLDN5 SLC7A5,3
ATCCTATTCGAAGAAT-1,,Oligo MOG OPALIN,1
ATCGCCTTCGCGTAGC-1,,Endo CLDN5 SLC7A5,13
ATCGGATGTCTCAGGC-1,,L2-3 CUX2 ACVR1C THSD7A,15
ATCGGCGGTCCAATCA-1,,Endo CLDN5 SLC7A5,2
ATCGGCGTCATTTCGT-1,,Endo CLDN5 SLC7A5,13
ATCGGCGTCTAGTACG-1,,Astro GFAP AQP1,16
ATCGTAGAGAAGTCAT-1,,Endo CLDN5 SLC7A5,2
ATCGTAGCAAATACGA-1,,Endo CLDN5 SLC7A5,2
ATCGTGACAACGGGTA-1,,Oligo MOG OPALIN,1
ATCGTGACAATGTCAC-1,,Endo CLDN5 SLC7A5,3
ATCGTGATCTTTGCTA-1,,Endo CLDN5 SLC7A5,20
ATCTCTAAGCACCTGC-1,,Astro GFAP AQP1,16
ATCTCTAAGTCACTCA-1,,InN SST HS3ST5,10
ATCTCTATCGGCATTA-1,,L6 FEZF2 SYT6 PTPRT,17
ATCTCTATCGTCAACA-1,,Endo CLDN5 SLC7A5,13
ATCTTCATCAGTGTCA-1,,Endo CLDN5 SLC7A5,6
ATCTTCATCATTGCTT-1,,InN LAMP5 BMP7,19
ATGAAAGAGGTCTTTG-1,,L2-3 CUX2 NTNG1 PALMD,9
ATGAAAGCACAGCCTG-1,,Micro P2RY12 APBB1IP,5
ATGAAAGCATGCTGCG-1,,Endo CLDN5 SLC7A5,3
ATGACCAAGAAGCGCT-1,,Astro GFAP AQP1,16
ATGACCACAACTAGAA-1,,Endo CLDN5 SLC7A5,3
ATGACCACAAGTGGAC-1,,Endo CLDN5 SLC7A5,24
ATGACCACAATAGTCC-1,,OPC PDGFRA PCDH15,14
ATGACCAGTACTTGTG-1,,Astro GFAP AQP1,16
ATGAGGGGTCGTATTG-1,,Endo CLDN5 SLC7A5,0
ATGAGGGGTTAAACCC-1,,SMC ACTA2 CNN1,26
ATGAGGGGTTCCATTT-1,,Endo CLDN5 SLC7A5,3
ATGAGGGGTTTCGGCG-1,,Endo CLDN5 SLC7A5,24
ATGAGGGTCGGCTGAC-1,,Endo CLDN5 SLC7A5,24
ATGAGGGTCTGGGCGT-1,,Micro P2RY12 APBB1IP,5
ATGAGTCAGCGTGAGT-1,,Endo CLDN5 SLC7A5,20
ATGATCGAGGCCCACT-1,,Endo CLDN5 SLC7A5,0
ATGATCGCAGCAGATG-1,,Astro AQP4 SLC1A2,7
ATGATCGGTCGTCATA-1,,Endo CLDN5 SLC7A5,8
ATGCATGGTACTTGTG-1,,Endo CLDN5 SLC7A5,3
ATGCCTCTCAGTGTCA-1,,Oligo MOG OPALIN,12
ATGCGATGTGAGGATC-1,,Endo CLDN5 SLC7A5,6
ATGCGATGTGCCTGCA-1,,Oligo MOG OPALIN,1
ATGGAGGAGTCGAAGC-1,,Endo CLDN5 SLC7A5,0
ATGGAGGCAACACACT-1,,Oligo MOG OPALIN,12
ATGGAGGCAAGAATGT-1,,Oligo MOG OPALIN,1
ATGGAGGGTGTCGCTG-1,,PC P2RY14 GRM8,18
ATGGATCAGCCAGACA-1,,Endo CLDN5 SLC7A5,6
ATGGATCGTGGATCAG-1,,Oligo MOG OPALIN,4
ATGGATCTCCCATGGG-1,,Endo CLDN5 SLC7A5,0
ATGGGAGTCATCTCTA-1,,Oligo MOG OPALIN,4
ATGGGTTCAACTGAAA-1,,Endo CLDN5 SLC7A5,2
ATGTCCCAGACGCTCC-1,,Endo CLDN5 SLC7A5,20
ATGTCCCGTGTATTCG-1,,Endo CLDN5 SLC7A5,0
ATGTCTTAGCACACAG-1,,Endo CLDN5 SLC7A5,6
ATGTCTTGTAAGATTG-1,,Endo CLDN5 SLC7A5,6
ATTACCTTCGGTCATA-1,,Endo CLDN5 SLC7A5,0
ATTACTCAGCACAAAT-1,,Endo CLDN5 SLC7A5,2
ATTACTCCACACACGC-1,,Oligo MOG OPALIN,4
ATTATCCCATTACTCT-1,,Endo CLDN5 SLC7A5,2
ATTATCCGTTCGGCGT-1,,Oligo MOG OPALIN,4
ATTATCCTCTCCCATG-1,,Endo CLDN5 SLC7A5,2
ATTCACTCACGCCACA-1,,OPC PDGFRA PCDH15,14
ATTCACTTCCCAGGAC-1,,Endo CLDN5 SLC7A5,0
ATTCCCGTCCAACACA-1,,Endo CLDN5 SLC7A5,6
ATTCGTTCACCCATAA-1,,Endo CLDN5 SLC7A5,3
ATTCGTTCATCGATGT-1,,Astro AQP4 SLC1A2,11
ATTCTTGCACACCTTC-1,,Endo CLDN5 SLC7A5,3
ATTCTTGTCCCGAAAT-1,,PC P2RY14 GRM8,18
ATTGTTCTCCTATGGA-1,,Endo CLDN5 SLC7A5,2
ATTGTTCTCTCACTCG-1,,InN LAMP5 BMP7,19
ATTTACCAGTAATTGG-1,,Endo CLDN5 SLC7A5,2
ATTTACCCATGTGGCC-1,,Endo CLDN5 SLC7A5,3
ATTTCACAGCAACTCT-1,,PC P2RY14 GRM8,18
ATTTCACCAAACACCT-1,,Astro AQP4 SLC1A2,7
CAAAGAAAGAAATTCG-1,,Endo CLDN5 SLC7A5,3
CAAAGAAGTTTCACAG-1,,L2-3 CUX2 ACVR1C THSD7A,15
CAAAGAATCCATAGGT-1,,Astro AQP4 SLC1A2,7
CAACAACGTTCGTGCG-1,,InN LAMP5 BMP7,19
CAACAGTGTACTGGGA-1,,Endo CLDN5 SLC7A5,25
CAACCAAAGGATGGCT-1,,L2-3 CUX2 NTNG1 PALMD,9
CAACCTCGTCCATACA-1,,Endo CLDN5 SLC7A5,3
CAACCTCTCGGCATCG-1,,Endo CLDN5 SLC7A5,3
CAACGATAGAATCGTA-1,,Endo CLDN5 SLC7A5,3
CAACGATCAGCTCGGT-1,,Oligo MOG OPALIN,1
CAACGATCATTCATCT-1,,Micro P2RY12 APBB1IP,5
CAACGATTCGGAGTAG-1,,Endo CLDN5 SLC7A5,2
CAACGGCCAGGAACCA-1,,Astro GFAP AQP1,16
CAACGGCGTCTCCTGT-1,,L2-3 CUX2 ACVR1C THSD7A,15
CAAGACTAGTTTCAGC-1,,OPC PDGFRA PCDH15,14
CAAGACTGTTATGTGC-1,,Endo CLDN5 SLC7A5,3
CAAGAGGCACAGTACT-1,,Astro AQP4 SLC1A2,11
CAAGAGGGTATTCCTT-1,,InN SST HS3ST5,10
CAAGAGGGTTACGATC-1,,InN SST HS3ST5,10
CAAGAGGGTTTAGAGA-1,,Endo CLDN5 SLC7A5,0
CAAGAGGTCGCAGAGA-1,,L2-3 CUX2 NTNG1 PALMD,9
CAAGCTAGTGGTATGG-1,,Endo CLDN5 SLC7A5,3
CAAGGGAAGTGTCATC-1,,Endo CLDN5 SLC7A5,0
CAAGGGATCATTGCGA-1,,Micro P2RY12 APBB1IP,5
CAATACGGTGCCTAAT-1,,Astro AQP4 SLC1A2,7
CAATACGTCGAGGCAA-1,,PC P2RY14 GRM8,18
CAATCGAGTCATTCCC-1,,Astro AQP4 SLC1A2,7
CAATCGATCCCGAATA-1,,Endo CLDN5 SLC7A5,13
CAATGACAGTTGTAGA-1,,L2-3 CUX2 NTNG1 PALMD,9
CAATGACCAACATACC-1,,Endo CLDN5 SLC7A5,8
CAATGACCAGACCAGA-1,,Endo CLDN5 SLC7A5,8
CAATGACTCATCGCAA-1,,Endo CLDN5 SLC7A5,8
CAATTTCAGTACAACA-1,,Oligo MOG OPALIN,12
CAATTTCTCACTTCTA-1,,Endo CLDN5 SLC7A5,2
CACAACAAGCCTGTGC-1,,Endo CLDN5 SLC7A5,8
CACAACAAGTTGTAGA-1,,Astro AQP4 SLC1A2,7
CACAACAGTGAGGAAA-1,,Endo CLDN5 SLC7A5,0
CACAGATAGCTACTGT-1,,Astro AQP4 SLC1A2,11
CACAGATAGTTGGAGC-1,,Endo CLDN5 SLC7A5,0
CACAGATTCCATGCAA-1,,Endo CLDN5 SLC7A5,25
CACAGGCAGGGTATAT-1,,Astro AQP4 SLC1A2,7
CACAGGCCATCGCTGG-1,,Endo CLDN5 SLC7A5,3
CACAGGCTCTCCAATT-1,,InN SST HS3ST5,10
CACATGAGTTGAGAGC-1,,Endo CLDN5 SLC7A5,0
CACCAAATCTGGGCGT-1,,Astro AQP4 SLC1A2,7
CACCGTTAGTGGTCAG-1,,Endo CLDN5 SLC7A5,6
CACCGTTTCTCCCATG-1,,Endo CLDN5 SLC7A5,2
CACGAATCACAAACGG-1,,Endo CLDN5 SLC7A5,21
CACGGGTAGAACCGCA-1,,L2-3 CUX2 NTNG1 PALMD,9
CACGGGTAGGCCACTC-1,,Endo CLDN5 SLC7A5,6
CACGGGTAGTATGGAT-1,,Oligo MOG OPALIN,4
CACGGGTCAAGTATAG-1,,PC P2RY14 GRM8,18
CACGGGTCATGCCATA-1,,Astro AQP4 SLC1A2,7
CACGTGGAGGAGAGGC-1,,Endo CLDN5 SLC7A5,8
CACGTGGCAACTCGTA-1,,Endo CLDN5 SLC7A5,22
CACGTGGGTGATACAA-1,,Astro AQP4 SLC1A2,7
CACGTTCGTGAGCCAA-1,,Micro P2RY12 APBB1IP,5
CACTAAGCAAGAGCTG-1,,Endo CLDN5 SLC7A5,8
CACTGAAGTGATGTAA-1,,Endo CLDN5 SLC7A5,6
CACTGAATCCATCACC-1,,Astro AQP4 SLC1A2,11
CACTGAATCCGCTAGG-1,,Endo CLDN5 SLC7A5,0
CACTGGGGTAGAGACC-1,,Astro AQP4 SLC1A2,7
CACTTCGTCTCCCATG-1,,Endo CLDN5 SLC7A5,2
CAGAGCCTCTGCATAG-1,,Micro P2RY12 APBB1IP,5
CAGATACAGCTACGTT-1,,Endo CLDN5 SLC7A5,24
CAGATACCACTAACGT-1,,Endo CLDN5 SLC7A5,0
CAGATACGTCGCTTGG-1,,Endo CLDN5 SLC7A5,25
CAGATACTCAAGCCCG-1,,Oligo MOG OPALIN,4
CAGATACTCAGCGCGT-1,,Micro P2RY12 APBB1IP,5
CAGATCAAGTGTGTTC-1,,Endo CLDN5 SLC7A5,6
CAGATCAGTGCATACT-1,,Endo CLDN5 SLC7A5,3
CAGATCAGTGGAACCA-1,,Endo CLDN5 SLC7A5,6
CAGATCATCCGCTTAC-1,,Endo CLDN5 SLC7A5,24
CAGATTGGTAGTATAG-1,,Micro P2RY12 APBB1IP,5
CAGCAATAGAAGGATG-1,,PC P2RY14 GRM8,18
CAGCAATCATTCCTCG-1,,Endo CLDN5 SLC7A5,6
CAGCAATGTACCGTCG-1,,L2-3 CUX2 ACVR1C THSD7A,15
CAGCAATTCCGTTGAA-1,,Oligo MOG OPALIN,4
CAGCAATTCGTTCCTG-1,,Endo CLDN5 SLC7A5,21
CAGCACGAGAGTCTGG-1,,Endo CLDN5 SLC7A5,13
CAGCACGCACTATGTG-1,,InN LAMP5 BMP7,19
CAGCACGGTACCAATC-1,,Micro P2RY12 APBB1IP,5
CAGCAGCAGTGCACTT-1,,Endo CLDN5 SLC7A5,8
CAGCAGCGTAGGTCAG-1,,PC P2RY14 GRM8,18
CAGCAGCGTTCGTAAC-1,,Oligo MOG OPALIN,23
CAGCCAGCATCGGCCA-1,,Endo CLDN5 SLC7A5,8
CAGCCAGTCATTCACT-1,,Endo CLDN5 SLC7A5,25
CAGCGTGCAGTTCACA-1,,Oligo MOG OPALIN,1
CAGCGTGGTCATTGCA-1,,Endo CLDN5 SLC7A5,6
CAGCGTGGTGAGGCAT-1,,Endo CLDN5 SLC7A5,6
CAGGCCACATCCGAGC-1,,Endo CLDN5 SLC7A5,3
CAGGGCTAGACCAGAC-1,,Endo CLDN5 SLC7A5,8
CAGGGCTAGTAGATCA-1,,OPC PDGFRA PCDH15,14
CAGGTATCAATGCAAA-1,,Micro P2RY12 APBB1IP,5
CAGGTATCAGAGGAAA-1,,Oligo MOG OPALIN,23
CAGGTATTCGGAGCAA-1,,Endo CLDN5 SLC7A5,21
CAGTGCGAGATTGATG-1,,Oligo MOG OPALIN,1
CAGTGCGGTGGGACAT-1,,Endo CLDN5 SLC7A5,0
CAGTGCGTCCCGAGTG-1,,L2-3 CUX2 NTNG1 PALMD,9
CAGTTAGAGTAACAGT-1,,OPC PDGFRA PCDH15,14
CAGTTAGAGTCGAATA-1,,Micro P2RY12 APBB1IP,5
CAGTTAGAGTCGGCAA-1,,Endo CLDN5 SLC7A5,0
CAGTTCCCAAGTGACG-1,,Endo CLDN5 SLC7A5,24
CAGTTCCCATGACGAG-1,,Endo CLDN5 SLC7A5,0
CATAAGCTCCATCACC-1,,Oligo MOG OPALIN,1
CATAAGCTCCATTGGA-1,,Astro AQP4 SLC1A2,7
CATAAGCTCCGCCTAT-1,,Endo CLDN5 SLC7A5,2
CATAAGCTCCTACCGT-1,,L2-3 CUX2 NTNG1 PALMD,9
CATACAGAGGCACGAT-1,,Endo CLDN5 SLC7A5,0
CATACAGTCAAAGACA-1,,Endo CLDN5 SLC7A5,0
CATACAGTCTACCTTA-1,,Endo CLDN5 SLC7A5,13
CATACCCGTGAGATCG-1,,Endo CLDN5 SLC7A5,0
CATACTTAGAGGTATT-1,,Endo CLDN5 SLC7A5,13
CATACTTAGCTGTTAC-1,,Endo CLDN5 SLC7A5,0
CATACTTTCGTTGCCT-1,,Endo CLDN5 SLC7A5,0
CATAGACCAATTAGGA-1,,Oligo MOG OPALIN,4
CATAGACGTGGAATGC-1,,Endo CLDN5 SLC7A5,0
CATCAAGAGTCAACAA-1,,Endo CLDN5 SLC7A5,0
CATCCACAGTGCCTCG-1,,Endo CLDN5 SLC7A5,6
CATCCACCAAATGAGT-1,,Endo CLDN5 SLC7A5,3
CATCCACGTACAAAGT-1,,Micro P2RY12 APBB1IP,5
CATCCCACAACTGGTT-1,,InN SST HS3ST5,10
CATCCCATCGATCCCT-1,,Oligo MOG OPALIN,12
CATCCGTAGCGCCTAC-1,,Oligo MOG OPALIN,1
CATCCGTAGGGAGTGG-1,,Endo CLDN5 SLC7A5,0
CATCGCTGTACACGTT-1,,Endo CLDN5 SLC7A5,20
CATCGCTGTGAGTTTC-1,,Endo CLDN5 SLC7A5,2
CATCGCTTCTTGGTCC-1,,L6 FEZF2 SYT6 PTPRT,17
CATCGGGAGAATTGCA-1,,Astro AQP4 SLC1A2,11
CATCGGGGTAAGTAGT-1,,Oligo MOG OPALIN,12
CATCGGGGTGCAGTGA-1,,Astro AQP4 SLC1A2,7
CATCGTCAGCACGTCC-1,,Endo CLDN5 SLC7A5,0
CATCGTCGTAACATCC-1,,InN SST HS3ST5,10
CATGAGTCAATCAGCT-1,,Endo CLDN5 SLC7A5,2
CATGCAAAGATGGCAC-1,,Endo CLDN5 SLC7A5,24
CATGCAAAGCGATTCT-1,,Endo CLDN5 SLC7A5,0
CATGCAAAGGAAAGAC-1,,InN LAMP5 BMP7,19
CATGCAAAGTCATGGG-1,,InN LAMP5 BMP7,19
CATGCAACACCTCGTT-1,,Micro P2RY12 APBB1IP,5
CATGCAAGTCACCTTC-1,,Micro P2RY12 APBB1IP,5
CATGCAATCGTAGTCA-1,,Endo CLDN5 SLC7A5,3
CATGCCTAGCTCGACC-1,,Oligo MOG OPALIN,4
CATGCCTCACCCGTAG-1,,Oligo MOG OPALIN,1
CATGCGGGTGAGATCG-1,,InN LAMP5 BMP7,19
CATGCGGGTTCGTACA-1,,Endo CLDN5 SLC7A5,2
CATGCTCAGTGCAAAT-1,,Endo CLDN5 SLC7A5,0
CATGCTCCACGCCACA-1,,Endo CLDN5 SLC7A5,0
CATGGTACATTCTGTT-1,,Endo CLDN5 SLC7A5,0
CATGGTATCTACACTT-1,,Endo CLDN5 SLC7A5,6
CATTCATAGCTTTCCC-1,,Endo CLDN5 SLC7A5,0
CATTCATTCGAATCCA-1,,Astro GFAP AQP1,16
CATTCCGCACTATCGA-1,,Oligo MOG OPALIN,23
CATTCCGTCCTACGAA-1,,Astro AQP4 SLC1A2,11
CATTCTAAGCTTAGTC-1,,Endo CLDN5 SLC7A5,20
CATTCTACAGACCTGC-1,,InN SST HS3ST5,10
CATTGAGTCTTAGTTC-1,,Micro P2RY12 APBB1IP,5
CATTGCCCATGTAACC-1,,Endo CLDN5 SLC7A5,3
CATTGTTGTCTAGGTT-1,,Endo CLDN5 SLC7A5,3
CATTTCACAAAGCGTG-1,,Astro AQP4 SLC1A2,7
CATTTCATCAATCCAG-1,,Oligo MOG OPALIN,1
CCAAGCGCAAAGCGTG-1,,Oligo MOG OPALIN,12
CCAAGCGGTACAGCGA-1,,L2-3 CUX2 NTNG1 PALMD,9
CCAAGCGTCTTACGGA-1,,Micro P2RY12 APBB1IP,5
CCAATGAGTAGGTGCA-1,,Micro P2RY12 APBB1IP,5
CCAATGAGTATTGGCT-1,,SMC ACTA2 CNN1,26
CCAATTTCACAGAAGC-1,,InN SST HS3ST5,10
CCAATTTTCCGCAAAT-1,,InN LAMP5 BMP7,19
CCACAAAGTACAGGTG-1,,Oligo MOG OPALIN,12
CCACACTAGGATCACG-1,,Astro GFAP AQP1,16
CCACACTCAGGTTACT-1,,Endo CLDN5 SLC7A5,3
CCACCATGTAGTTAGA-1,,Endo CLDN5 SLC7A5,2
CCACGAGAGGGCTAAC-1,,Oligo MOG OPALIN,1
CCACGAGCAGTGTATC-1,,Astro AQP4 SLC1A2,7
CCACGAGCATGGCGCT-1,,Endo CLDN5 SLC7A5,6
CCACGAGGTGTGGTCC-1,,Endo CLDN5 SLC7A5,22
CCACGTTAGGACTATA-1,,L2-3 CUX2 NTNG1 PALMD,9
CCACGTTAGGTCTACT-1,,Endo CLDN5 SLC7A5,0
CCACTTGCAATCCTAG-1,,Endo CLDN5 SLC7A5,2
CCACTTGTCACCGACG-1,,Endo CLDN5 SLC7A5,0
CCACTTGTCCGTAATG-1,,Endo CLDN5 SLC7A5,0
CCATAAGGTACCGTCG-1,,Endo CLDN5 SLC7A5,21
CCATAAGTCGATCCCT-1,,Endo CLDN5 SLC7A5,20
CCATCACCATTGTAGC-1,,PC P2RY14 GRM8,18
CCCAACTAGCTGAGTG-1,,Endo CLDN5 SLC7A5,0
CCCAACTCAAGTGGCA-1,,Endo CLDN5 SLC7A5,20
CCCATTGGTTCAAACC-1,,Endo CLDN5 SLC7A5,0
CCCATTGTCGTGAGAG-1,,Endo CLDN5 SLC7A5,20
CCCGAAGCACCAGACC-1,,Endo CLDN5 SLC7A5,21
CCCGAAGCAGTCCCGA-1,,Endo CLDN5 SLC7A5,0
CCCGAAGCATGAAAGT-1,,Endo CLDN5 SLC7A5,3
CCCGAAGCATGGAATA-1,,SMC ACTA2 CNN1,26
CCCGAAGGTGGCCACT-1,,Astro GFAP AQP1,16
CCCGAAGGTTGCCATA-1,,Endo CLDN5 SLC7A5,8
CCCGAAGTCAAGTTGC-1,,L2-3 CUX2 ACVR1C THSD7A,15
CCCGAAGTCCTTATCA-1,,OPC PDGFRA PCDH15,14
CCCGAAGTCTCCCATG-1,,Endo CLDN5 SLC7A5,2
CCCGGAACAGAGGTTG-1,,Oligo MOG OPALIN,1
CCCTAACGTCTTGAGT-1,,Astro AQP4 SLC1A2,7
CCCTCAACACGAGGTA-1,,Oligo MOG OPALIN,12
CCCTGATTCCTCTAAT-1,,L2-3 CUX2 NTNG1 PALMD,9
CCCTGATTCTAGTTCT-1,,Endo CLDN5 SLC7A5,8
CCCTGATTCTCGGGAC-1,,Astro AQP4 SLC1A2,7
CCCTTAGAGTGCTAGG-1,,Endo CLDN5 SLC7A5,13
CCGAACGCACGTAACT-1,,Endo CLDN5 SLC7A5,2
CCGAACGTCTCTCGCA-1,,Micro P2RY12 APBB1IP,5
CCGATCTGTCTGTGTA-1,,PC P2RY14 GRM8,18
CCGATGGGTCGGATTT-1,,Endo CLDN5 SLC7A5,0
CCGATGGTCTATCACT-1,,Astro GFAP AQP1,16
CCGCAAGGTAAGTCAA-1,,Astro GFAP AQP1,16
CCGCAAGTCACATACG-1,,Endo CLDN5 SLC7A5,6
CCGGACATCGCACGAC-1,,Oligo MOG OPALIN,4
CCGGGTAAGGAGTATT-1,,Astro AQP4 SLC1A2,7
CCGGGTAGTTCCGGTG-1,,Endo CLDN5 SLC7A5,0
CCGGGTATCCAACCGG-1,,Endo CLDN5 SLC7A5,8
CCGGTAGAGTCAAGCG-1,,Oligo MOG OPALIN,12
CCGGTAGGTGTTCAGT-1,,Astro GFAP AQP1,16
CCGGTGACAATCGAAA-1,,Oligo MOG OPALIN,1
CCGGTGATCTTACCAT-1,,Endo CLDN5 SLC7A5,0
CCGTGAGAGTCTCCTC-1,,L2-3 CUX2 NTNG1 PALMD,9
CCGTGAGTCGAGTGGA-1,,Endo CLDN5 SLC7A5,21
CCTAAGAAGGATCATA-1,,Endo CLDN5 SLC7A5,0
CCTAAGATCGACGATT-1,,PC P2RY14 GRM8,18
CCTAAGATCTATCGTT-1,,Oligo MOG OPALIN,12
CCTACGTAGTCATGCT-1,,L2-3 CUX2 NTNG1 PALMD,9
CCTACGTCACCAGTAT-1,,Endo CLDN5 SLC7A5,3
CCTACGTGTGGACCAA-1,,Endo CLDN5 SLC7A5,0
CCTATCGCATATGCGT-1,,Endo CLDN5 SLC7A5,0
CCTCAACAGCCTCTTC-1,,Endo CLDN5 SLC7A5,21
CCTCAACGTCCACAGC-1,,SMC ACTA2 CNN1,26
CCTCAACGTCGAGTTT-1,,Oligo MOG OPALIN,23
CCTCAACTCGGAAACG-1,,Oligo MOG OPALIN,1
CCTCACAAGAGGGTAA-1,,Astro AQP4 SLC1A2,11
CCTCACACACGACCTG-1,,Oligo MOG OPALIN,12
CCTCACAGTATTGGCT-1,,Astro AQP4 SLC1A2,11
CCTCAGTCAAGTGGTG-1,,Oligo MOG OPALIN,1
CCTCAGTTCCCGTAAA-1,,Endo CLDN5 SLC7A5,0
CCTCATGCAAGTTTGC-1,,L2-3 CUX2 NTNG1 PALMD,9
CCTCCAAGTGATAGAT-1,,Endo CLDN5 SLC7A5,0
CCTCCTCAGTGTTGTC-1,,L6 FEZF2 SYT6 PTPRT,17
CCTCCTCGTATTCCTT-1,,Astro AQP4 SLC1A2,7
CCTCCTCGTCACAATC-1,,InN LAMP5 BMP7,19
CCTCCTCTCGAGCCTG-1,,Oligo MOG OPALIN,4
CCTCTCCGTGAGTAAT-1,,Astro AQP4 SLC1A2,7
CCTCTCCTCAAGTGGG-1,,SMC ACTA2 CNN1,26
CCTCTCCTCCGGCAGT-1,,Endo CLDN5 SLC7A5,13
CCTCTCCTCGGTGTAT-1,,Astro AQP4 SLC1A2,11
CCTGTTGAGTGCAAAT-1,,Oligo MOG OPALIN,4
CCTGTTGGTTGGGCCT-1,,Oligo MOG OPALIN,4
CCTTCAGGTATGGTTC-1,,Endo CLDN5 SLC7A5,0
CCTTGTGCAAGAGGTC-1,,Astro AQP4 SLC1A2,11
CCTTTGGAGTGGGAAA-1,,Endo CLDN5 SLC7A5,2
CCTTTGGTCTGAGGCC-1,,Endo CLDN5 SLC7A5,0
CGAAGGACAACTCCCT-1,,Endo CLDN5 SLC7A5,8
CGAAGGACATGTCGTA-1,,Oligo MOG OPALIN,12
CGAAGGAGTGGCACTC-1,,Oligo MOG OPALIN,4
CGAATTGAGTTGCGCC-1,,Oligo MOG OPALIN,1
CGACAGCCAAACGAGC-1,,Endo CLDN5 SLC7A5,20
CGAGAAGCACTCAGAT-1,,Astro AQP4 SLC1A2,11
CGAGAAGGTCACCCTT-1,,Micro P2RY12 APBB1IP,5
CGAGGAACAGGTAGTG-1,,Oligo MOG OPALIN,1
CGAGGAATCTCAGGCG-1,,Endo CLDN5 SLC7A5,0
CGAGGAATCTGTCAGA-1,,L2-3 CUX2 ACVR1C THSD7A,15
CGAGGCTTCCCGAAAT-1,,Oligo MOG OPALIN,1
CGAGGCTTCTCGTGAA-1,,Endo CLDN5 SLC7A5,25
CGAGTGCCAATAACGA-1,,OPC PDGFRA PCDH15,14
CGAGTTAAGTGAATAC-1,,Endo CLDN5 SLC7A5,3
CGAGTTACACACACTA-1,,InN LAMP5 BMP7,19
CGATCGGGTATACCCA-1,,Oligo MOG OPALIN,4
CGATGCGAGTGGAAGA-1,,Endo CLDN5 SLC7A5,22
CGATGCGCAGCGATTT-1,,Astro AQP4 SLC1A2,7
CGATGCGCAGTCAGAG-1,,Micro P2RY12 APBB1IP,5
CGATGGCCAGCTCTGG-1,,Endo CLDN5 SLC7A5,2
CGATGGCGTTCAGCTA-1,,Astro GFAP AQP1,16
CGATGGCTCACCTTGC-1,,Oligo MOG OPALIN,1
CGATGGCTCCGACGGT-1,,Oligo MOG OPALIN,4
CGCAGGTTCCACGTCT-1,,Endo CLDN5 SLC7A5,2
CGCATGGAGATGCGAC-1,,Astro GFAP AQP1,16
CGCATGGAGCTGACCC-1,,Endo CLDN5 SLC7A5,0
CGCATGGAGTCTAGCT-1,,Endo CLDN5 SLC7A5,13
CGCATGGTCCGCAGTG-1,,Astro AQP4 SLC1A2,11
CGCCAGAAGGTTAAAC-1,,Oligo MOG OPALIN,1
CGCCAGACAAGCGAAC-1,,OPC PDGFRA PCDH15,14
CGCCAGACATAGATGA-1,,Astro AQP4 SLC1A2,7
CGCCATTAGATGGGCT-1,,Endo CLDN5 SLC7A5,3
CGCCATTTCGTTCTAT-1,,Oligo MOG OPALIN,12
CGCGTGAGTGATAGTA-1,,Endo CLDN5 SLC7A5,0
CGCGTGATCTGCGAGC-1,,Endo CLDN5 SLC7A5,20
CGGAACCAGCATCGAG-1,,Endo CLDN5 SLC7A5,3
CGGAACCAGCTAGCCC-1,,Astro AQP4 SLC1A2,7
CGGAACCAGTGAGGCT-1,,Endo CLDN5 SLC7A5,0
CGGAACCCAGATGCGA-1,,Micro P2RY12 APBB1IP,5
CGGAATTTCCCAGGAC-1,,Endo CLDN5 SLC7A5,22
CGGACACCAAACCGGA-1,,Endo CLDN5 SLC7A5,0
CGGAGAAAGCATCCTA-1,,Astro AQP4 SLC1A2,7
CGGCAGTCACTTCAAG-1,,Oligo MOG OPALIN,4
CGGCAGTGTACGATTC-1,,Oligo MOG OPALIN,4
CGGCAGTGTTTGGCTA-1,,InN SST HS3ST5,10
CGGGACTTCGGCATAT-1,,Oligo MOG OPALIN,4
CGGGCATGTCTAGTGT-1,,Endo CLDN5 SLC7A5,25
CGGGCATGTTTGTTGG-1,,L2-3 CUX2 NTNG1 PALMD,9
CGGGTCACAGCTGTTA-1,,Endo CLDN5 SLC7A5,13
CGGGTCAGTGGACCTC-1,,Oligo MOG OPALIN,4
CGGGTGTAGGTTGGTG-1,,Endo CLDN5 SLC7A5,6
CGGGTGTCAGAAGCTG-1,,Endo CLDN5 SLC7A5,0
CGGGTGTGTAGGGAGG-1,,Endo CLDN5 SLC7A5,0
CGGTCAGAGCATGGGT-1,,Endo CLDN5 SLC7A5,2
CGGTCAGAGCTAGCCC-1,,Oligo MOG OPALIN,4
CGGTCAGGTTCCCACT-1,,L2-3 CUX2 ACVR1C THSD7A,15
CGGTCAGTCAGGACAG-1,,Endo CLDN5 SLC7A5,3
CGGTCAGTCGAGATGG-1,,L2-3 CUX2 ACVR1C THSD7A,15
CGTAAGTCAGGTCAGA-1,,Endo CLDN5 SLC7A5,8
CGTAAGTTCCACTGGG-1,,Oligo MOG OPALIN,1
CGTAATGGTCTTCAAG-1,,Endo CLDN5 SLC7A5,0
CGTAGTATCTGGTCAA-1,,Endo CLDN5 SLC7A5,20
CGTCAAACAGTGTGCC-1,,L2-3 CUX2 NTNG1 PALMD,9
CGTCAAAGTAACGGTG-1,,Endo CLDN5 SLC7A5,22
CGTCCATAGAGGGCGA-1,,Astro GFAP AQP1,16
CGTCCATCAGGTAGTG-1,,Oligo MOG OPALIN,1
CGTGAATGTGAATGAT-1,,OPC PDGFRA PCDH15,14
CGTGAATTCGACATCA-1,,L2-3 CUX2 NTNG1 PALMD,9
CGTGAATTCGCGTGAC-1,,Endo CLDN5 SLC7A5,3
CGTGCTTCACCAGACC-1,,InN SST HS3ST5,10
CGTGCTTCACGCCAGT-1,,Endo CLDN5 SLC7A5,3
CGTTAGATCAACGTGT-1,,Endo CLDN5 SLC7A5,8
CGTTCTGGTCTTGCGG-1,,Endo CLDN5 SLC7A5,22
CGTTCTGGTGTCCCTT-1,,Endo CLDN5 SLC7A5,3
CGTTCTGGTTGTAGCT-1,,Endo CLDN5 SLC7A5,13
CGTTGGGGTACCCGAC-1,,Micro P2RY12 APBB1IP,5
CTAACCCCATCGCTCT-1,,Endo CLDN5 SLC7A5,0
CTAACCCTCGTCAGAT-1,,Endo CLDN5 SLC7A5,2
CTAACTTCAAACACCT-1,,Oligo MOG OPALIN,1
CTAACTTCAAGAGCTG-1,,PC P2RY14 GRM8,18
CTAAGTGAGTTTGGCT-1,,Endo CLDN5 SLC7A5,0
CTAAGTGCAGCCTTCT-1,,Endo CLDN5 SLC7A5,6
CTAAGTGTCCTAACAG-1,,InN LAMP5 BMP7,19
CTAAGTGTCGACATCA-1,,L2-3 CUX2 ACVR1C THSD7A,15
CTACAGATCTCTGGTC-1,,Endo CLDN5 SLC7A5,8
CTACATTAGAAGGCTC-1,,PC P2RY14 GRM8,18
CTACATTCATTCACCC-1,,Endo CLDN5 SLC7A5,0
CTACCCAGTCATAGTC-1,,InN SST HS3ST5,10
CTACCCATCACCATGA-1,,L2-3 CUX2 NTNG1 PALMD,9
CTACCCATCGGTAGGA-1,,Oligo MOG OPALIN,1
CTACGGGCAACCGACC-1,,Endo CLDN5 SLC7A5,0
CTACGGGGTCGTGGTC-1,,Endo CLDN5 SLC7A5,8
CTACTATAGATCGGTG-1,,Endo CLDN5 SLC7A5,6
CTACTATCATTAGGCT-1,,Oligo MOG OPALIN,12
CTACTATGTCTGCCTT-1,,Endo CLDN5 SLC7A5,24
CTACTATGTGTTGAGG-1,,L2-3 CUX2 NTNG1 PALMD,9
CTAGACAGTTTCGATG-1,,Endo CLDN5 SLC7A5,0
CTAGACATCAGGAACG-1,,InN SST HS3ST5,10
CTAGGTAAGCTATCTG-1,,Endo CLDN5 SLC7A5,6
CTAGGTATCGTTCCTG-1,,OPC PDGFRA PCDH15,14
CTATAGGAGTGATAAC-1,,Endo CLDN5 SLC7A5,6
CTATAGGGTCGGCTAC-1,,Endo CLDN5 SLC7A5,0
CTATCCGTCTCCTGCA-1,,Micro P2RY12 APBB1IP,5
CTATCTACAGGACAGT-1,,Endo CLDN5 SLC7A5,3
CTCAACCAGTGGTGGT-1,,PC P2RY14 GRM8,18
CTCAACCCAGACATCT-1,,Oligo MOG OPALIN,4
CTCAACCTCTTAAGGC-1,,Endo CLDN5 SLC7A5,0
CTCAAGAAGTAGTCAA-1,,Micro P2RY12 APBB1IP,5
CTCAAGACAACGACAG-1,,OPC PDGFRA PCDH15,14
CTCAAGATCAGCACCG-1,,Astro AQP4 SLC1A2,7
CTCAAGATCTGGGCGT-1,,Oligo MOG OPALIN,1
CTCACTGAGGAACGAA-1,,Endo CLDN5 SLC7A5,21
CTCACTGAGTAACCTC-1,,Oligo MOG OPALIN,1
CTCACTGAGTTGTCGT-1,,Astro AQP4 SLC1A2,7
CTCACTGGTGTCCGGT-1,,Endo CLDN5 SLC7A5,2
CTCACTGGTTCGGGTC-1,,L2-3 CUX2 ACVR1C THSD7A,15
CTCAGAAAGTCGCGAA-1,,Endo CLDN5 SLC7A5,8
CTCAGAACACCATTCC-1,,Endo CLDN5 SLC7A5,0
CTCAGAACATCGAGCC-1,,Micro P2RY12 APBB1IP,5
CTCAGAACATGGCCAC-1,,Endo CLDN5 SLC7A5,25
CTCAGAAGTGACCGAA-1,,Endo CLDN5 SLC7A5,0
CTCAGGGCAATGCTCA-1,,Endo CLDN5 SLC7A5,13
CTCAGGGGTCACCCTT-1,,Endo CLDN5 SLC7A5,6
CTCAGGGGTTCTCCCA-1,,Oligo MOG OPALIN,1
CTCAGTCGTTTACGAC-1,,Oligo MOG OPALIN,1
CTCAGTCTCCCATGGG-1,,Endo CLDN5 SLC7A5,0
CTCAGTCTCGTGCGAC-1,,Oligo MOG OPALIN,1
CTCATGCAGGCGTTGA-1,,OPC PDGFRA PCDH15,14
CTCATGCCACAGTACT-1,,Endo CLDN5 SLC7A5,3
CTCATGCCATCTGCGG-1,,Endo CLDN5 SLC7A5,2
CTCATTACATCGTCCT-1,,Endo CLDN5 SLC7A5,3
CTCATTATCGTCGATA-1,,L2-3 CUX2 NTNG1 PALMD,9
CTCCAACAGCGAGAAA-1,,Micro P2RY12 APBB1IP,5
CTCCAACCACATTCTT-1,,Endo CLDN5 SLC7A5,20
CTCCAACGTGCCTTCT-1,,Oligo MOG OPALIN,4
CTCCAACTCATTTGCT-1,,Endo CLDN5 SLC7A5,3
CTCCACAAGGAAAGGT-1,,Oligo MOG OPALIN,4
CTCCACACAGGACGAT-1,,Endo CLDN5 SLC7A5,13
CTCCACATCCACGTGG-1,,Endo CLDN5 SLC7A5,20
CTCCATGGTACATACC-1,,Endo CLDN5 SLC7A5,24
CTCCATGGTCTTGGTA-1,,Micro P2RY12 APBB1IP,5
CTCCATGTCGTTAGAC-1,,Endo CLDN5 SLC7A5,24
CTCCCAACAACGAGGT-1,,L2-3 CUX2 NTNG1 PALMD,9
CTCCCAAGTCAAGGCA-1,,Astro GFAP AQP1,16
CTCCCAATCTCCCATG-1,,Endo CLDN5 SLC7A5,2
CTCCCTCAGCGAGTAC-1,,Endo CLDN5 SLC7A5,0
CTCCCTCCAGAACTTC-1,,Astro AQP4 SLC1A2,7
CTCCGATAGGAACATT-1,,Micro P2RY12 APBB1IP,5
CTCCTCCAGCTGACAG-1,,Endo CLDN5 SLC7A5,6
CTCCTCCCATGGCGCT-1,,Endo CLDN5 SLC7A5,0
CTCCTCCGTTTCCCAC-1,,Endo CLDN5 SLC7A5,2
CTCCTTTGTAGCCCTG-1,,SMC ACTA2 CNN1,26
CTCCTTTTCGGAACTT-1,,Endo CLDN5 SLC7A5,3
CTCGAGGCAGGTTCCG-1,,InN SST HS3ST5,10
CTCGAGGTCTTCACGC-1,,Endo CLDN5 SLC7A5,3
CTCTCAGAGACTTCAC-1,,Endo CLDN5 SLC7A5,2
CTCTCAGCAATGTCAC-1,,Astro GFAP AQP1,16
CTCTCAGCACATAGCT-1,,Endo CLDN5 SLC7A5,6
CTCTCAGGTCGTCAGC-1,,Endo CLDN5 SLC7A5,3
CTCTCAGTCATCACTT-1,,L6 FEZF2 SYT6 PTPRT,17
CTCTCGAAGACTCTTG-1,,Endo CLDN5 SLC7A5,22
CTGAATGCATCGAGCC-1,,Endo CLDN5 SLC7A5,6
CTGAATGTCTGGCCGA-1,,Oligo MOG OPALIN,1
CTGAGCGGTCACTAGT-1,,InN LAMP5 BMP7,19
CTGATCCTCGTGGCGT-1,,Endo CLDN5 SLC7A5,6
CTGCAGGAGACCTCAT-1,,Endo CLDN5 SLC7A5,13
CTGCAGGAGGCGACAT-1,,Endo CLDN5 SLC7A5,3
CTGCAGGTCAGTCATG-1,,Oligo MOG OPALIN,1
CTGCATCAGTGGATTA-1,,Endo CLDN5 SLC7A5,13
CTGCCATAGCCGCTTG-1,,Oligo MOG OPALIN,4
CTGCCTAGTGACACGA-1,,Endo CLDN5 SLC7A5,2
CTGCCTAGTGGGATTG-1,,L2-3 CUX2 NTNG1 PALMD,9
CTGCTCACAACGCATT-1,,Astro GFAP AQP1,16
CTGCTCACAGAAGTTA-1,,Endo CLDN5 SLC7A5,2
CTGGACGAGCACTCGC-1,,Endo CLDN5 SLC7A5,2
CTGGACGAGGCTAAAT-1,,Endo CLDN5 SLC7A5,2
CTGGCAGAGATTTGCC-1,,Endo CLDN5 SLC7A5,22
CTGGTCTAGCTTCGTA-1,,Endo CLDN5 SLC7A5,8
CTGGTCTCACACTGGC-1,,Astro AQP4 SLC1A2,7
CTGGTCTTCAGGACAG-1,,Astro AQP4 SLC1A2,7
CTGTACCAGGATACGC-1,,Endo CLDN5 SLC7A5,0
CTGTACCCAGCGTATT-1,,Endo CLDN5 SLC7A5,0
CTGTACCCAGTGCGCT-1,,Oligo MOG OPALIN,12
CTGTACCTCGCAATTG-1,,Endo CLDN5 SLC7A5,3
CTGTAGAAGCATGATA-1,,Endo CLDN5 SLC7A5,2
CTGTAGACAAATCGGG-1,,Endo CLDN5 SLC7A5,0
CTGTAGATCGGAAACG-1,,Oligo MOG OPALIN,4
CTGTAGATCTGTGCGG-1,,Endo CLDN5 SLC7A5,2
CTGTCGTCATAGATCC-1,,Micro P2RY12 APBB1IP,5
CTGTCGTTCAAACTGC-1,,InN LAMP5 BMP7,19
CTGTGAACATCCGTTC-1,,Oligo MOG OPALIN,4
CTGTGGGTCCCAATAG-1,,Endo CLDN5 SLC7A5,8
CTTACCGAGAAGGCTC-1,,Oligo MOG OPALIN,1
CTTACCGAGCGCTGCT-1,,InN SST HS3ST5,10
CTTAGGACAACTTGCA-1,,Oligo MOG OPALIN,1
CTTAGGAGTAGTGTGG-1,,Oligo MOG OPALIN,4
CTTCAATCATCCGGCA-1,,PC P2RY14 GRM8,18
CTTCCGACAGACGGAT-1,,L2-3 CUX2 ACVR1C THSD7A,15
CTTCCGAGTTTGTTCT-1,,Endo CLDN5 SLC7A5,0
CTTCCTTCAAAGGTTA-1,,Astro AQP4 SLC1A2,11
CTTCCTTTCACTTATC-1,,OPC PDGFRA PCDH15,14
CTTCCTTTCGTTTACT-1,,Endo CLDN5 SLC7A5,0
CTTCTCTGTAGGGTAC-1,,Oligo MOG OPALIN,1
CTTGAGAAGGGACAGG-1,,InN LAMP5 BMP7,19
CTTGAGAGTCGCGGTT-1,,Oligo MOG OPALIN,12
CTTGAGATCCTCACTG-1,,InN SST HS3ST5,10
CTTGATTGTGCAGTGA-1,,Oligo MOG OPALIN,1
CTTTCAATCTAGCATG-1,,Endo CLDN5 SLC7A5,20
CTTTCGGCATGAAAGT-1,,InN SST HS3ST5,10
GAAACCTCAGCGGATA-1,,Endo CLDN5 SLC7A5,0
GAAACCTCAGTAGTGG-1,,Endo CLDN5 SLC7A5,0
GAAACCTTCGATTGAC-1,,Endo CLDN5 SLC7A5,20
GAAATGATCGGAACTT-1,,Endo CLDN5 SLC7A5,24
GAACACTAGATGCTGG-1,,L2-3 CUX2 ACVR1C THSD7A,15
GAACACTAGGGAGTTC-1,,Endo CLDN5 SLC7A5,2
GAACACTCACAATGAA-1,,Endo CLDN5 SLC7A5,3
GAACACTGTTCTGAGT-1,,Oligo MOG OPALIN,1
GAACGTTAGGGTGAAA-1,,InN LAMP5 BMP7,19
GAACTGTAGTTCACTG-1,,InN SST HS3ST5,10
GAACTGTGTCGTTTCC-1,,Endo CLDN5 SLC7A5,3
GAAGAATGTGGTACAG-1,,Micro P2RY12 APBB1IP,5
GAAGAATGTTGGCTAT-1,,Astro AQP4 SLC1A2,11
GAAGAATTCCCATGGG-1,,Endo CLDN5 SLC7A5,0
GAAGCCCTCCGTAATG-1,,Endo CLDN5 SLC7A5,3
GAAGCGACAGATCCAT-1,,InN SST HS3ST5,10
GAAGCGAGTGTCCATA-1,,Endo CLDN5 SLC7A5,22
GAAGGACAGAGGTTAT-1,,Oligo MOG OPALIN,1
GAAGGACAGCGTATAA-1,,L2-3 CUX2 ACVR1C THSD7A,15
GAAGGACGTATGAAGT-1,,PC P2RY14 GRM8,18
GAAGGGTAGATTGTGA-1,,Endo CLDN5 SLC7A5,0
GAAGGGTGTTGCTTGA-1,,Endo CLDN5 SLC7A5,0
GAAGTAAAGAGTATAC-1,,Endo CLDN5 SLC7A5,0
GAATAGAGTGGCTAGA-1,,Astro GFAP AQP1,16
GAATCACCAGGGATAC-1,,Oligo MOG OPALIN,12
GAATCACGTTGCCTAA-1,,Endo CLDN5 SLC7A5,20
GAATCACTCCTTTGAT-1,,PC P2RY14 GRM8,18
GAATCGTAGCGCACAA-1,,Oligo MOG OPALIN,12
GAATCGTTCCAACACA-1,,Endo CLDN5 SLC7A5,2
GAATCGTTCCTTACCG-1,,InN SST HS3ST5,10
GACAGCCGTCAGATTC-1,,Oligo MOG OPALIN,4
GACAGCCGTGAATTAG-1,,Oligo MOG OPALIN,4
GACAGCCGTTGAATCC-1,,Oligo MOG OPALIN,1
GACAGCCTCAGAGTTC-1,,InN SST HS3ST5,10
GACATCACACATTCTT-1,,Endo CLDN5 SLC7A5,3
GACATCATCAACCTTT-1,,InN SST HS3ST5,10
GACCAATGTACAGTCT-1,,Endo CLDN5 SLC7A5,3
GACCAATTCTGACGCG-1,,Endo CLDN5 SLC7A5,13
GACCCAGAGGTGGCTA-1,,Endo CLDN5 SLC7A5,6
GACCCAGAGTGGGAAA-1,,Endo CLDN5 SLC7A5,2
GACCCAGGTTACGCCG-1,,Micro P2RY12 APBB1IP,5
GACCGTGCACTCAAGT-1,,L2-3 CUX2 ACVR1C THSD7A,15
GACCGTGCAGGTTCAT-1,,L2-3 CUX2 ACVR1C THSD7A,15
GACCGTGCAGTTAGAA-1,,L6 FEZF2 SYT6 PTPRT,17
GACCTTCCACCTGAAT-1,,PC P2RY14 GRM8,18
GACGCTGGTGACACGA-1,,Astro AQP4 SLC1A2,11
GACGCTGTCATGAGAA-1,,Oligo MOG OPALIN,4
GACGTTACACAATTCG-1,,Astro AQP4 SLC1A2,11
GACGTTAGTTAAACAG-1,,Endo CLDN5 SLC7A5,0
GACTATGAGAGCTGAC-1,,Micro P2RY12 APBB1IP,5
GACTATGAGCTAGAAT-1,,Astro AQP4 SLC1A2,7
GACTATGCAATTGGTC-1,,Oligo MOG OPALIN,12
GACTATGGTGTCCTAA-1,,Oligo MOG OPALIN,12
GACTATGTCCGAGTGC-1,,Endo CLDN5 SLC7A5,0
GACTATGTCGCCAATA-1,,Astro AQP4 SLC1A2,11
GACTCAACAAAGGCAC-1,,Endo CLDN5 SLC7A5,2
GACTCAAGTTTCGATG-1,,InN SST HS3ST5,10
GACTCAATCCGCAGTG-1,,Astro AQP4 SLC1A2,11
GACTCTCAGTCTTCCC-1,,Micro P2RY12 APBB1IP,5
GACTCTCCAAGAGTAT-1,,Endo CLDN5 SLC7A5,3
GACTCTCCATCTCGTC-1,,Endo CLDN5 SLC7A5,24
GACTGATGTCCTCAGG-1,,InN SST HS3ST5,10
GACTTCCAGCTTTCCC-1,,Endo CLDN5 SLC7A5,3
GACTTCCCAACCACAT-1,,Endo CLDN5 SLC7A5,8
GACTTCCCATGACGTT-1,,Endo CLDN5 SLC7A5,2
GACTTCCGTAGTTCCA-1,,Endo CLDN5 SLC7A5,25
GACTTCCTCAGCTTGA-1,,Endo CLDN5 SLC7A5,8
GAGAAATAGAGCCGAT-1,,Micro P2RY12 APBB1IP,5
GAGAAATTCGAAGCCC-1,,Astro AQP4 SLC1A2,11
GAGACCCAGGATGGCT-1,,Endo CLDN5 SLC7A5,22
GAGACCCGTACCGTCG-1,,Endo CLDN5 SLC7A5,6
GAGACCCGTACTGGGA-1,,OPC PDGFRA PCDH15,14
GAGACCCTCAGAGTGG-1,,Oligo MOG OPALIN,12
GAGACTTAGAGTGTTA-1,,Micro P2RY12 APBB1IP,5
GAGACTTAGGGACTGT-1,,Endo CLDN5 SLC7A5,0
GAGACTTGTACCGGCT-1,,Endo CLDN5 SLC7A5,6
GAGAGGTAGAGCCCAA-1,,Endo CLDN5 SLC7A5,0
GAGAGGTGTACCTGTA-1,,Oligo MOG OPALIN,1
GAGAGGTGTGGCCTCA-1,,InN SST HS3ST5,10
GAGATGGCAATAGTGA-1,,L6 FEZF2 SYT6 PTPRT,17
GAGATGGCAATGTTGC-1,,Micro P2RY12 APBB1IP,5
GAGATGGCATTGACCA-1,,Micro P2RY12 APBB1IP,5
GAGCCTGCACTTCAAG-1,,Micro P2RY12 APBB1IP,5
GAGCCTGCAGCTGGTC-1,,Endo CLDN5 SLC7A5,22
GAGCCTGGTCCTACAA-1,,L2-3 CUX2 ACVR1C THSD7A,15
GAGCTGCCAAGCCATT-1,,L2-3 CUX2 ACVR1C THSD7A,15
GAGCTGCTCTTTGCGC-1,,OPC PDGFRA PCDH15,14
GAGGCAAAGATCCCGC-1,,Endo CLDN5 SLC7A5,2
GAGGCAATCAGAGCGA-1,,Endo CLDN5 SLC7A5,2
GAGGCCTCAATGGCCC-1,,Oligo MOG OPALIN,1
GAGGCCTTCGAAGAAT-1,,Oligo MOG OPALIN,1
GAGGGATGTACACTCA-1,,Oligo MOG OPALIN,12
GAGGGATGTCATGACT-1,,Endo CLDN5 SLC7A5,6
GAGGGATGTTGGATCT-1,,Endo CLDN5 SLC7A5,3
GAGGGATTCAGCTGTA-1,,Oligo MOG OPALIN,4
GAGGGATTCGCACGAC-1,,Endo CLDN5 SLC7A5,0
GAGGGATTCTCAACGA-1,,Endo CLDN5 SLC7A5,0
GAGGGTAAGTGCTACT-1,,InN LAMP5 BMP7,19
GAGGGTACACGACAAG-1,,Astro AQP4 SLC1A2,7
GAGTCATTCGGTAACT-1,,Endo CLDN5 SLC7A5,6
GAGTCATTCTATCGTT-1,,Endo CLDN5 SLC7A5,8
GAGTCTACAAGTCCCG-1,,Endo CLDN5 SLC7A5,21
GAGTCTATCAGGACAG-1,,Oligo MOG OPALIN,1
GAGTGAGAGCATGGGT-1,,InN SST HS3ST5,10
GAGTGAGTCCATAAGC-1,,Endo CLDN5 SLC7A5,6
GAGTTACAGTCTCGTA-1,,Endo CLDN5 SLC7A5,2
GAGTTACGTGTGAATA-1,,Endo CLDN5 SLC7A5,2
GAGTTGTCAACTGAAA-1,,Oligo MOG OPALIN,1
GAGTTGTGTCACGACC-1,,Endo CLDN5 SLC7A5,6
GAGTTTGAGGTAGTAT-1,,Endo CLDN5 SLC7A5,0
GAGTTTGGTCGAGCAA-1,,Endo CLDN5 SLC7A5,0
GAGTTTGTCGGACTTA-1,,Endo CLDN5 SLC7A5,3
GATAGAAGTCGTAATC-1,,Endo CLDN5 SLC7A5,6
GATAGCTAGATCCAAA-1,,Endo CLDN5 SLC7A5,25
GATAGCTGTGTGTCGC-1,,Endo CLDN5 SLC7A5,13
GATAGCTTCCTAAACG-1,,PC P2RY14 GRM8,18
GATAGCTTCGGTCGAC-1,,L2-3 CUX2 NTNG1 PALMD,9
GATCACAAGTGCACAG-1,,Astro GFAP AQP1,16
GATCACACAACTGATC-1,,InN SST HS3ST5,10
GATCACACACGACAAG-1,,Endo CLDN5 SLC7A5,2
GATCAGTCAGGTGAGT-1,,L2-3 CUX2 NTNG1 PALMD,9
GATCAGTGTAATGTGA-1,,Oligo MOG OPALIN,1
GATCATGCAGCTGAAG-1,,SMC ACTA2 CNN1,26
GATCATGGTAACTAAG-1,,Endo CLDN5 SLC7A5,0
GATCATGTCATGGCCG-1,,Endo CLDN5 SLC7A5,0
GATCGTAAGTATAGGT-1,,Astro AQP4 SLC1A2,7
GATCGTACAACGTAAA-1,,Endo CLDN5 SLC7A5,3
GATCGTAGTAGAGATT-1,,PC P2RY14 GRM8,18
GATCGTATCGCGTCGA-1,,Oligo MOG OPALIN,4
GATGACTAGATTAGAC-1,,L6 FEZF2 SYT6 PTPRT,17
GATGACTTCGTTACCC-1,,Oligo MOG OPALIN,4
GATGAGGGTTCTCCAC-1,,Endo CLDN5 SLC7A5,0
GATGATCAGAGCAGCT-1,,L6 FEZF2 SYT6 PTPRT,17
GATGATCAGGCTCCCA-1,,Endo CLDN5 SLC7A5,0
GATGCTACAGACATCT-1,,InN LAMP5 BMP7,19
GATGCTAGTATACGGG-1,,L2-3 CUX2 NTNG1 PALMD,9
GATGGAGCACAGAAGC-1,,Endo CLDN5 SLC7A5,20
GATGGAGGTCATCCGG-1,,Endo CLDN5 SLC7A5,2
GATGTTGCACCAGTAT-1,,Endo CLDN5 SLC7A5,6
GATGTTGCACGCAGTC-1,,Endo CLDN5 SLC7A5,2
GATGTTGCATTCACAG-1,,Endo CLDN5 SLC7A5,6
GATGTTGTCACGTCCT-1,,Endo CLDN5 SLC7A5,0
GATGTTGTCACTAGCA-1,,Endo CLDN5 SLC7A5,21
GATTCGAAGTCGAAGC-1,,Endo CLDN5 SLC7A5,0
GATTCTTAGACGGAAA-1,,Endo CLDN5 SLC7A5,0
GATTGGTAGGATACCG-1,,Endo CLDN5 SLC7A5,3
GATTGGTTCACGATCA-1,,Endo CLDN5 SLC7A5,2
GATTTCTAGGGACAGG-1,,OPC PDGFRA PCDH15,14
GATTTCTCAAATAGCA-1,,Endo CLDN5 SLC7A5,0
GATTTCTTCGTAGTCA-1,,L2-3 CUX2 NTNG1 PALMD,9
GCAACATAGCTGTTCA-1,,Micro P2RY12 APBB1IP,5
GCAACATGTACAATAG-1,,L2-3 CUX2 NTNG1 PALMD,9
GCAACCGAGCCTCTCT-1,,Endo CLDN5 SLC7A5,25
GCACGGTAGCCGAATG-1,,Endo CLDN5 SLC7A5,6
GCACGGTAGGTCATAA-1,,Endo CLDN5 SLC7A5,0
GCACGGTCAGAGAGGG-1,,Endo CLDN5 SLC7A5,0
GCACGGTCATAAGATG-1,,Endo CLDN5 SLC7A5,2
GCACGGTGTGGGCTCT-1,,Endo CLDN5 SLC7A5,0
GCACGTGCAACGGCCT-1,,InN SST HS3ST5,10
GCACTAAAGAATCGTA-1,,Endo CLDN5 SLC7A5,0
GCACTAAGTAAGCTCT-1,,Endo CLDN5 SLC7A5,6
GCACTAATCCTCCACA-1,,Endo CLDN5 SLC7A5,21
GCACTAATCGGCAGTC-1,,Astro GFAP AQP1,16
GCAGCCACAATGAACA-1,,Endo CLDN5 SLC7A5,13
GCAGCCACACACCTAA-1,,Endo CLDN5 SLC7A5,3
GCAGCCATCGGCTATA-1,,Endo CLDN5 SLC7A5,3
GCAGCTGCACTCTAGA-1,,Oligo MOG OPALIN,1
GCAGCTGCAGCATTGT-1,,Oligo MOG OPALIN,1
GCAGCTGGTACTCCCT-1,,Micro P2RY12 APBB1IP,5
GCAGCTGTCATGCCAA-1,,PC P2RY14 GRM8,18
GCAGGCTGTACTAACC-1,,OPC PDGFRA PCDH15,14
GCAGGCTGTGACCTGC-1,,Endo CLDN5 SLC7A5,2
GCAGGCTTCAGACCGC-1,,Astro GFAP AQP1,16
GCAGGCTTCCGATAGT-1,,Astro AQP4 SLC1A2,7
GCAGTTAAGAGCAAGA-1,,L2-3 CUX2 NTNG1 PALMD,9
GCAGTTAAGTTTGCTG-1,,Endo CLDN5 SLC7A5,0
GCATCGGTCTTTGATC-1,,Endo CLDN5 SLC7A5,22
GCATCTCAGACCAAGC-1,,Endo CLDN5 SLC7A5,6
GCATCTCCACATATGC-1,,Oligo MOG OPALIN,1
GCATCTCTCATCCTGC-1,,Endo CLDN5 SLC7A5,0
GCATGATCATATTCGG-1,,Endo CLDN5 SLC7A5,0
GCATGATTCTCTCCGA-1,,PC P2RY14 GRM8,18
GCATGATTCTTCGTGC-1,,Endo CLDN5 SLC7A5,0
GCATTAGAGAACTCCT-1,,Micro P2RY12 APBB1IP,5
GCATTAGCAGGGAGAG-1,,L6 FEZF2 SYT6 PTPRT,17
GCCAACGCATATGGCT-1,,Astro AQP4 SLC1A2,11
GCCAACGTCGTGGAAG-1,,Oligo MOG OPALIN,1
GCCAGCAAGGTTTGAA-1,,OPC PDGFRA PCDH15,14
GCCAGCACAGAGCGTA-1,,Astro AQP4 SLC1A2,11
GCCAGCATCATTTACC-1,,Endo CLDN5 SLC7A5,3
GCCAGTGCACGCGTCA-1,,Oligo MOG OPALIN,1
GCCAGTGCACTAGTAC-1,,Endo CLDN5 SLC7A5,8
GCCAGTGGTTTAGAGA-1,,Oligo MOG OPALIN,4
GCCAGTGTCCACGTAA-1,,L6 FEZF2 SYT6 PTPRT,17
GCCATGGAGAAGTCTA-1,,Astro AQP4 SLC1A2,7
GCCCAGAGTCAGTCTA-1,,Oligo MOG OPALIN,12
GCCCAGATCTCCCATG-1,,Endo CLDN5 SLC7A5,2
GCCCGAACAAGTGGCA-1,,Endo CLDN5 SLC7A5,8
GCCCGAAGTAGACGTG-1,,Endo CLDN5 SLC7A5,0
GCCCGAATCTGTGCTC-1,,OPC PDGFRA PCDH15,14
GCCGTGAAGGCTGAAC-1,,L2-3 CUX2 NTNG1 PALMD,9
GCCTGTTGTCCTCCTA-1,,Endo CLDN5 SLC7A5,6
GCCTGTTTCGTGTCAA-1,,Micro P2RY12 APBB1IP,5
GCGATCGCATAGGTAA-1,,Endo CLDN5 SLC7A5,22
GCGATCGTCCGTCCTA-1,,InN LAMP5 BMP7,19
GCGGATCCACCGTCGA-1,,Micro P2RY12 APBB1IP,5
GCGTGCAAGCAGGCAT-1,,Endo CLDN5 SLC7A5,8
GCGTGCACACCGAATT-1,,Oligo MOG OPALIN,4
GCGTGCATCACCTCAC-1,,Endo CLDN5 SLC7A5,2
GCGTTTCAGGCAGGTT-1,,Endo CLDN5 SLC7A5,6
GCGTTTCTCTCCATAT-1,,Endo CLDN5 SLC7A5,3
GCTACAAGTCAACATC-1,,Endo CLDN5 SLC7A5,25
GCTACAATCTATACGG-1,,Endo CLDN5 SLC7A5,0
GCTACCTAGGTAGTCG-1,,Endo CLDN5 SLC7A5,0
GCTACCTGTATTGACC-1,,Endo CLDN5 SLC7A5,0
GCTACCTGTGTCCAAT-1,,PC P2RY14 GRM8,18
GCTACCTTCTACAGGT-1,,Endo CLDN5 SLC7A5,6
GCTACCTTCTTAGCCC-1,,Endo CLDN5 SLC7A5,2
GCTCAAAAGCTGTTAC-1,,Oligo MOG OPALIN,4
GCTCAAACAAAGACTA-1,,InN SST HS3ST5,10
GCTCAAATCCCACAGG-1,,Micro P2RY12 APBB1IP,5
GCTCAAATCGCTGTTC-1,,Endo CLDN5 SLC7A5,3
GCTGAATTCGTTGTTT-1,,Endo CLDN5 SLC7A5,0
GCTGCAGCATAGAGGC-1,,Oligo MOG OPALIN,1
GCTGCAGTCGCCGATG-1,,L2-3 CUX2 NTNG1 PALMD,9
GCTTCACCATAGAATG-1,,Endo CLDN5 SLC7A5,3
GCTTCACGTGACACAG-1,,Oligo MOG OPALIN,1
GCTTGGGAGGACTGGT-1,,Endo CLDN5 SLC7A5,21
GCTTGGGAGGCTCCCA-1,,Micro P2RY12 APBB1IP,5
GCTTGGGCACCTTCCA-1,,Oligo MOG OPALIN,4
GCTTGGGTCACACGAT-1,,SMC ACTA2 CNN1,26
GCTTTCGAGAGATGCC-1,,Micro P2RY12 APBB1IP,5
GCTTTCGCACTAGAGG-1,,Endo CLDN5 SLC7A5,0
GCTTTCGCATGTGGCC-1,,InN LAMP5 BMP7,19
GGAACCCCAACTCCCT-1,,InN SST HS3ST5,10
GGAACCCCAGTCACGC-1,,L6 FEZF2 SYT6 PTPRT,17
GGAACCCGTACTCCCT-1,,OPC PDGFRA PCDH15,14
GGAAGTGCAACATCGT-1,,OPC PDGFRA PCDH15,14
GGAAGTGCACTGCACG-1,,Oligo MOG OPALIN,4
GGAAGTGCAGTCAGAG-1,,OPC PDGFRA PCDH15,14
GGAATCTCAATATCCG-1,,Oligo MOG OPALIN,4
GGAATCTTCCACGGAC-1,,L6 FEZF2 SYT6 PTPRT,17
GGAATGGTCATGAGTC-1,,Endo CLDN5 SLC7A5,0
GGAATGGTCGTGTGAT-1,,Micro P2RY12 APBB1IP,5
GGAGAACGTCCTGGTG-1,,Oligo MOG OPALIN,4
GGAGAACTCTCAGTCC-1,,Endo CLDN5 SLC7A5,0
GGAGAACTCTTTGCGC-1,,Endo CLDN5 SLC7A5,2
GGAGATGCAAATACGA-1,,Oligo MOG OPALIN,4
GGAGATGTCTCCCATG-1,,Endo CLDN5 SLC7A5,2
GGAGCAACACACAGCC-1,,SMC ACTA2 CNN1,26
GGAGCAACATCTAACG-1,,Endo CLDN5 SLC7A5,0
GGAGCAAGTATGGGAC-1,,Endo CLDN5 SLC7A5,0
GGAGGATAGCAATAAC-1,,Endo CLDN5 SLC7A5,0
GGAGGATCATGCGTGC-1,,Endo CLDN5 SLC7A5,2
GGAGGTAAGGAACATT-1,,Astro GFAP AQP1,16
GGAGGTAAGGAAGTCC-1,,Oligo MOG OPALIN,12
GGAGGTACATTCTTCA-1,,Micro P2RY12 APBB1IP,5
GGAGGTAGTCGCAGTC-1,,Endo CLDN5 SLC7A5,3
GGAGGTATCCGACAGC-1,,Endo CLDN5 SLC7A5,0
GGAGGTATCGGTGAAG-1,,Oligo MOG OPALIN,1
GGATCTAGTACGGCAA-1,,Oligo MOG OPALIN,4
GGATGTTTCCATCACC-1,,Endo CLDN5 SLC7A5,0
GGATGTTTCCCATGGG-1,,Endo CLDN5 SLC7A5,0
GGCACGTGTCTTGGTA-1,,InN SST HS3ST5,10
GGCACGTTCCTCATAT-1,,OPC PDGFRA PCDH15,14
GGCAGTCGTCCTATAG-1,,Oligo MOG OPALIN,1
GGCAGTCTCCGAAGGA-1,,Endo CLDN5 SLC7A5,3
GGCAGTCTCTATCCAT-1,,Endo CLDN5 SLC7A5,6
GGCGTCATCGGTCATA-1,,OPC PDGFRA PCDH15,14
GGCTGTGAGCGGTATG-1,,Endo CLDN5 SLC7A5,0
GGCTGTGCACATGAAA-1,,Endo CLDN5 SLC7A5,13
GGCTGTGTCGAGCCAC-1,,Endo CLDN5 SLC7A5,0
GGCTTGGAGCGCCGTT-1,,Oligo MOG OPALIN,1
GGCTTGGTCATCGCAA-1,,Endo CLDN5 SLC7A5,24
GGCTTTCAGACATCCT-1,,Endo CLDN5 SLC7A5,3
GGCTTTCCAAGAGATT-1,,Endo CLDN5 SLC7A5,8
GGGAAGTGTGACTATC-1,,Astro AQP4 SLC1A2,7
GGGAAGTGTGATGGCA-1,,Endo CLDN5 SLC7A5,21
GGGACTCCATCCGCGA-1,,Endo CLDN5 SLC7A5,3
GGGACTCGTAAGCTCT-1,,InN LAMP5 BMP7,19
GGGACTCTCGAAGTGG-1,,InN SST HS3ST5,10
GGGAGATTCGGCGATC-1,,L2-3 CUX2 NTNG1 PALMD,9
GGGAGTACAGTATGAA-1,,Endo CLDN5 SLC7A5,25
GGGATCCGTGACCGTC-1,,Endo CLDN5 SLC7A5,20
GGGATCCTCGAGTGAG-1,,L6 FEZF2 SYT6 PTPRT,17
GGGATGAAGCTCGTGC-1,,Endo CLDN5 SLC7A5,2
GGGATGACACTTACAG-1,,Oligo MOG OPALIN,1
GGGATGAGTGAGCCAA-1,,Endo CLDN5 SLC7A5,3
GGGCCATCACGTATAC-1,,Oligo MOG OPALIN,1
GGGCCATCACTCATAG-1,,Endo CLDN5 SLC7A5,0
GGGCCATGTGTAGCAG-1,,Oligo MOG OPALIN,23
GGGCCATTCACCGACG-1,,Endo CLDN5 SLC7A5,0
GGGCCATTCGTTCTGC-1,,Endo CLDN5 SLC7A5,0
GGGCGTTAGACCCGCT-1,,Micro P2RY12 APBB1IP,5
GGGCGTTAGTTCCAGT-1,,L2-3 CUX2 NTNG1 PALMD,9
GGGCGTTGTTTATGCG-1,,Endo CLDN5 SLC7A5,24
GGGCTACAGTTTGTCG-1,,L6 FEZF2 SYT6 PTPRT,17
GGGCTACGTGGAACAC-1,,Oligo MOG OPALIN,23
GGGCTCAAGAGAAGGT-1,,Endo CLDN5 SLC7A5,2
GGGCTCAAGCCTATTG-1,,Astro AQP4 SLC1A2,11
GGGCTCACACCTGCAG-1,,L2-3 CUX2 ACVR1C THSD7A,15
GGGCTCAGTCTGATCA-1,,Endo CLDN5 SLC7A5,0
GGGTAGACAATCGCGC-1,,Oligo MOG OPALIN,12
GGGTAGATCCAGCAAT-1,,Astro AQP4 SLC1A2,7
GGGTATTGTAAGTTGA-1,,Oligo MOG OPALIN,1
GGGTATTGTTAGGGTG-1,,Endo CLDN5 SLC7A5,8
GGGTATTTCGCAGTTA-1,,Micro P2RY12 APBB1IP,5
GGGTCACTCTTTCTAG-1,,Endo CLDN5 SLC7A5,20
GGGTCTGCACGCCAGT-1,,SMC ACTA2 CNN1,26
GGGTCTGTCACAAGGG-1,,Endo CLDN5 SLC7A5,25
GGGTGAAGTCTACAAC-1,,Endo CLDN5 SLC7A5,2
GGGTGAATCCCGAATA-1,,L2-3 CUX2 NTNG1 PALMD,9
GGGTGAATCCTTCAGC-1,,Endo CLDN5 SLC7A5,6
GGGTGTCAGCCGTCGT-1,,Endo CLDN5 SLC7A5,3
GGGTGTCGTAACCAGG-1,,Oligo MOG OPALIN,1
GGGTGTCTCTAGCATG-1,,Endo CLDN5 SLC7A5,6
GGGTTTACACACCTAA-1,,Astro AQP4 SLC1A2,7
GGTAGAGAGTGCGCTC-1,,Endo CLDN5 SLC7A5,6
GGTCACGAGCAGCCCT-1,,Astro AQP4 SLC1A2,11
GGTCACGGTTGCATGT-1,,L6 FEZF2 SYT6 PTPRT,17
GGTCACGTCCCAGGCA-1,,InN SST HS3ST5,10
GGTCTGGAGCCAGACA-1,,Endo CLDN5 SLC7A5,25
GGTCTGGGTGTAAACA-1,,InN LAMP5 BMP7,19
GGTGATTAGCGCAATG-1,,Oligo MOG OPALIN,1
GGTGGCTAGCAAGCCA-1,,Endo CLDN5 SLC7A5,2
GGTGGCTAGTATCCTG-1,,Endo CLDN5 SLC7A5,0
GGTGGCTTCGCCATAA-1,,L6 FEZF2 SYT6 PTPRT,17
GGTGTCGAGAGCCGTA-1,,Oligo MOG OPALIN,1
GGTGTTATCATGCAGT-1,,Endo CLDN5 SLC7A5,13
GGTTAACAGAACTCCT-1,,Micro P2RY12 APBB1IP,5
GGTTAACCACGGTAGA-1,,Oligo MOG OPALIN,4
GGTTAACTCCACTAGA-1,,Endo CLDN5 SLC7A5,2
GGTTGTAAGAAGTATC-1,,Oligo MOG OPALIN,4
GGTTGTAGTATCCCAA-1,,Endo CLDN5 SLC7A5,3
GTAACACCAGGAATCG-1,,Endo CLDN5 SLC7A5,13
GTAACACCATCGCTCT-1,,Endo CLDN5 SLC7A5,20
GTAACACTCTAACGGT-1,,Endo CLDN5 SLC7A5,0
GTAACCAAGTAAACGT-1,,Oligo MOG OPALIN,1
GTAACCAGTGGTCCCA-1,,Astro AQP4 SLC1A2,7
GTAAGTCCAACAGATA-1,,Endo CLDN5 SLC7A5,20
GTAAGTCTCATGAGTC-1,,Endo CLDN5 SLC7A5,0
GTAATCGTCTCCATAT-1,,Endo CLDN5 SLC7A5,2
GTAATGCAGATGCTGG-1,,Endo CLDN5 SLC7A5,6
GTACAACCAAGGGCAT-1,,Endo CLDN5 SLC7A5,3
GTACAACCACGGTGCT-1,,Astro AQP4 SLC1A2,7
GTACAACTCATACGAC-1,,L2-3 CUX2 NTNG1 PALMD,9
GTACAACTCTAGCCAA-1,,L2-3 CUX2 ACVR1C THSD7A,15
GTACAGTCAGCTTTGA-1,,Endo CLDN5 SLC7A5,0
GTACAGTCAGGACGAT-1,,Endo CLDN5 SLC7A5,0
GTAGAAAGTAAGATTG-1,,Endo CLDN5 SLC7A5,0
GTAGAAAGTGTCTTAG-1,,Endo CLDN5 SLC7A5,3
GTAGAAATCTCCCATG-1,,Endo CLDN5 SLC7A5,2
GTAGAGGAGGCATGCA-1,,Oligo MOG OPALIN,4
GTAGAGGTCAATCGGT-1,,SMC ACTA2 CNN1,26
GTAGAGGTCCCATACC-1,,Oligo MOG OPALIN,4
GTAGAGGTCGACGATT-1,,Oligo MOG OPALIN,23
GTAGATCGTATGGTAA-1,,Oligo MOG OPALIN,12
GTAGCTAAGCCACAAG-1,,Endo CLDN5 SLC7A5,0
GTAGGTTCATCCCACT-1,,L2-3 CUX2 NTNG1 PALMD,9
GTAGGTTTCGAGTGGA-1,,Endo CLDN5 SLC7A5,8
GTATTGGTCATTGTTC-1,,InN SST HS3ST5,10
GTATTTCAGAGGTTTA-1,,Oligo MOG OPALIN,1
GTATTTCCACAATGTC-1,,Oligo MOG OPALIN,1
GTCAAACTCTGGAGAG-1,,Endo CLDN5 SLC7A5,8
GTCAAGTAGACTACCT-1,,L6 FEZF2 SYT6 PTPRT,17
GTCAAGTAGTCCCGAC-1,,Endo CLDN5 SLC7A5,6
GTCACTCTCCTGTAGA-1,,L2-3 CUX2 NTNG1 PALMD,9
GTCAGCGTCCCTCATG-1,,Endo CLDN5 SLC7A5,20
GTCATCCTCCACCTCA-1,,Oligo MOG OPALIN,1
GTCATTTAGGAAACGA-1,,Endo CLDN5 SLC7A5,3
GTCATTTCATGACTTG-1,,Endo CLDN5 SLC7A5,6
GTCATTTGTAATGCTC-1,,Oligo MOG OPALIN,12
GTCATTTGTGGTCTCG-1,,Endo CLDN5 SLC7A5,3
GTCCACTTCACCTGGG-1,,Endo CLDN5 SLC7A5,24
GTCCCATGTAACTGCT-1,,Endo CLDN5 SLC7A5,0
GTCCCATGTACTGCCG-1,,Endo CLDN5 SLC7A5,0
GTCCCATGTTTACCAG-1,,Endo CLDN5 SLC7A5,0
GTCCCATTCTGACGCG-1,,Endo CLDN5 SLC7A5,8
GTCCTCAAGCACTCAT-1,,Oligo MOG OPALIN,4
GTCCTCATCCATTGCC-1,,Endo CLDN5 SLC7A5,21
GTCCTCATCGTGAGAG-1,,InN SST HS3ST5,10
GTCGAATGTTGAGAGC-1,,Endo CLDN5 SLC7A5,6
GTCGCGAAGACGGTTG-1,,Oligo MOG OPALIN,1
GTCGCGACAGATACTC-1,,Micro P2RY12 APBB1IP,5
GTCGCGATCTCACGAA-1,,Oligo MOG OPALIN,1
GTCGCGATCTTCCGTG-1,,Endo CLDN5 SLC7A5,2
GTCGTAACAGCAATTC-1,,Endo CLDN5 SLC7A5,0
GTCGTTCCACACCGCA-1,,Astro AQP4 SLC1A2,7
GTCTACCGTTACCTGA-1,,Endo CLDN5 SLC7A5,2
GTCTACCTCAGACCGC-1,,Astro AQP4 SLC1A2,7
GTCTAGACACAATTCG-1,,Endo CLDN5 SLC7A5,6
GTCTAGAGTACGTGAG-1,,InN SST HS3ST5,10
GTCTCACAGTCTGCAT-1,,Endo CLDN5 SLC7A5,21
GTCTCACGTGTCCACG-1,,InN LAMP5 BMP7,19
GTCTGTCCAGTATTCG-1,,Oligo MOG OPALIN,12
GTCTGTCTCGATTGAC-1,,Micro P2RY12 APBB1IP,5
GTCTTTAAGAAGCGAA-1,,Oligo MOG OPALIN,23
GTGACGCAGGATACGC-1,,L2-3 CUX2 NTNG1 PALMD,9
GTGACGCCAGCGTAGA-1,,Endo CLDN5 SLC7A5,22
GTGAGCCCAAGCGGAT-1,,Oligo MOG OPALIN,4
GTGAGGAAGAGAGGTA-1,,Endo CLDN5 SLC7A5,2
GTGAGGACAACTTGCA-1,,Astro AQP4 SLC1A2,11
GTGAGGACAGCGTTTA-1,,Endo CLDN5 SLC7A5,13
GTGAGGACAGGCTACC-1,,OPC PDGFRA PCDH15,14
GTGAGTTGTAAGGCCA-1,,Endo CLDN5 SLC7A5,2
GTGAGTTTCCAAATGC-1,,Endo CLDN5 SLC7A5,13
GTGATGTCATATACCG-1,,Endo CLDN5 SLC7A5,8
GTGCACGAGGGTACGT-1,,Endo CLDN5 SLC7A5,3
GTGCACGCATTGACAC-1,,Oligo MOG OPALIN,1
GTGCAGCTCCTGTTAT-1,,Endo CLDN5 SLC7A5,8
GTGCAGCTCTCTCTAA-1,,Endo CLDN5 SLC7A5,2
GTGCTGGAGATTGTGA-1,,Endo CLDN5 SLC7A5,0
GTGGAGAAGCGTTAGG-1,,Oligo MOG OPALIN,1
GTGGAGACACTAGGCC-1,,Endo CLDN5 SLC7A5,8
GTGGAGAGTCTTTATC-1,,Endo CLDN5 SLC7A5,0
GTGGCGTCAAAGGGCT-1,,Endo CLDN5 SLC7A5,0
GTGGCGTCATTCATCT-1,,OPC PDGFRA PCDH15,14
GTGGGAACACAACGTT-1,,Astro AQP4 SLC1A2,11
GTGGGAACAGGAATAT-1,,Endo CLDN5 SLC7A5,13
GTGGGAAGTCTGATCA-1,,Endo CLDN5 SLC7A5,8
GTGGTTACACTTGTCC-1,,Astro GFAP AQP1,16
GTGTCCTCATGACTCA-1,,Endo CLDN5 SLC7A5,0
GTGTGATAGAGGTGCT-1,,Endo CLDN5 SLC7A5,3
GTGTGATCAGCTGAAG-1,,Oligo MOG OPALIN,4
GTGTGATGTAGCTGTT-1,,Endo CLDN5 SLC7A5,25
GTGTGATTCAAGGACG-1,,Endo CLDN5 SLC7A5,0
GTGTGGCGTCACCGCA-1,,Micro P2RY12 APBB1IP,5
GTGTTAGAGCCTCAGC-1,,Oligo MOG OPALIN,1
GTGTTAGTCTCCAATT-1,,Oligo MOG OPALIN,1
GTGTTCCTCCGTAATG-1,,L2-3 CUX2 ACVR1C THSD7A,15
GTTACAGAGCATGGGT-1,,Endo CLDN5 SLC7A5,0
GTTACAGCACTCTCGT-1,,Endo CLDN5 SLC7A5,0
GTTACCCCATAATCCG-1,,Endo CLDN5 SLC7A5,0
GTTACCCGTAGCGCTC-1,,Endo CLDN5 SLC7A5,0
GTTACCCTCCGATCTC-1,,Endo CLDN5 SLC7A5,3
GTTACGAGTTGCATGT-1,,Endo CLDN5 SLC7A5,3
GTTACGAGTTGGGATG-1,,L2-3 CUX2 ACVR1C THSD7A,15
GTTAGACCAGTCCGTG-1,,Endo CLDN5 SLC7A5,2
GTTAGACGTTGTCAGT-1,,PC P2RY14 GRM8,18
GTTAGACTCCCAGTGG-1,,Endo CLDN5 SLC7A5,0
GTTAGTGGTGCCCACA-1,,Endo CLDN5 SLC7A5,24
GTTCATTAGAGTATAC-1,,PC P2RY14 GRM8,18
GTTCATTAGCCTCAAT-1,,Endo CLDN5 SLC7A5,8
GTTCATTCACACCGCA-1,,Oligo MOG OPALIN,1
GTTCATTCAGGGTCTC-1,,Endo CLDN5 SLC7A5,3
GTTCATTCATCCAATG-1,,Endo CLDN5 SLC7A5,0
GTTCCGTAGGAAAGAC-1,,Endo CLDN5 SLC7A5,8
GTTCCGTGTACGGATG-1,,Oligo MOG OPALIN,1
GTTCCGTGTCATACCA-1,,Oligo MOG OPALIN,4
GTTCGCTCACCTGAAT-1,,Endo CLDN5 SLC7A5,2
GTTCGCTGTCCTCATC-1,,Oligo MOG OPALIN,4
GTTCGCTTCGCATGAT-1,,InN LAMP5 BMP7,19
GTTCGCTTCTACAGGT-1,,Endo CLDN5 SLC7A5,22
GTTCTATCACGTCGGT-1,,L6 FEZF2 SYT6 PTPRT,17
GTTCTATGTGTTACTG-1,,Astro AQP4 SLC1A2,7
GTTGCGGCATCCTTCG-1,,Oligo MOG OPALIN,4
GTTGTAGGTGTGAGCA-1,,OPC PDGFRA PCDH15,14
GTTGTAGTCCACGGAC-1,,Endo CLDN5 SLC7A5,21
GTTGTCCGTTCGGTTA-1,,Oligo MOG OPALIN,4
GTTGTCCTCAACCTCC-1,,Endo CLDN5 SLC7A5,0
GTTGTGAAGTCCTACA-1,,Astro AQP4 SLC1A2,7
GTTGTGACACGCTGTG-1,,Endo CLDN5 SLC7A5,8
GTTGTGATCTGAGTCA-1,,InN SST HS3ST5,10
GTTTACTGTTTGGAAA-1,,PC P2RY14 GRM8,18
GTTTGGATCCATCGTC-1,,InN SST HS3ST5,10
TAACACGTCACACCCT-1,,Oligo MOG OPALIN,12
TAACACGTCCACCTGT-1,,Endo CLDN5 SLC7A5,0
TAACACGTCTAGACCA-1,,Endo CLDN5 SLC7A5,2
TAACCAGGTAGCGTCC-1,,Endo CLDN5 SLC7A5,22
TAACCAGTCTATCGTT-1,,Endo CLDN5 SLC7A5,20
TAACCAGTCTCCCATG-1,,Endo CLDN5 SLC7A5,2
TAACGACAGGCTAGCA-1,,InN LAMP5 BMP7,19
TAACGACAGTGATAAC-1,,L2-3 CUX2 NTNG1 PALMD,9
TAACGACCAAATGATG-1,,Astro AQP4 SLC1A2,11
TAACGACCAGAGTCAG-1,,Astro AQP4 SLC1A2,11
TAACGACCAGTCGAGA-1,,Oligo MOG OPALIN,4
TAACTTCGTGTAACGG-1,,Endo CLDN5 SLC7A5,8
TAAGCACGTATGGGAC-1,,L2-3 CUX2 ACVR1C THSD7A,15
TAAGCCATCTGATGGT-1,,Endo CLDN5 SLC7A5,0
TAAGCGTGTCTTGCTC-1,,Oligo MOG OPALIN,1
TAAGCGTGTGAATAAC-1,,Endo CLDN5 SLC7A5,0
TAAGCGTGTGGCCCAT-1,,Endo CLDN5 SLC7A5,3
TAAGCGTGTTGTGCCG-1,,Oligo MOG OPALIN,1
TAAGTCGCAATTTCTC-1,,InN SST HS3ST5,10
TAAGTCGCATTGGATC-1,,Endo CLDN5 SLC7A5,22
TAAGTCGTCGCCAGAC-1,,Endo CLDN5 SLC7A5,0
TAATCTCAGCGTATAA-1,,Endo CLDN5 SLC7A5,21
TAATTCCAGTGGTGAC-1,,Endo CLDN5 SLC7A5,21
TAATTCCCATCATTTC-1,,Endo CLDN5 SLC7A5,6
TAATTCCCATGTCGTA-1,,Endo CLDN5 SLC7A5,8
TACAACGGTCGATTCA-1,,Endo CLDN5 SLC7A5,6
TACACCCAGGTGATAT-1,,Endo CLDN5 SLC7A5,0
TACACCCGTCGTATGT-1,,Endo CLDN5 SLC7A5,20
TACAGGTAGTGGCAGT-1,,Endo CLDN5 SLC7A5,3
TACATTCGTGCCGAAA-1,,Endo CLDN5 SLC7A5,0
TACCCACAGAGCAGAA-1,,PC P2RY14 GRM8,18
TACCCACAGCGAACTG-1,,Endo CLDN5 SLC7A5,0
TACCCACGTGTAGTGG-1,,Oligo MOG OPALIN,1
TACCCGTCACGAGGAT-1,,Endo CLDN5 SLC7A5,2
TACCCGTGTCACATTG-1,,L2-3 CUX2 ACVR1C THSD7A,15
TACCCGTGTGTTCAGT-1,,Endo CLDN5 SLC7A5,0
TACCGAAAGTGCACAG-1,,PC P2RY14 GRM8,18
TACCGGGAGGTCACAG-1,,Astro AQP4 SLC1A2,11
TACCGGGCAGAGGTTG-1,,Endo CLDN5 SLC7A5,2
TACCGGGGTGCGAGTA-1,,Endo CLDN5 SLC7A5,13
TACCGGGGTTTACTGG-1,,Endo CLDN5 SLC7A5,0
TACCGGGTCCCTCGAT-1,,InN LAMP5 BMP7,19
TACCTCGAGTCCCGAC-1,,Endo CLDN5 SLC7A5,3
TACCTCGGTAGGTACG-1,,InN LAMP5 BMP7,19
TACCTGCAGGGTAATT-1,,Micro P2RY12 APBB1IP,5
TACCTGCAGTTAGTAG-1,,Oligo MOG OPALIN,12
TACCTGCCAAGACAAT-1,,InN SST HS3ST5,10
TACCTGCGTCAGATTC-1,,Endo CLDN5 SLC7A5,3
TACGGGCAGACAGCTG-1,,PC P2RY14 GRM8,18
TACGGGCCATCCGATA-1,,Oligo MOG OPALIN,1
TACGGGCTCAGCGCGT-1,,Endo CLDN5 SLC7A5,0
TACGGTAAGTAAACAC-1,,Endo CLDN5 SLC7A5,6
TACGGTATCTAGTTCT-1,,Endo CLDN5 SLC7A5,3
TACGTCCCACATTGTG-1,,L2-3 CUX2 NTNG1 PALMD,9
TACTGCCGTTAATCGC-1,,Micro P2RY12 APBB1IP,5
TACTGCCTCAAAGACA-1,,Micro P2RY12 APBB1IP,5
TACTTACCACAACATC-1,,Endo CLDN5 SLC7A5,20
TACTTACTCTATGTGG-1,,Astro AQP4 SLC1A2,7
TACTTCAAGAGTTGAT-1,,Endo CLDN5 SLC7A5,0
TACTTCAAGTGGAATT-1,,Astro AQP4 SLC1A2,7
TACTTCAGTACCCGCA-1,,Endo CLDN5 SLC7A5,24
TACTTGTAGCACGTCC-1,,L2-3 CUX2 ACVR1C THSD7A,15
TACTTGTAGCTGGCTC-1,,Oligo MOG OPALIN,12
TACTTGTAGGACTATA-1,,Micro P2RY12 APBB1IP,5
TACTTGTGTCTTCCGT-1,,Endo CLDN5 SLC7A5,2
TAGACCACAATCGCGC-1,,Astro AQP4 SLC1A2,11
TAGACCAGTTTCTTAC-1,,Endo CLDN5 SLC7A5,25
TAGACTGAGACAGCTG-1,,Endo CLDN5 SLC7A5,6
TAGACTGAGACCGTTT-1,,OPC PDGFRA PCDH15,14
TAGACTGCACGCAAAG-1,,Endo CLDN5 SLC7A5,13
TAGAGTCGTAGTGCGA-1,,Endo CLDN5 SLC7A5,0
TAGAGTCGTGACATCT-1,,L6 FEZF2 SYT6 PTPRT,17
TAGATCGGTACCGTGC-1,,Endo CLDN5 SLC7A5,24
TAGCACAAGCGTGAAC-1,,Oligo MOG OPALIN,4
TAGGAGGGTTGTCCCT-1,,Endo CLDN5 SLC7A5,0
TAGGGTTAGTAGCCAG-1,,Endo CLDN5 SLC7A5,2
TAGGGTTTCGAGATGG-1,,Endo CLDN5 SLC7A5,0
TAGGTACAGCTTTCTT-1,,Endo CLDN5 SLC7A5,0
TAGGTACGTAACCCTA-1,,Oligo MOG OPALIN,1
TAGGTACTCAGCGGAA-1,,L2-3 CUX2 NTNG1 PALMD,9
TAGGTACTCTATACGG-1,,Endo CLDN5 SLC7A5,22
TAGGTTGCACGAGAAC-1,,InN SST HS3ST5,10
TAGGTTGCAGCAATTC-1,,Endo CLDN5 SLC7A5,22
TAGGTTGTCTGAATCG-1,,Oligo MOG OPALIN,4
TAGGTTGTCTTTGCAT-1,,Astro AQP4 SLC1A2,7
TATACCTTCAGCCTTC-1,,Astro AQP4 SLC1A2,11
TATACCTTCCATTCGC-1,,Endo CLDN5 SLC7A5,3
TATACCTTCGACATCA-1,,Oligo MOG OPALIN,23
TATATCCCACATTCGA-1,,Endo CLDN5 SLC7A5,6
TATATCCCAGATTCGT-1,,Endo CLDN5 SLC7A5,20
TATATCCCATGTTACG-1,,Endo CLDN5 SLC7A5,0
TATATCCTCCTTCTAA-1,,Endo CLDN5 SLC7A5,0
TATCAGGTCCATACAG-1,,L6 FEZF2 SYT6 PTPRT,17
TATCGCCAGCGATGAC-1,,Oligo MOG OPALIN,1
TATCGCCGTGAATGTA-1,,Endo CLDN5 SLC7A5,6
TATCGCCGTGGCCACT-1,,Oligo MOG OPALIN,4
TATCGCCTCGTTACCC-1,,PC P2RY14 GRM8,18
TATCTGTAGACATGCG-1,,L2-3 CUX2 ACVR1C THSD7A,15
TATGTTCGTTTACCAG-1,,Endo CLDN5 SLC7A5,20
TATTCCATCTCTAAGG-1,,Endo CLDN5 SLC7A5,3
TATTGCTAGACAAGCC-1,,Oligo MOG OPALIN,23
TATTGCTAGGTGCTTT-1,,Astro AQP4 SLC1A2,7
TATTGCTGTAGGTGCA-1,,Endo CLDN5 SLC7A5,3
TATTGCTTCGCTCTCA-1,,Endo CLDN5 SLC7A5,0
TATTGCTTCTGCCTCA-1,,Endo CLDN5 SLC7A5,21
TATTGGGAGCGTATAA-1,,InN SST HS3ST5,10
TATTGGGTCTCGGTCT-1,,Endo CLDN5 SLC7A5,8
TATTTCGAGTGGTTCT-1,,Oligo MOG OPALIN,12
TATTTCGCACAGCATT-1,,Endo CLDN5 SLC7A5,3
TATTTCGTCCGTAATG-1,,Endo CLDN5 SLC7A5,0
TATTTCGTCTAGCAAC-1,,Oligo MOG OPALIN,1
TATTTCGTCTGGCCAG-1,,Oligo MOG OPALIN,23
TATTTCGTCTGTCTCG-1,,Endo CLDN5 SLC7A5,0
TCAAGACCATGACGGA-1,,Endo CLDN5 SLC7A5,13
TCAAGACTCGGTGTTA-1,,Oligo MOG OPALIN,12
TCAAGCAAGTCATGCT-1,,Endo CLDN5 SLC7A5,2
TCAAGCACATCTCATT-1,,Endo CLDN5 SLC7A5,22
TCAAGCAGTGTGTGGA-1,,Endo CLDN5 SLC7A5,25
TCAAGTGAGGGATCGT-1,,OPC PDGFRA PCDH15,14
TCAAGTGCAGGTAGTG-1,,Endo CLDN5 SLC7A5,0
TCAAGTGTCTCGGTAA-1,,Endo CLDN5 SLC7A5,2
TCAATCTAGAAACTCA-1,,OPC PDGFRA PCDH15,14
TCAATCTGTGGGTCAA-1,,Endo CLDN5 SLC7A5,0
TCAATCTTCTGATTCT-1,,Endo CLDN5 SLC7A5,8
TCAATTCAGCATGATA-1,,Astro AQP4 SLC1A2,7
TCAATTCCAAATACGA-1,,Astro AQP4 SLC1A2,11
TCAATTCCACGATTCA-1,,Oligo MOG OPALIN,1
TCAATTCGTATGAGAT-1,,Endo CLDN5 SLC7A5,21
TCACAAGAGACTAGAT-1,,Endo CLDN5 SLC7A5,8
TCACAAGAGCATGGGT-1,,Endo CLDN5 SLC7A5,2
TCACACCGTGAGCAGT-1,,Endo CLDN5 SLC7A5,0
TCACGCTCACCTATCC-1,,Endo CLDN5 SLC7A5,0
TCACGCTGTACTCCGG-1,,Oligo MOG OPALIN,4
TCACGCTTCGCGCTGA-1,,Astro AQP4 SLC1A2,7
TCACGGGAGGCTGGAT-1,,SMC ACTA2 CNN1,26
TCACGGGTCTTTCAGT-1,,Endo CLDN5 SLC7A5,0
TCACTATCAAATACAG-1,,Astro AQP4 SLC1A2,11
TCACTATCATGTCGTA-1,,Endo CLDN5 SLC7A5,6
TCACTATGTTACCTTT-1,,Endo CLDN5 SLC7A5,3
TCACTCGAGCGGGTAT-1,,Endo CLDN5 SLC7A5,6
TCACTCGAGGTAACTA-1,,Endo CLDN5 SLC7A5,3
TCACTCGCAAATGAGT-1,,Astro AQP4 SLC1A2,11
TCACTCGCATGTACGT-1,,Endo CLDN5 SLC7A5,0
TCAGCAAGTCCAGTTA-1,,Endo CLDN5 SLC7A5,3
TCAGGGCTCCGAGTGC-1,,Astro GFAP AQP1,16
TCAGGTAGTGTCCTAA-1,,Oligo MOG OPALIN,23
TCAGTCCCACCACTGG-1,,L2-3 CUX2 ACVR1C THSD7A,15
TCAGTCCCAGCTTTCC-1,,OPC PDGFRA PCDH15,14
TCAGTCCGTTCTTAGG-1,,Endo CLDN5 SLC7A5,20
TCAGTGAGTATACCCA-1,,PC P2RY14 GRM8,18
TCAGTTTGTCCTTGTC-1,,L2-3 CUX2 NTNG1 PALMD,9
TCATACTCAGATCCTA-1,,Endo CLDN5 SLC7A5,25
TCATACTGTCGATGCC-1,,Endo CLDN5 SLC7A5,8
TCATATCAGCCGATAG-1,,Endo CLDN5 SLC7A5,6
TCATCATGTCACAATC-1,,Astro AQP4 SLC1A2,11
TCATCCGAGGTTCTTG-1,,Endo CLDN5 SLC7A5,22
TCATCCGAGTTTAGGA-1,,Astro AQP4 SLC1A2,7
TCATGAGAGAAGTATC-1,,Endo CLDN5 SLC7A5,25
TCATGAGCATCCAACA-1,,Oligo MOG OPALIN,4
TCATGCCTCGACGATT-1,,Endo CLDN5 SLC7A5,6
TCATGGAAGGTAGCAC-1,,Astro AQP4 SLC1A2,11
TCATGTTCAAGTGGAC-1,,Endo CLDN5 SLC7A5,20
TCATGTTTCCTTCAGC-1,,Oligo MOG OPALIN,1
TCATTACAGATGTAGT-1,,PC P2RY14 GRM8,18
TCATTACTCAAGAGTA-1,,Oligo MOG OPALIN,4
TCATTACTCATCGACA-1,,Endo CLDN5 SLC7A5,3
TCATTCAAGTTGCGCC-1,,Astro AQP4 SLC1A2,7
TCATTGTAGCTTTCCC-1,,Endo CLDN5 SLC7A5,3
TCATTGTAGGGAGAAT-1,,InN SST HS3ST5,10
TCATTGTCACGGGCTT-1,,Endo CLDN5 SLC7A5,0
TCATTGTCAGGGATAC-1,,Astro AQP4 SLC1A2,11
TCATTTGTCAGCAATC-1,,Oligo MOG OPALIN,1
TCATTTGTCCCTCATG-1,,Endo CLDN5 SLC7A5,0
TCATTTGTCTCCCATG-1,,Endo CLDN5 SLC7A5,2
TCCACCAAGGAGACCT-1,,Endo CLDN5 SLC7A5,3
TCCACCACAGCTGTCG-1,,Oligo MOG OPALIN,1
TCCACGTCAACCTATG-1,,Endo CLDN5 SLC7A5,6
TCCAGAATCAGGAAAT-1,,L2-3 CUX2 ACVR1C THSD7A,15
TCCATCGAGGCCTAGA-1,,Endo CLDN5 SLC7A5,0
TCCATCGGTCACTCGG-1,,Endo CLDN5 SLC7A5,22
TCCATCGGTTGACTGT-1,,Endo CLDN5 SLC7A5,25
TCCATCGTCATTGCTT-1,,InN SST HS3ST5,10
TCCATGCAGGTACTGG-1,,Micro P2RY12 APBB1IP,5
TCCATGCTCATCCTGC-1,,L2-3 CUX2 NTNG1 PALMD,9
TCCATGCTCTGCGAGC-1,,PC P2RY14 GRM8,18
TCCCACACACGCACCA-1,,L2-3 CUX2 NTNG1 PALMD,9
TCCGAAACAATCCTAG-1,,Astro AQP4 SLC1A2,11
TCCGAAACAGACTGCC-1,,Astro AQP4 SLC1A2,11
TCCGAAAGTAGCTTGT-1,,Endo CLDN5 SLC7A5,3
TCCGGGAAGTGTACCT-1,,InN SST HS3ST5,10
TCCGGGATCGATCCCT-1,,Endo CLDN5 SLC7A5,21
TCCGTGTTCGTGGGTC-1,,Oligo MOG OPALIN,1
TCCTAATAGGAAGTAG-1,,Astro AQP4 SLC1A2,11
TCCTAATTCCCTCATG-1,,Endo CLDN5 SLC7A5,2
TCCTAATTCCGTTTCG-1,,Micro P2RY12 APBB1IP,5
TCCTCCCAGCTATCTG-1,,Endo CLDN5 SLC7A5,0
TCCTCCCGTATCGCGC-1,,Endo CLDN5 SLC7A5,2
TCCTCCCGTCCACTTC-1,,Oligo MOG OPALIN,4
TCCTCCCGTGGAACAC-1,,Astro GFAP AQP1,16
TCCTCCCGTTGGTAGG-1,,L2-3 CUX2 NTNG1 PALMD,9
TCCTCGAAGTACGAGC-1,,Oligo MOG OPALIN,23
TCCTCGACACGTCGGT-1,,Oligo MOG OPALIN,1
TCCTCGAGTCCCAAAT-1,,Oligo MOG OPALIN,23
TCCTCGAGTGGGACAT-1,,Oligo MOG OPALIN,12
TCCTCTTTCATCGCAA-1,,Oligo MOG OPALIN,4
TCCTCTTTCGATTCCC-1,,Endo CLDN5 SLC7A5,0
TCCTTCTCACTCGATA-1,,L6 FEZF2 SYT6 PTPRT,17
TCCTTCTGTGATGGCA-1,,Endo CLDN5 SLC7A5,3
TCCTTCTTCACTACGA-1,,L2-3 CUX2 NTNG1 PALMD,9
TCCTTTCCATGAGAAT-1,,Endo CLDN5 SLC7A5,13
TCGAACATCCCTCTCC-1,,Astro AQP4 SLC1A2,7
TCGAACATCCTTTGAT-1,,Endo CLDN5 SLC7A5,8
TCGAACATCTTGGCTC-1,,Astro GFAP AQP1,16
TCGAAGTCAAGCACCC-1,,Endo CLDN5 SLC7A5,2
TCGAAGTGTTGTGCCG-1,,L6 FEZF2 SYT6 PTPRT,17
TCGAAGTTCTCCTACG-1,,Oligo MOG OPALIN,1
TCGATTTAGAAACTCA-1,,Oligo MOG OPALIN,23
TCGATTTCATGACACT-1,,L2-3 CUX2 ACVR1C THSD7A,15
TCGCACTAGATCCCGC-1,,Oligo MOG OPALIN,1
TCGCACTCAGGGTCTC-1,,Endo CLDN5 SLC7A5,0
TCGCACTTCCACAAGT-1,,Endo CLDN5 SLC7A5,3
TCGCTCATCTGAATGC-1,,L2-3 CUX2 NTNG1 PALMD,9
TCGCTTGAGCCGTCGT-1,,L2-3 CUX2 NTNG1 PALMD,9
TCGGGACCAACAGCCC-1,,PC P2RY14 GRM8,18
TCGGGACTCAAGTGGG-1,,Endo CLDN5 SLC7A5,8
TCGGGCATCGAGCCAC-1,,Oligo MOG OPALIN,4
TCGGGTGCAGGTTCCG-1,,Oligo MOG OPALIN,4
TCGGGTGTCGAGAATA-1,,Astro AQP4 SLC1A2,11
TCGGGTGTCTGGACTA-1,,Oligo MOG OPALIN,4
TCGGTCTCATCCTATT-1,,SMC ACTA2 CNN1,26
TCGGTCTCATGACAAA-1,,Oligo MOG OPALIN,12
TCGTAGACATCATTGG-1,,Micro P2RY12 APBB1IP,5
TCGTAGACATGATCTG-1,,L6 FEZF2 SYT6 PTPRT,17
TCGTAGAGTCCAATCA-1,,Oligo MOG OPALIN,1
TCGTGCTCATAGATGA-1,,Oligo MOG OPALIN,23
TCGTGGGAGTGAGGCT-1,,Endo CLDN5 SLC7A5,8
TCGTGGGCACTTCAAG-1,,Endo CLDN5 SLC7A5,3
TCGTGGGTCCTGATAG-1,,Oligo MOG OPALIN,4
TCGTGGGTCTGCTAGA-1,,L2-3 CUX2 ACVR1C THSD7A,15
TCTAACTAGCACTCGC-1,,Endo CLDN5 SLC7A5,13
TCTAACTCAGACAAGC-1,,Endo CLDN5 SLC7A5,3
TCTAACTTCAGAGCAG-1,,OPC PDGFRA PCDH15,14
TCTAACTTCGCCTATC-1,,Endo CLDN5 SLC7A5,21
TCTACATAGTACCGGA-1,,Endo CLDN5 SLC7A5,24
TCTACATCACCAATTG-1,,Oligo MOG OPALIN,1
TCTACATGTCCTGTTC-1,,Endo CLDN5 SLC7A5,3
TCTACCGGTCACTCAA-1,,Oligo MOG OPALIN,4
TCTACCGGTGTGGACA-1,,L2-3 CUX2 ACVR1C THSD7A,15
TCTACCGGTTCGTTCC-1,,Oligo MOG OPALIN,4
TCTACCGTCTGTGCGG-1,,Oligo MOG OPALIN,1
TCTATACTCGGTCTAA-1,,Endo CLDN5 SLC7A5,8
TCTATACTCTTAGCAG-1,,Oligo MOG OPALIN,12
TCTATCAGTAGCGAGT-1,,InN SST HS3ST5,10
TCTCACGAGCTTCGTA-1,,PC P2RY14 GRM8,18
TCTCACGCACACCGCA-1,,Endo CLDN5 SLC7A5,0
TCTCACGCACAGAAGC-1,,Oligo MOG OPALIN,12
TCTCAGCAGGAATCGC-1,,Endo CLDN5 SLC7A5,2
TCTCAGCCAATCAAGA-1,,L2-3 CUX2 NTNG1 PALMD,9
TCTCCGAAGGCCTTCG-1,,Micro P2RY12 APBB1IP,5
TCTCCGAAGGTTGAGC-1,,Oligo MOG OPALIN,12
TCTCCGAAGTTGCGAG-1,,Endo CLDN5 SLC7A5,6
TCTGCCAAGTTAGTGA-1,,Endo CLDN5 SLC7A5,8
TCTGTCGCATACCATG-1,,Endo CLDN5 SLC7A5,8
TCTGTCGCATTGCAAC-1,,Astro AQP4 SLC1A2,7
TCTGTCGGTCTGATCA-1,,Oligo MOG OPALIN,12
TCTGTCGTCATCCTGC-1,,Astro AQP4 SLC1A2,7
TCTTAGTAGGAATCGC-1,,Endo CLDN5 SLC7A5,0
TCTTAGTCAAGGGCAT-1,,Oligo MOG OPALIN,12
TCTTCCTCAATATCCG-1,,Endo CLDN5 SLC7A5,3
TCTTCCTGTCAGTCTA-1,,Astro AQP4 SLC1A2,7
TCTTGCGTCTGGGAGA-1,,Endo CLDN5 SLC7A5,20
TCTTTGATCAGTGTGT-1,,Endo CLDN5 SLC7A5,13
TGAACGTAGGCCACTC-1,,Micro P2RY12 APBB1IP,5
TGAACGTCACCATATG-1,,Endo CLDN5 SLC7A5,0
TGAACGTGTGACTCGC-1,,Oligo MOG OPALIN,23
TGAACGTTCTGCATGA-1,,Endo CLDN5 SLC7A5,2
TGAATCGAGAGTCAGC-1,,L2-3 CUX2 ACVR1C THSD7A,15
TGAATCGCACTCAAGT-1,,Endo CLDN5 SLC7A5,13
TGAATCGCAGCCGTCA-1,,Astro GFAP AQP1,16
TGAATCGTCGATTGAC-1,,InN LAMP5 BMP7,19
TGACCCTCACGAGGAT-1,,Endo CLDN5 SLC7A5,0
TGACCCTCAGTGTGCC-1,,Oligo MOG OPALIN,12
TGACTCCGTTGGAGAC-1,,Endo CLDN5 SLC7A5,0
TGACTCCTCCATGAGT-1,,Astro AQP4 SLC1A2,7
TGAGACTAGGATTTAG-1,,Oligo MOG OPALIN,1
TGAGACTCAGCACAGA-1,,Endo CLDN5 SLC7A5,0
TGAGACTGTCGGAACA-1,,Endo CLDN5 SLC7A5,24
TGAGCATCAAAGACTA-1,,Endo CLDN5 SLC7A5,22
TGAGCATGTCGCGTTG-1,,Oligo MOG OPALIN,1
TGAGCATGTGTGACCC-1,,Endo CLDN5 SLC7A5,0
TGAGCATTCCGTCCTA-1,,Endo CLDN5 SLC7A5,22
TGAGCATTCGAGAATA-1,,Micro P2RY12 APBB1IP,5
TGAGCGCAGCGCCCAT-1,,Astro AQP4 SLC1A2,11
TGAGCGCAGTTTCGAC-1,,SMC ACTA2 CNN1,26
TGAGCGCCACTGTCGG-1,,Astro AQP4 SLC1A2,7
TGAGCGCTCAACGAGG-1,,Astro AQP4 SLC1A2,11
TGAGGAGCACGACGCT-1,,L6 FEZF2 SYT6 PTPRT,17
TGAGGGACAAGGATGC-1,,Endo CLDN5 SLC7A5,0
TGAGGGATCGCACGGT-1,,Oligo MOG OPALIN,12
TGAGGGATCTTTCTAG-1,,Endo CLDN5 SLC7A5,21
TGAGGTTGTCCCGCAA-1,,Micro P2RY12 APBB1IP,5
TGAGGTTGTCGACTGC-1,,Endo CLDN5 SLC7A5,0
TGAGGTTGTCTCCCTA-1,,InN LAMP5 BMP7,19
TGAGGTTGTTTCCATT-1,,InN SST HS3ST5,10
TGAGTCATCTGCCCTA-1,,L2-3 CUX2 NTNG1 PALMD,9
TGATCAGCAAGTCCAT-1,,Astro AQP4 SLC1A2,7
TGATCAGGTCGGTACC-1,,Endo CLDN5 SLC7A5,0
TGATCTTAGGTACCTT-1,,Oligo MOG OPALIN,1
TGATGCAAGGTTCAGG-1,,PC P2RY14 GRM8,18
TGATGCACACTGATTG-1,,Endo CLDN5 SLC7A5,13
TGATGCACATTGAGGG-1,,Oligo MOG OPALIN,4
TGATGGTAGCATTTCG-1,,OPC PDGFRA PCDH15,14
TGATGGTGTACTGACT-1,,Endo CLDN5 SLC7A5,13
TGATTTCCACAAGCTT-1,,Oligo MOG OPALIN,4
TGATTTCGTACGTTCA-1,,Endo CLDN5 SLC7A5,2
TGATTTCGTTATAGAG-1,,Astro GFAP AQP1,16
TGATTTCTCGTTCCCA-1,,Micro P2RY12 APBB1IP,5
TGCACGGAGTAGTCTC-1,,Oligo MOG OPALIN,4
TGCAGATAGGCTCCCA-1,,Oligo MOG OPALIN,1
TGCAGATGTACAAACA-1,,Endo CLDN5 SLC7A5,3
TGCAGATGTCTGCAAT-1,,Oligo MOG OPALIN,4
TGCAGGCCAAGCTCTA-1,,Endo CLDN5 SLC7A5,20
TGCAGGCGTGATAGAT-1,,Micro P2RY12 APBB1IP,5
TGCAGTATCCGAACGC-1,,Oligo MOG OPALIN,12
TGCATCCAGCCAAGGT-1,,Oligo MOG OPALIN,4
TGCATGAAGAGATTCA-1,,SMC ACTA2 CNN1,26
TGCATGAGTCGCATTA-1,,Micro P2RY12 APBB1IP,5
TGCATGATCATGCTAG-1,,Endo CLDN5 SLC7A5,6
TGCCGAGAGGTTCCGC-1,,OPC PDGFRA PCDH15,14
TGCCGAGGTTCGGCTG-1,,Oligo MOG OPALIN,12
TGCCGAGGTTGAGGAC-1,,Astro AQP4 SLC1A2,7
TGCGACGAGACCTTTG-1,,Endo CLDN5 SLC7A5,3
TGCGACGAGTTGAAGT-1,,Oligo MOG OPALIN,23
TGCGACGGTCCGTACG-1,,Endo CLDN5 SLC7A5,8
TGCGACGTCTCGTCGT-1,,OPC PDGFRA PCDH15,14
TGCGATACAGCTATAC-1,,Astro AQP4 SLC1A2,11
TGCGATAGTATCACGT-1,,Oligo MOG OPALIN,12
TGCGGGTCACAGCCAC-1,,Endo CLDN5 SLC7A5,3
TGCGGGTCAGAGCTAG-1,,L6 FEZF2 SYT6 PTPRT,17
TGCGGGTGTCCGGTCA-1,,Endo CLDN5 SLC7A5,13
TGCGGGTTCATGAAAG-1,,Endo CLDN5 SLC7A5,13
TGCGGGTTCGGAGCAA-1,,L2-3 CUX2 NTNG1 PALMD,9
TGCGGGTTCTCTTGCG-1,,Astro AQP4 SLC1A2,7
TGCTCCAAGACAACTA-1,,Astro AQP4 SLC1A2,11
TGCTCCAGTGAGTGAC-1,,Endo CLDN5 SLC7A5,6
TGCTCGTAGGAGGCAG-1,,Endo CLDN5 SLC7A5,0
TGCTGAAAGCTTTCTT-1,,L2-3 CUX2 ACVR1C THSD7A,15
TGCTGAACATGACGAG-1,,Astro AQP4 SLC1A2,11
TGCTTCGGTATCGGTT-1,,Oligo MOG OPALIN,12
TGCTTCGGTTGCAAGG-1,,Oligo MOG OPALIN,4
TGCTTCGGTTTACGAC-1,,InN SST HS3ST5,10
TGCTTGCCATTCTCCG-1,,Endo CLDN5 SLC7A5,3
TGCTTGCGTAGAGCTG-1,,Astro GFAP AQP1,16
TGCTTGCTCGCACGGT-1,,Endo CLDN5 SLC7A5,0
TGGAACTTCCCATGGG-1,,Endo CLDN5 SLC7A5,0
TGGAGAGGTTCTCCCA-1,,Endo CLDN5 SLC7A5,0
TGGAGAGTCGTGCACG-1,,Endo CLDN5 SLC7A5,8
TGGAGGATCACCGGGT-1,,Oligo MOG OPALIN,1
TGGAGGATCCGCGAGT-1,,Endo CLDN5 SLC7A5,0
TGGAGGATCTGTTGGA-1,,Endo CLDN5 SLC7A5,3
TGGATCAAGCTTGTGT-1,,Endo CLDN5 SLC7A5,0
TGGATCAGTACTAGCT-1,,Endo CLDN5 SLC7A5,0
TGGATCATCCGCTAGG-1,,Endo CLDN5 SLC7A5,2
TGGATGTCAACGAGGT-1,,Endo CLDN5 SLC7A5,2
TGGATGTGTGCATGTT-1,,OPC PDGFRA PCDH15,14
TGGATGTTCTACTGCC-1,,Endo CLDN5 SLC7A5,2
TGGCGTGAGGACGCTA-1,,Endo CLDN5 SLC7A5,0
TGGGAAGGTGTAACGG-1,,Endo CLDN5 SLC7A5,0
TGGGAAGTCACTTATC-1,,Micro P2RY12 APBB1IP,5
TGGGAAGTCCATTCGC-1,,Astro GFAP AQP1,16
TGGGAAGTCTGAGATC-1,,Astro AQP4 SLC1A2,11
TGGGAGAAGCCTCTGG-1,,Endo CLDN5 SLC7A5,2
TGGGAGACACGTCGTG-1,,Endo CLDN5 SLC7A5,3
TGGGAGATCACTGTTT-1,,Oligo MOG OPALIN,4
TGGGATTCACAGTACT-1,,Endo CLDN5 SLC7A5,2
TGGGCGTAGACTCTTG-1,,Endo CLDN5 SLC7A5,6
TGGGCTGAGCTGCCAC-1,,Astro AQP4 SLC1A2,11
TGGGCTGAGTGGGAAA-1,,Endo CLDN5 SLC7A5,0
TGGGCTGGTGTAAACA-1,,Endo CLDN5 SLC7A5,0
TGGGTTAAGTCGCTAT-1,,Endo CLDN5 SLC7A5,2
TGGGTTATCACGAACT-1,,Oligo MOG OPALIN,23
TGGTACATCCCGATCT-1,,Oligo MOG OPALIN,23
TGGTACATCTGGCCGA-1,,Endo CLDN5 SLC7A5,3
TGGTACATCTTCCAGC-1,,Endo CLDN5 SLC7A5,3
TGGTAGTGTTCGTACA-1,,Endo CLDN5 SLC7A5,0
TGGTAGTTCCTAAACG-1,,Endo CLDN5 SLC7A5,6
TGGTGATTCTGGCCGA-1,,Endo CLDN5 SLC7A5,2
TGGTTAGTCTACTGCC-1,,Oligo MOG OPALIN,12
TGTAACGAGAACTGAT-1,,Endo CLDN5 SLC7A5,0
TGTAACGGTACGATGG-1,,Oligo MOG OPALIN,12
TGTAACGTCGAGCCTG-1,,Endo CLDN5 SLC7A5,0
TGTAAGCAGAGGCCAT-1,,Endo CLDN5 SLC7A5,3
TGTAAGCGTCCAATCA-1,,L2-3 CUX2 NTNG1 PALMD,9
TGTAAGCTCCTCCACA-1,,Astro GFAP AQP1,16
TGTACAGAGGCTTTCA-1,,Micro P2RY12 APBB1IP,5
TGTAGACAGAGCATTA-1,,L6 FEZF2 SYT6 PTPRT,17
TGTAGACTCGACACCG-1,,Endo CLDN5 SLC7A5,2
TGTAGACTCGAGCCAC-1,,InN SST HS3ST5,10
TGTCAGAAGGCTTTCA-1,,Endo CLDN5 SLC7A5,20
TGTCAGAAGTGTTCCA-1,,Endo CLDN5 SLC7A5,0
TGTCAGACAGTTCACA-1,,Oligo MOG OPALIN,12
TGTCAGAGTATTGCCA-1,,PC P2RY14 GRM8,18
TGTCCACCAAGCTCTA-1,,Astro AQP4 SLC1A2,7
TGTCCACGTACGTGAG-1,,Endo CLDN5 SLC7A5,20
TGTCCCAAGCGAAACC-1,,Endo CLDN5 SLC7A5,13
TGTCCCAAGTAATACG-1,,Endo CLDN5 SLC7A5,0
TGTCCCAAGTTGAATG-1,,PC P2RY14 GRM8,18
TGTCCCACACGGCACT-1,,Endo CLDN5 SLC7A5,8
TGTCCCACATCCTATT-1,,Oligo MOG OPALIN,23
TGTCCCATCCAGTTCC-1,,Endo CLDN5 SLC7A5,6
TGTGAGTGTTGCTAGT-1,,SMC ACTA2 CNN1,26
TGTGATGAGTAGACCG-1,,Endo CLDN5 SLC7A5,0
TGTGCGGGTTACGCCG-1,,Endo CLDN5 SLC7A5,13
TGTGCGGGTTTGAACC-1,,Oligo MOG OPALIN,1
TGTGCGGTCCCGTGAG-1,,Astro AQP4 SLC1A2,7
TGTGGCGAGGACGCAT-1,,L6 FEZF2 SYT6 PTPRT,17
TGTGGCGAGTTGTACC-1,,InN SST HS3ST5,10
TGTGGCGGTATCAGCT-1,,Endo CLDN5 SLC7A5,8
TGTGGCGGTCCGGTGT-1,,Endo CLDN5 SLC7A5,13
TGTGGCGGTCGGTGTC-1,,InN SST HS3ST5,10
TGTGGCGGTTAGAAGT-1,,Oligo MOG OPALIN,23
TGTGTGAAGTGCAACG-1,,Endo CLDN5 SLC7A5,0
TGTGTGAGTAGCGCCT-1,,Endo CLDN5 SLC7A5,0
TGTGTGAGTTGTTGTG-1,,Micro P2RY12 APBB1IP,5
TGTTACTTCGGCATCG-1,,Endo CLDN5 SLC7A5,8
TGTTCATCAGAAATTG-1,,Oligo MOG OPALIN,1
TGTTCATGTACTGGGA-1,,L6 FEZF2 SYT6 PTPRT,17
TGTTCATGTCGAACAG-1,,InN SST HS3ST5,10
TGTTCATTCCGTTTCG-1,,Astro AQP4 SLC1A2,7
TGTTCATTCTGCCCTA-1,,Endo CLDN5 SLC7A5,2
TGTTCCGCAGTTGAAA-1,,InN LAMP5 BMP7,19
TGTTCCGGTAGTTACC-1,,L2-3 CUX2 NTNG1 PALMD,9
TGTTCCGGTGTGCTTA-1,,L6 FEZF2 SYT6 PTPRT,17
TGTTCTAAGCACACCC-1,,Micro P2RY12 APBB1IP,5
TGTTCTAAGTAGTCAA-1,,Endo CLDN5 SLC7A5,0
TGTTCTAGTAACCCTA-1,,OPC PDGFRA PCDH15,14
TGTTCTAGTCCGTTTC-1,,Endo CLDN5 SLC7A5,8
TGTTGAGAGAAGTCCG-1,,OPC PDGFRA PCDH15,14
TGTTGAGAGGAGGCAG-1,,Oligo MOG OPALIN,12
TGTTGAGAGGATGGCT-1,,Endo CLDN5 SLC7A5,0
TGTTGGAGTCAACACT-1,,Oligo MOG OPALIN,4
TGTTGGATCTCCCATG-1,,Endo CLDN5 SLC7A5,0
TGTTTGTGTGAGATTA-1,,Endo CLDN5 SLC7A5,2
TTACAGGCAGAAATTG-1,,Oligo MOG OPALIN,4
TTACAGGGTCACTCTC-1,,Oligo MOG OPALIN,1
TTACAGGGTTTAAGGA-1,,Micro P2RY12 APBB1IP,5
TTACCGCTCTCATGGA-1,,OPC PDGFRA PCDH15,14
TTACGCCCATAACTCG-1,,Endo CLDN5 SLC7A5,2
TTACGCCCATAGAAAC-1,,Astro AQP4 SLC1A2,7
TTACTGTTCCACGGGT-1,,InN LAMP5 BMP7,19
TTAGGCACATGTGACT-1,,Endo CLDN5 SLC7A5,0
TTAGGCAGTCGAGTGA-1,,Oligo MOG OPALIN,4
TTAGGGTAGCATCCTA-1,,Endo CLDN5 SLC7A5,3
TTAGGGTCATCCTGTC-1,,Endo CLDN5 SLC7A5,3
TTAGGGTTCAGTCACA-1,,Astro GFAP AQP1,16
TTAGGGTTCTGGAAGG-1,,Astro AQP4 SLC1A2,7
TTAGTCTCATGTACGT-1,,Endo CLDN5 SLC7A5,0
TTAGTCTGTGGATACG-1,,Oligo MOG OPALIN,12
TTATTGCAGTGGTTAA-1,,Micro P2RY12 APBB1IP,5
TTATTGCCAGTAACAA-1,,Endo CLDN5 SLC7A5,6
TTATTGCTCATTTCCA-1,,Endo CLDN5 SLC7A5,21
TTATTGCTCCACGGGT-1,,L2-3 CUX2 NTNG1 PALMD,9
TTCAATCTCGCTATTT-1,,Endo CLDN5 SLC7A5,6
TTCACCGAGCATGGGT-1,,OPC PDGFRA PCDH15,14
TTCACCGGTTAGAAAC-1,,SMC ACTA2 CNN1,26
TTCACCGTCCTGTAAG-1,,Oligo MOG OPALIN,1
TTCACCGTCGTGGGAA-1,,Endo CLDN5 SLC7A5,3
TTCACGCAGCCAAGGT-1,,Astro AQP4 SLC1A2,7
TTCACGCGTATCGCGC-1,,Endo CLDN5 SLC7A5,0
TTCACGCTCGAGCTGC-1,,Endo CLDN5 SLC7A5,20
TTCACGCTCGGCTGTG-1,,Oligo MOG OPALIN,4
TTCACGCTCTGGACTA-1,,Oligo MOG OPALIN,4
TTCAGGACAGTCCCGA-1,,Endo CLDN5 SLC7A5,24
TTCAGGACAGTCTACA-1,,Endo CLDN5 SLC7A5,21
TTCATTGAGAAACTAC-1,,Endo CLDN5 SLC7A5,2
TTCCAATCATGAAGGC-1,,L2-3 CUX2 ACVR1C THSD7A,15
TTCCACGCAATTGGTC-1,,InN LAMP5 BMP7,19
TTCCACGCAGTCACGC-1,,L6 FEZF2 SYT6 PTPRT,17
TTCCGGTTCTCCCAAC-1,,OPC PDGFRA PCDH15,14
TTCCGTGCATAGGTAA-1,,Endo CLDN5 SLC7A5,0
TTCCGTGGTGAATAAC-1,,Astro GFAP AQP1,16
TTCCGTGTCACAAGAA-1,,Endo CLDN5 SLC7A5,13
TTCCGTGTCATGAGAA-1,,Endo CLDN5 SLC7A5,13
TTCCTAACATCCGTGG-1,,Endo CLDN5 SLC7A5,0
TTCCTAACATCTTAGG-1,,Endo CLDN5 SLC7A5,0
TTCCTAAGTCACGTGC-1,,Endo CLDN5 SLC7A5,8
TTCCTAAGTCCTGGGT-1,,Oligo MOG OPALIN,12
TTCCTAATCAAACGTC-1,,OPC PDGFRA PCDH15,14
TTCCTAATCGTCCTCA-1,,Endo CLDN5 SLC7A5,0
TTCCTCTAGTGGGAAA-1,,Endo CLDN5 SLC7A5,22
TTCCTCTCAGAGGCTA-1,,Oligo MOG OPALIN,4
TTCCTCTGTTCTCTAT-1,,Astro GFAP AQP1,16
TTCCTTCGTTGCCATA-1,,Endo CLDN5 SLC7A5,0
TTCCTTCTCGCGTGAC-1,,Endo CLDN5 SLC7A5,0
TTCGATTCACTAACCA-1,,Oligo MOG OPALIN,4
TTCGATTGTACAGCGA-1,,Astro AQP4 SLC1A2,7
TTCGATTTCCGCCTAT-1,,PC P2RY14 GRM8,18
TTCGGTCAGGTCTGGA-1,,Endo CLDN5 SLC7A5,0
TTCTAACAGCTGACAG-1,,Endo CLDN5 SLC7A5,0
TTCTAACCACGGCACT-1,,Endo CLDN5 SLC7A5,6
TTCTAACCATGATCTG-1,,L6 FEZF2 SYT6 PTPRT,17
TTCTAACGTACACGCC-1,,OPC PDGFRA PCDH15,14
TTCTAACTCACGTAGT-1,,Endo CLDN5 SLC7A5,8
TTCTAGTAGGAAGTCC-1,,Oligo MOG OPALIN,12
TTCTAGTAGGCCATAG-1,,Astro AQP4 SLC1A2,7
TTCTCTCGTCGTCATA-1,,Endo CLDN5 SLC7A5,2
TTCTCTCTCAAGATAG-1,,L2-3 CUX2 ACVR1C THSD7A,15
TTCTGTAAGGGAGGTG-1,,Oligo MOG OPALIN,23
TTCTGTACAGGGATAC-1,,Endo CLDN5 SLC7A5,8
TTCTTCCTCCCGTGAG-1,,Endo CLDN5 SLC7A5,0
TTCTTGAAGAGGTGCT-1,,Endo CLDN5 SLC7A5,0
TTCTTGATCATAGGCT-1,,Endo CLDN5 SLC7A5,21
TTGAACGAGAGTCTTC-1,,Endo CLDN5 SLC7A5,6
TTGAACGCACAAATCC-1,,Oligo MOG OPALIN,4
TTGAACGGTTCAGCTA-1,,Endo CLDN5 SLC7A5,0
TTGAGTGAGGGAACAA-1,,Oligo MOG OPALIN,23
TTGCGTCCAGCAGACA-1,,Oligo MOG OPALIN,1
TTGCGTCTCATCCCGT-1,,Endo CLDN5 SLC7A5,0
TTGCTGCAGCGCCGTT-1,,InN SST HS3ST5,10
TTGCTGCAGTTGTAGA-1,,InN LAMP5 BMP7,19
TTGCTGCGTGTCCCTT-1,,Endo CLDN5 SLC7A5,0
TTGCTGCTCCGTAGGC-1,,PC P2RY14 GRM8,18
TTGGGATAGGGCGAGA-1,,L6 FEZF2 SYT6 PTPRT,17
TTGGGATCATGGCTAT-1,,Endo CLDN5 SLC7A5,6
TTGGGATTCCCTCATG-1,,Endo CLDN5 SLC7A5,0
TTGGGATTCTTGGCTC-1,,Endo CLDN5 SLC7A5,8
TTGGGCGGTAACCAGG-1,,PC P2RY14 GRM8,18
TTGGGTAAGCGCACAA-1,,Oligo MOG OPALIN,1
TTGGTTTGTATCACGT-1,,Astro AQP4 SLC1A2,7
TTGTGGAAGAGTCAAT-1,,L2-3 CUX2 NTNG1 PALMD,9
TTGTGGAAGCTGACCC-1,,Endo CLDN5 SLC7A5,2
TTGTGGAAGTTTGGCT-1,,SMC ACTA2 CNN1,26
TTGTGGAGTTAGAAGT-1,,Astro AQP4 SLC1A2,11
TTGTGGATCCGATTAG-1,,Oligo MOG OPALIN,1
TTGTGGATCGAGAGAC-1,,Endo CLDN5 SLC7A5,20
TTGTGGATCTGGGCGT-1,,Oligo MOG OPALIN,4
TTGTGTTGTCTGTGCG-1,,Endo CLDN5 SLC7A5,0
TTGTGTTTCGAAGTGG-1,,Oligo MOG OPALIN,1
TTGTTCAAGTGTGTTC-1,,Astro GFAP AQP1,16
TTGTTCAGTAACAAGT-1,,Astro AQP4 SLC1A2,7
TTGTTCAGTAGTACGG-1,,InN SST HS3ST5,10
TTGTTCAGTCCATCTC-1,,Oligo MOG OPALIN,4
TTGTTTGAGCTGACCC-1,,Endo CLDN5 SLC7A5,0
TTGTTTGCACCTGTCT-1,,Endo CLDN5 SLC7A5,6
TTGTTTGGTCACCCTT-1,,Endo CLDN5 SLC7A5,8
TTGTTTGTCAATCCAG-1,,Micro P2RY12 APBB1IP,5
TTTACCAGTACCTGTA-1,,Astro AQP4 SLC1A2,11
TTTACGTAGACATCAA-1,,Endo CLDN5 SLC7A5,0
TTTACTGTCGAGGCAA-1,,Endo CLDN5 SLC7A5,2
TTTAGTCGTAGAATGT-1,,Oligo MOG OPALIN,12
TTTATGCAGAAACCCG-1,,Endo CLDN5 SLC7A5,0
TTTCACAAGAGTTGAT-1,,Endo CLDN5 SLC7A5,0
TTTCACAGTTAATCGC-1,,OPC PDGFRA PCDH15,14
TTTCAGTCACCCTAGG-1,,Oligo MOG OPALIN,12
TTTCAGTGTAGTCCTA-1,,Astro AQP4 SLC1A2,7
TTTCCTCCATAGATCC-1,,Endo CLDN5 SLC7A5,20
TTTCCTCTCCTACCGT-1,,Oligo MOG OPALIN,1
TTTCGATTCAATGTCG-1,,Micro P2RY12 APBB1IP,5
TTTGACTAGCTCTGTA-1,,Endo CLDN5 SLC7A5,2
TTTGACTTCTCGGGAC-1,,Endo CLDN5 SLC7A5,8
TTTGATCCAACTAGAA-1,,L2-3 CUX2 NTNG1 PALMD,9
TTTGGAGGTTCCTTGC-1,,Endo CLDN5 SLC7A5,0
TTTGGTTCAGGGAATC-1,,L2-3 CUX2 ACVR1C THSD7A,15
TTTGGTTGTGTATTCG-1,,Endo CLDN5 SLC7A5,2
TTTGGTTTCCCTCAAC-1,,InN SST HS3ST5,10
TTTGTTGAGGCTTAGG-1,,OPC PDGFRA PCDH15,14
TTTGTTGAGGTGATCG-1,,InN SST HS3ST5,10
TTTGTTGAGGTGCTGA-1,,Astro AQP4 SLC1A2,7
TTTGTTGGTGGTTTGT-1,,Astro GFAP AQP1,16
TTTGTTGTCCATTGGA-1,,InN LAMP5 BMP7,19
TTTGTTGTCTACTGAG-1,,Endo CLDN5 SLC7A5,3
