ctpt_consensus_prediction,INPP4B,BCL11B,CAMK4,LDHB,SERINC5,LYZ,S100A9,S100A8,FOS,MNDA,BANK1,AFF3,LINC00926,RALGPS2,CD79A,KLRB1,SLC4A10,PHACTR2,GZMK,NKG7,CD8B,NELL2,THEMIS,CD8A,PDE3B,GNLY,PRF1,KLRF1,CD247,CST3,CPVL,SLC8A1,LRMDA,CSF2RA,TCF7L2,LST1,FCGR3A,PELATON,AIF1,CCL5,CST7,SYNE1,SAMD3,OSBPL10,BLK,PDE4D,CDK14,EBF1,TRDC,A2M,KLRD1,TCL1A,IGHD,PAX5,GP1BB,PF4,NRGN,PPBP,TUBB1,FCRL1,MS4A1,CUX2,TCF4,ENSG00000225885,LILRA4,UGCG,CTSW,NCAM1,IL2RB,SSBP2,ATP8B4,HTR1F,MSI2,MSRB3,TXNDC5,SEC11C,MZB1,PPIB,SSR4,CLEC9A,WDFY4,HLA-DPA1,C1orf54,CLNK,RRM2,PCLAF,TYMS,STMN1,TUBB
B_immature,0.0472972972972973,0.006756756756756757,0.04054054054054054,0.4864864864864865,0.40540540540540543,0.40540540540540543,0.3581081081081081,0.36486486486486486,0.8716216216216216,0.04054054054054054,0.9932432432432432,1.0,0.8986486486486487,0.9932432432432432,0.9932432432432432,0.02027027027027027,0.006756756756756757,0.14864864864864866,0.0,0.02702702702702703,0.006756756756756757,0.013513513513513514,0.013513513513513514,0.006756756756756757,0.20945945945945946,0.0472972972972973,0.0,0.02027027027027027,0.0472972972972973,0.06756756756756757,0.02027027027027027,0.02027027027027027,0.033783783783783786,0.006756756756756757,0.02027027027027027,0.13513513513513514,0.0,0.006756756756756757,0.060810810810810814,0.02027027027027027,0.0,0.4391891891891892,0.02027027027027027,0.9324324324324325,0.8716216216216216,0.722972972972973,0.9391891891891891,0.9864864864864865,0.0,0.013513513513513514,0.013513513513513514,0.9932432432432432,1.0,1.0,0.02027027027027027,0.0,0.05405405405405406,0.033783783783783786,0.02027027027027027,0.9797297297297297,0.9864864864864865,0.006756756756756757,0.8445945945945946,0.02027027027027027,0.013513513513513514,0.3716216216216216,0.013513513513513514,0.0,0.006756756756756757,0.918918918918919,0.006756756756756757,0.06756756756756757,0.8648648648648649,0.0,0.10810810810810811,0.18243243243243243,0.5472972972972973,0.5743243243243243,0.6554054054054054,0.0,0.8783783783783784,0.9864864864864865,0.02027027027027027,0.05405405405405406,0.0,0.0,0.0,0.21621621621621623,0.24324324324324326
B_malignant,0.8,0.9636363636363636,0.8090909090909091,0.9090909090909091,0.7909090909090909,0.5454545454545454,0.44545454545454544,0.35454545454545455,0.990909090909091,0.20909090909090908,1.0,1.0,0.9727272727272728,0.990909090909091,0.9363636363636364,0.4909090909090909,0.16363636363636364,0.6545454545454545,0.3181818181818182,0.4,0.21818181818181817,0.5181818181818182,0.7181818181818181,0.2636363636363636,0.7363636363636363,0.24545454545454545,0.34545454545454546,0.17272727272727273,0.9636363636363636,0.09090909090909091,0.045454545454545456,0.02727272727272727,0.06363636363636363,0.01818181818181818,0.12727272727272726,0.3090909090909091,0.12727272727272726,0.01818181818181818,0.20909090909090908,0.4636363636363636,0.4,0.8727272727272727,0.6727272727272727,0.8909090909090909,0.9454545454545454,0.7909090909090909,0.9,0.9727272727272728,0.16363636363636364,0.4090909090909091,0.21818181818181817,0.6636363636363637,0.8818181818181818,0.9727272727272728,0.01818181818181818,0.02727272727272727,0.045454545454545456,0.06363636363636363,0.00909090909090909,1.0,0.9818181818181818,0.01818181818181818,0.7636363636363637,0.07272727272727272,0.0,0.4909090909090909,0.5727272727272728,0.1,0.2636363636363636,0.9090909090909091,0.09090909090909091,0.01818181818181818,0.9090909090909091,0.00909090909090909,0.2545454545454545,0.509090909090909,0.21818181818181817,0.7272727272727273,0.9272727272727272,0.0,0.9,0.9545454545454546,0.07272727272727272,0.16363636363636364,0.02727272727272727,0.02727272727272727,0.00909090909090909,0.2818181818181818,0.509090909090909
B_naive,0.02877697841726619,0.03237410071942446,0.026079136690647483,0.41097122302158273,0.210431654676259,0.42176258992805754,0.35611510791366907,0.26798561151079137,0.8857913669064749,0.09532374100719425,0.9991007194244604,1.0,0.9775179856115108,0.987410071942446,0.97931654676259,0.029676258992805755,0.0044964028776978415,0.1303956834532374,0.009892086330935251,0.019784172661870502,0.0035971223021582736,0.030575539568345324,0.015287769784172662,0.0035971223021582736,0.09712230215827339,0.052158273381294966,0.0035971223021582736,0.014388489208633094,0.04226618705035971,0.053057553956834536,0.03147482014388489,0.017985611510791366,0.02068345323741007,0.006294964028776978,0.02787769784172662,0.1052158273381295,0.012589928057553957,0.011690647482014389,0.05755395683453238,0.02787769784172662,0.008992805755395683,0.3732014388489209,0.025179856115107913,0.9127697841726619,0.8911870503597122,0.41906474820143885,0.8714028776978417,0.887589928057554,0.0035971223021582736,0.013489208633093525,0.008992805755395683,0.7158273381294964,0.9055755395683454,0.9640287769784173,0.009892086330935251,0.013489208633093525,0.03147482014388489,0.02697841726618705,0.007194244604316547,0.9721223021582733,0.9649280575539568,0.008093525179856115,0.6924460431654677,0.0341726618705036,0.002697841726618705,0.3210431654676259,0.011690647482014389,0.0017985611510791368,0.006294964028776978,0.7787769784172662,0.0035971223021582736,0.012589928057553957,0.6097122302158273,0.0044964028776978415,0.18075539568345322,0.23201438848920863,0.24730215827338128,0.42985611510791366,0.5620503597122302,0.0008992805755395684,0.8525179856115108,0.9928057553956835,0.018884892086330936,0.1564748201438849,0.0017985611510791368,0.006294964028776978,0.0008992805755395684,0.1447841726618705,0.2517985611510791
B_switched_memory,0.095,0.08,0.13,0.685,0.14,0.455,0.375,0.235,0.85,0.105,1.0,1.0,0.96,0.995,0.99,0.05,0.015,0.25,0.03,0.045,0.015,0.03,0.045,0.01,0.21,0.055,0.025,0.025,0.175,0.025,0.06,0.02,0.02,0.005,0.045,0.135,0.01,0.005,0.035,0.2,0.02,0.575,0.155,1.0,0.985,0.955,0.98,0.99,0.02,0.035,0.03,0.01,0.175,0.915,0.01,0.015,0.03,0.04,0.015,0.895,0.99,0.02,0.765,0.15,0.0,0.395,0.035,0.005,0.03,0.765,0.015,0.005,0.65,0.005,0.415,0.51,0.24,0.625,0.685,0.0,0.93,1.0,0.05,0.1,0.015,0.02,0.005,0.165,0.46
CD14_mono,0.050699300699300696,0.032867132867132866,0.03076923076923077,0.5996503496503497,0.5870629370629371,1.0,1.0,0.9996503496503496,1.0,0.9972027972027973,0.0937062937062937,0.27132867132867133,0.026573426573426574,0.19335664335664335,0.017132867132867134,0.026573426573426574,0.007692307692307693,0.7783216783216783,0.009790209790209791,0.13146853146853146,0.0034965034965034965,0.013636363636363636,0.011538461538461539,0.008391608391608392,0.41468531468531467,0.08601398601398601,0.01048951048951049,0.024475524475524476,0.045454545454545456,0.9996503496503496,0.9503496503496504,0.9482517482517483,0.9926573426573426,0.793006993006993,0.6073426573426574,0.9877622377622378,0.09125874125874125,0.5052447552447552,0.9975524475524475,0.05104895104895105,0.013986013986013986,0.41363636363636364,0.015034965034965035,0.00909090909090909,0.008391608391608392,0.30979020979020977,0.4244755244755245,0.05524475524475524,0.006643356643356644,0.004545454545454545,0.02027972027972028,0.01013986013986014,0.01783216783216783,0.011888111888111888,0.03986013986013986,0.043356643356643354,0.6489510489510489,0.1062937062937063,0.01888111888111888,0.010839160839160839,0.03146853146853147,0.005244755244755245,0.35384615384615387,0.011538461538461539,0.007692307692307693,0.15944055944055943,0.017132867132867134,0.04650349650349651,0.0038461538461538464,0.7437062937062937,0.4902097902097902,0.1076923076923077,0.42377622377622376,0.019230769230769232,0.1423076923076923,0.3346153846153846,0.003146853146853147,0.7741258741258741,0.856993006993007,0.0017482517482517483,0.6027972027972028,0.848951048951049,0.15104895104895105,0.002097902097902098,0.003146853146853147,0.004545454545454545,0.001048951048951049,0.04020979020979021,0.4555944055944056
CD16_mono,0.08146067415730338,0.06741573033707865,0.07865168539325842,0.4691011235955056,0.36797752808988765,0.9887640449438202,0.9719101123595506,0.7443820224719101,0.9915730337078652,0.8455056179775281,0.03932584269662921,0.45224719101123595,0.03651685393258427,0.3089887640449438,0.03651685393258427,0.03932584269662921,0.011235955056179775,0.6235955056179775,0.011235955056179775,0.28651685393258425,0.016853932584269662,0.03651685393258427,0.056179775280898875,0.02247191011235955,0.4747191011235955,0.12078651685393259,0.016853932584269662,0.028089887640449437,0.0898876404494382,1.0,0.9382022471910112,0.9691011235955056,0.9129213483146067,0.6179775280898876,1.0,1.0,0.9859550561797753,0.9915730337078652,1.0,0.056179775280898875,0.028089887640449437,0.4241573033707865,0.05337078651685393,0.02247191011235955,0.016853932584269662,0.2303370786516854,0.42134831460674155,0.011235955056179775,0.016853932584269662,0.02247191011235955,0.02247191011235955,0.0056179775280898875,0.014044943820224719,0.008426966292134831,0.03932584269662921,0.03651685393258427,0.6123595505617978,0.07584269662921349,0.02247191011235955,0.06741573033707865,0.025280898876404494,0.019662921348314606,0.3707865168539326,0.0702247191011236,0.014044943820224719,0.24157303370786518,0.025280898876404494,0.016853932584269662,0.011235955056179775,0.898876404494382,0.2752808988764045,0.033707865168539325,0.5758426966292135,0.008426966292134831,0.08146067415730338,0.449438202247191,0.0028089887640449437,0.7893258426966292,0.8764044943820225,0.0,0.6460674157303371,0.9943820224719101,0.10112359550561797,0.0056179775280898875,0.0056179775280898875,0.0056179775280898875,0.0,0.07303370786516854,0.6769662921348315
CD4.Naive,0.9561726329876212,0.990632318501171,0.9464703914352627,0.9494814319170292,0.9414519906323185,0.42556038808966207,0.3757109401137504,0.2689862830378053,0.8919371027099364,0.038474406155904986,0.023753763800602207,0.31415189026430246,0.018066242890598862,0.16627634660421545,0.022080963532954166,0.32452325192372034,0.019404483104717297,0.671796587487454,0.08564737370357979,0.05821344931415189,0.026430244228839078,0.5486784877885581,0.7551020408163265,0.026764804282368684,0.7989294078287053,0.05520240883238541,0.06925393108062897,0.00936768149882904,0.9735697557711609,0.057544329207092675,0.03278688524590164,0.0234192037470726,0.031114084978253596,0.010705921712947474,0.07527601204416193,0.15690866510538642,0.012378721980595517,0.00702576112412178,0.22080963532954165,0.14285714285714285,0.07895617263298763,0.6052191368350619,0.45031783205085313,0.031783205085312814,0.01840080294412847,0.34928069588491134,0.023753763800602207,0.014720642355302778,0.02040816326530612,0.2532619605219137,0.02040816326530612,0.005687520910003346,0.01371696219471395,0.011040481766477083,0.0117096018735363,0.01706256273001004,0.04483104717296755,0.03780528604884577,0.012044161927065908,0.01672800267648043,0.022080963532954166,0.017731682837069253,0.017397122783539644,0.07092673134827701,0.0010036801605888257,0.272666443626631,0.20809635329541654,0.0026764804282368685,0.14687186349949816,0.6684509869521579,0.00702576112412178,0.0036801605888256944,0.7263298762127802,0.0033456005352960855,0.046169287387085985,0.34225493476078955,0.007694881231180997,0.6058882569421211,0.7490799598527936,0.0,0.007694881231180997,0.15289394446303112,0.06022080963532954,0.008698561391769822,0.009033121445299431,0.020073603211776515,0.01672800267648043,0.17731682837069254,0.36065573770491804
CD8.EM,0.7117437722419929,0.900355871886121,0.4483985765124555,0.6263345195729537,0.27402135231316727,0.34519572953736655,0.3914590747330961,0.2846975088967972,0.7686832740213523,0.03914590747330961,0.028469750889679714,0.099644128113879,0.0071174377224199285,0.028469750889679714,0.010676156583629894,0.15658362989323843,0.0035587188612099642,0.693950177935943,0.5124555160142349,0.9110320284697508,0.5800711743772242,0.26334519572953735,0.5693950177935944,0.7153024911032029,0.498220640569395,0.5907473309608541,0.6832740213523132,0.36298932384341637,0.9217081850533808,0.07829181494661921,0.046263345195729534,0.03202846975088968,0.03202846975088968,0.0071174377224199285,0.21352313167259787,0.060498220640569395,0.298932384341637,0.014234875444839857,0.07829181494661921,0.9750889679715302,0.8896797153024911,0.9323843416370107,0.9110320284697508,0.02491103202846975,0.014234875444839857,0.2704626334519573,0.0071174377224199285,0.014234875444839857,0.12099644128113879,0.7580071174377224,0.5693950177935944,0.0071174377224199285,0.0071174377224199285,0.010676156583629894,0.017793594306049824,0.014234875444839857,0.03558718861209965,0.017793594306049824,0.010676156583629894,0.010676156583629894,0.060498220640569395,0.0035587188612099642,0.0071174377224199285,0.021352313167259787,0.0,0.1387900355871886,0.8398576512455516,0.02491103202846975,0.3167259786476868,0.2775800711743772,0.03202846975088968,0.0035587188612099642,0.6441281138790036,0.0035587188612099642,0.0498220640569395,0.33807829181494664,0.010676156583629894,0.6405693950177936,0.701067615658363,0.0,0.0071174377224199285,0.4875444839857651,0.014234875444839857,0.0071174377224199285,0.014234875444839857,0.010676156583629894,0.014234875444839857,0.15658362989323843,0.31316725978647686
CD8.Naive,0.8017241379310345,0.9706896551724138,0.9672413793103448,0.9396551724137931,0.9275862068965517,0.4396551724137931,0.3724137931034483,0.25862068965517243,0.9172413793103448,0.04655172413793104,0.029310344827586206,0.13793103448275862,0.027586206896551724,0.2103448275862069,0.10344827586206896,0.12758620689655173,0.017241379310344827,0.3568965517241379,0.21724137931034482,0.27586206896551724,0.8879310344827587,0.8689655172413793,0.9293103448275862,0.8017241379310345,0.9172413793103448,0.12931034482758622,0.13275862068965516,0.013793103448275862,0.95,0.08620689655172414,0.020689655172413793,0.017241379310344827,0.020689655172413793,0.017241379310344827,0.10689655172413794,0.12586206896551724,0.029310344827586206,0.0017241379310344827,0.4793103448275862,0.3913793103448276,0.1482758620689655,0.5758620689655173,0.6982758620689655,0.034482758620689655,0.020689655172413793,0.31551724137931036,0.010344827586206896,0.010344827586206896,0.041379310344827586,0.20862068965517241,0.1793103448275862,0.006896551724137931,0.015517241379310345,0.008620689655172414,0.01206896551724138,0.020689655172413793,0.02413793103448276,0.03793103448275862,0.01206896551724138,0.005172413793103448,0.04827586206896552,0.027586206896551724,0.02413793103448276,0.056896551724137934,0.0,0.19137931034482758,0.6344827586206897,0.005172413793103448,0.18448275862068966,0.5586206896551724,0.005172413793103448,0.0034482758620689655,0.7931034482758621,0.0017241379310344827,0.041379310344827586,0.24655172413793103,0.010344827586206896,0.5775862068965517,0.7362068965517241,0.0,0.008620689655172414,0.18620689655172415,0.03793103448275862,0.01206896551724138,0.0034482758620689655,0.008620689655172414,0.0034482758620689655,0.20689655172413793,0.35
CD83_CD14_mono,0.07317073170731707,0.04878048780487805,0.036585365853658534,0.6585365853658537,0.5609756097560976,1.0,0.9878048780487805,0.975609756097561,1.0,0.9634146341463414,0.9878048780487805,0.9878048780487805,0.9146341463414634,1.0,0.9512195121951219,0.06097560975609756,0.012195121951219513,0.7804878048780488,0.04878048780487805,0.15853658536585366,0.012195121951219513,0.012195121951219513,0.06097560975609756,0.04878048780487805,0.47560975609756095,0.10975609756097561,0.036585365853658534,0.036585365853658534,0.08536585365853659,1.0,0.9512195121951219,0.9634146341463414,0.9512195121951219,0.7317073170731707,0.7073170731707317,0.9878048780487805,0.25609756097560976,0.5975609756097561,1.0,0.12195121951219512,0.024390243902439025,0.6707317073170732,0.024390243902439025,0.9512195121951219,0.9512195121951219,0.6951219512195121,0.9634146341463414,0.9146341463414634,0.012195121951219513,0.012195121951219513,0.07317073170731707,0.7195121951219512,0.7682926829268293,0.975609756097561,0.036585365853658534,0.06097560975609756,0.6707317073170732,0.10975609756097561,0.012195121951219513,0.9878048780487805,0.975609756097561,0.024390243902439025,0.8536585365853658,0.04878048780487805,0.0,0.5,0.024390243902439025,0.012195121951219513,0.012195121951219513,0.9146341463414634,0.45121951219512196,0.06097560975609756,0.8292682926829268,0.012195121951219513,0.3048780487804878,0.5365853658536586,0.25609756097560976,0.8780487804878049,0.926829268292683,0.036585365853658534,0.9634146341463414,1.0,0.08536585365853659,0.17073170731707318,0.012195121951219513,0.012195121951219513,0.0,0.14634146341463414,0.5853658536585366
DC1,0.06666666666666667,0.06666666666666667,0.0,1.0,0.26666666666666666,1.0,0.8,0.6666666666666666,1.0,0.7333333333333333,0.7333333333333333,1.0,0.13333333333333333,0.6666666666666666,0.0,0.13333333333333333,0.0,0.6666666666666666,0.0,0.06666666666666667,0.0,0.0,0.0,0.0,0.06666666666666667,0.06666666666666667,0.0,0.06666666666666667,0.06666666666666667,1.0,1.0,0.9333333333333333,0.8666666666666667,1.0,0.13333333333333333,0.7333333333333333,0.0,0.06666666666666667,1.0,0.06666666666666667,0.2,0.3333333333333333,0.06666666666666667,0.0,0.0,0.06666666666666667,0.5333333333333333,0.06666666666666667,0.0,0.06666666666666667,0.0,0.0,0.0,0.0,0.06666666666666667,0.13333333333333333,0.2,0.13333333333333333,0.06666666666666667,0.0,0.13333333333333333,0.0,0.8,0.3333333333333333,0.0,0.4,0.06666666666666667,0.0,0.06666666666666667,0.7333333333333333,0.6,0.0,0.6666666666666666,0.13333333333333333,0.3333333333333333,0.6,0.0,1.0,1.0,1.0,1.0,1.0,1.0,1.0,0.0,0.06666666666666667,0.0,0.5333333333333333,0.8
DC3,0.5804020100502513,0.628140703517588,0.5175879396984925,0.9271356783919598,0.8266331658291457,1.0,0.9673366834170855,0.8919597989949749,0.9974874371859297,0.9949748743718593,0.27889447236180903,0.6331658291457286,0.04522613065326633,0.32663316582914576,0.04271356783919598,0.27386934673366836,0.09045226130653267,0.9396984924623115,0.19597989949748743,0.3768844221105528,0.10301507537688442,0.2989949748743719,0.4321608040201005,0.15577889447236182,0.6708542713567839,0.21608040201005024,0.20351758793969849,0.12311557788944724,0.6507537688442211,0.9949748743718593,0.9623115577889447,0.9522613065326633,0.9874371859296482,0.8492462311557789,0.49748743718592964,0.992462311557789,0.15326633165829145,0.3969849246231156,0.992462311557789,0.3391959798994975,0.34673366834170855,0.6809045226130653,0.4472361809045226,0.04522613065326633,0.02763819095477387,0.4748743718592965,0.5678391959798995,0.0678391959798995,0.10804020100502512,0.2537688442211055,0.1658291457286432,0.020100502512562814,0.02763819095477387,0.022613065326633167,0.04773869346733668,0.03015075376884422,0.6306532663316583,0.09798994974874371,0.020100502512562814,0.03015075376884422,0.07537688442211055,0.02763819095477387,0.5201005025125628,0.09547738693467336,0.022613065326633167,0.4321608040201005,0.36683417085427134,0.09798994974874371,0.22110552763819097,0.8768844221105527,0.6306532663316583,0.07788944723618091,0.8040201005025126,0.035175879396984924,0.21608040201005024,0.5678391959798995,0.010050251256281407,0.8994974874371859,0.9346733668341709,0.01507537688442211,0.7035175879396985,0.8994974874371859,0.23366834170854273,0.05527638190954774,0.03768844221105527,0.035175879396984924,0.017587939698492462,0.2236180904522613,0.6457286432160804
ILC2,0.9487179487179487,0.05128205128205128,0.07692307692307693,0.8974358974358975,0.4358974358974359,0.6923076923076923,0.5384615384615384,0.3076923076923077,1.0,0.02564102564102564,0.23076923076923078,0.717948717948718,0.07692307692307693,0.5384615384615384,0.10256410256410256,0.28205128205128205,0.0,0.6923076923076923,0.02564102564102564,0.1794871794871795,0.05128205128205128,0.05128205128205128,0.10256410256410256,0.05128205128205128,0.1282051282051282,0.10256410256410256,0.10256410256410256,0.02564102564102564,0.1794871794871795,0.5641025641025641,0.2564102564102564,0.10256410256410256,0.6923076923076923,0.0,0.3333333333333333,0.6666666666666666,0.02564102564102564,0.0,0.717948717948718,0.07692307692307693,0.07692307692307693,0.6923076923076923,0.3076923076923077,0.05128205128205128,0.02564102564102564,0.46153846153846156,0.5128205128205128,0.07692307692307693,0.2564102564102564,0.15384615384615385,0.0,0.05128205128205128,0.15384615384615385,0.05128205128205128,0.4358974358974359,0.02564102564102564,0.1282051282051282,0.0,0.05128205128205128,0.05128205128205128,0.07692307692307693,0.0,0.7435897435897436,0.20512820512820512,0.02564102564102564,0.1282051282051282,0.8205128205128205,0.0,0.05128205128205128,1.0,0.8461538461538461,0.7692307692307693,0.9230769230769231,0.7435897435897436,0.46153846153846156,0.5384615384615384,0.23076923076923078,0.7948717948717948,0.8717948717948718,0.10256410256410256,0.3333333333333333,0.717948717948718,0.23076923076923078,0.2564102564102564,0.05128205128205128,0.1794871794871795,0.20512820512820512,0.6666666666666666,0.8205128205128205
MAIT,0.7567114093959731,0.9513422818791947,0.8439597315436241,0.7684563758389261,0.21644295302013422,0.4395973154362416,0.4463087248322148,0.2600671140939597,0.8825503355704698,0.053691275167785234,0.13590604026845637,0.2550335570469799,0.015100671140939598,0.11577181208053691,0.013422818791946308,0.9916107382550335,0.9194630872483222,0.9949664429530202,0.9362416107382551,0.988255033557047,0.18791946308724833,0.28859060402684567,0.6140939597315436,0.6174496644295302,0.7483221476510067,0.30033557046979864,0.7869127516778524,0.13590604026845637,0.9815436241610739,0.06711409395973154,0.03691275167785235,0.026845637583892617,0.02348993288590604,0.010067114093959731,0.1644295302013423,0.39932885906040266,0.010067114093959731,0.003355704697986577,0.04865771812080537,0.9513422818791947,0.8204697986577181,0.8053691275167785,0.8959731543624161,0.026845637583892617,0.3221476510067114,0.6258389261744967,0.013422818791946308,0.006711409395973154,0.06208053691275168,0.8959731543624161,0.16275167785234898,0.006711409395973154,0.01174496644295302,0.0016778523489932886,0.013422818791946308,0.018456375838926176,0.03355704697986577,0.03523489932885906,0.010067114093959731,0.013422818791946308,0.04865771812080537,0.01174496644295302,0.02348993288590604,0.09899328859060402,0.0,0.20134228187919462,0.8859060402684564,0.08221476510067115,0.2953020134228188,0.32046979865771813,0.010067114093959731,0.0,0.7785234899328859,0.0016778523489932886,0.07046979865771812,0.44798657718120805,0.026845637583892617,0.7802013422818792,0.87248322147651,0.0016778523489932886,0.008389261744966443,0.11577181208053691,0.04194630872483222,0.0050335570469798654,0.0,0.0050335570469798654,0.006711409395973154,0.1325503355704698,0.3288590604026846
NK_16hi,0.10614525139664804,0.7094972067039106,0.07635009310986965,0.5437616387337058,0.21415270018621974,0.4059590316573557,0.37243947858473,0.2718808193668529,0.8268156424581006,0.0446927374301676,0.027932960893854747,0.09124767225325885,0.027932960893854747,0.1750465549348231,0.0223463687150838,0.962756052141527,0.061452513966480445,0.5121042830540037,0.18808193668528864,0.9981378026070763,0.020484171322160148,0.0595903165735568,0.07076350093109869,0.2383612662942272,0.23649906890130354,1.0,0.9813780260707635,0.9720670391061452,1.0,0.12104283054003724,0.024208566108007448,0.0297951582867784,0.0931098696461825,0.00931098696461825,0.08752327746741155,0.08007448789571694,0.8379888268156425,0.0074487895716946,0.0670391061452514,0.7188081936685289,0.9869646182495344,0.9608938547486033,0.9906890130353817,0.0186219739292365,0.0148975791433892,0.5456238361266295,0.0148975791433892,0.00931098696461825,0.8994413407821229,0.6759776536312849,0.9813780260707635,0.01303538175046555,0.00186219739292365,0.00931098696461825,0.0148975791433892,0.00931098696461825,0.020484171322160148,0.03165735567970205,0.0074487895716946,0.00186219739292365,0.027932960893854747,0.00558659217877095,0.10242085661080075,0.035381750465549346,0.00186219739292365,0.1303538175046555,0.9832402234636871,0.6573556797020484,0.8733705772811918,0.3091247672253259,0.6666666666666666,0.00186219739292365,0.5456238361266295,0.0037243947858473,0.0595903165735568,0.3947858472998138,0.01303538175046555,0.813780260707635,0.8212290502793296,0.0037243947858473,0.00931098696461825,0.27001862197392923,0.020484171322160148,0.04283054003724395,0.14152700186219738,0.0297951582867784,0.024208566108007448,0.14152700186219738,0.4208566108007449
NK_56hi,0.4423076923076923,0.3269230769230769,0.057692307692307696,0.6923076923076923,0.1346153846153846,0.4807692307692308,0.4423076923076923,0.23076923076923078,0.9423076923076923,0.057692307692307696,0.21153846153846154,0.7307692307692307,0.038461538461538464,0.25,0.09615384615384616,0.9230769230769231,0.057692307692307696,0.7115384615384616,0.7115384615384616,1.0,0.019230769230769232,0.09615384615384616,0.0,0.17307692307692307,0.09615384615384616,1.0,0.9423076923076923,0.9615384615384616,0.9807692307692307,0.2692307692307692,0.038461538461538464,0.019230769230769232,0.4230769230769231,0.0,0.019230769230769232,0.17307692307692307,0.40384615384615385,0.057692307692307696,0.09615384615384616,0.5769230769230769,0.8076923076923077,0.9038461538461539,0.9807692307692307,0.019230769230769232,0.019230769230769232,0.25,0.019230769230769232,0.038461538461538464,0.9423076923076923,0.3076923076923077,1.0,0.0,0.019230769230769232,0.038461538461538464,0.019230769230769232,0.038461538461538464,0.038461538461538464,0.057692307692307696,0.019230769230769232,0.038461538461538464,0.057692307692307696,0.0,0.5384615384615384,0.038461538461538464,0.0,0.07692307692307693,1.0,0.9423076923076923,0.9615384615384616,0.75,0.9230769230769231,0.057692307692307696,0.7115384615384616,0.11538461538461539,0.17307692307692307,0.5192307692307693,0.038461538461538464,0.7884615384615384,0.9038461538461539,0.019230769230769232,0.019230769230769232,0.6153846153846154,0.019230769230769232,0.25,0.019230769230769232,0.07692307692307693,0.019230769230769232,0.038461538461538464,0.4423076923076923
NK_prolif,0.0,0.9090909090909091,0.0,0.8181818181818182,0.09090909090909091,0.6363636363636364,0.45454545454545453,0.09090909090909091,0.9090909090909091,0.0,0.0,0.18181818181818182,0.0,0.2727272727272727,0.0,0.8181818181818182,0.09090909090909091,0.9090909090909091,0.0,1.0,0.0,0.0,0.0,0.45454545454545453,0.6363636363636364,1.0,1.0,0.9090909090909091,1.0,0.18181818181818182,0.0,0.0,0.09090909090909091,0.0,0.09090909090909091,0.18181818181818182,0.9090909090909091,0.0,0.36363636363636365,0.5454545454545454,1.0,1.0,1.0,0.0,0.09090909090909091,0.7272727272727273,0.0,0.0,0.9090909090909091,0.2727272727272727,0.9090909090909091,0.09090909090909091,0.0,0.0,0.0,0.0,0.18181818181818182,0.0,0.09090909090909091,0.0,0.09090909090909091,0.0,0.09090909090909091,0.0,0.0,0.36363636363636365,1.0,1.0,0.9090909090909091,0.8181818181818182,0.5454545454545454,0.0,0.36363636363636365,0.0,0.09090909090909091,0.5454545454545454,0.0,0.9090909090909091,0.8181818181818182,0.0,0.0,0.36363636363636365,0.0,0.0,1.0,1.0,1.0,1.0,1.0
Plasma_cell_IgA,0.125,0.125,0.4375,0.875,0.1875,0.5,0.6875,0.4375,0.9375,0.0625,0.625,0.0625,0.0,0.875,0.9375,0.0,0.0625,0.25,0.0625,0.1875,0.0,0.0625,0.0625,0.0,0.1875,0.125,0.0625,0.0,0.125,0.1875,0.0625,0.0625,0.0,0.0625,0.0625,0.0625,0.0,0.0,0.125,0.25,0.0,0.8125,0.5625,0.875,0.75,0.8125,0.75,0.375,0.0,0.125,0.0,0.0,0.1875,0.3125,0.0,0.0,0.0625,0.0625,0.0,0.5625,0.1875,0.0,0.9375,0.25,0.0,0.3125,0.0625,0.0,0.125,0.1875,0.0,0.0,0.9375,0.0625,1.0,1.0,1.0,1.0,1.0,0.0,0.5,1.0,0.1875,0.0,0.0,0.125,0.1875,0.1875,0.5625
Platelets,0.05442176870748299,0.047619047619047616,0.08163265306122448,0.25170068027210885,0.20408163265306123,0.5714285714285714,0.5714285714285714,0.54421768707483,0.47619047619047616,0.2857142857142857,0.2585034013605442,0.17687074829931973,0.027210884353741496,0.07482993197278912,0.02040816326530612,0.006802721088435374,0.0,0.2857142857142857,0.013605442176870748,0.061224489795918366,0.013605442176870748,0.027210884353741496,0.013605442176870748,0.006802721088435374,0.14285714285714285,0.09523809523809523,0.013605442176870748,0.0,0.08843537414965986,0.7619047619047619,0.2585034013605442,0.22448979591836735,0.23809523809523808,0.19047619047619047,0.17687074829931973,0.2925170068027211,0.05442176870748299,0.10884353741496598,0.2789115646258503,0.9727891156462585,0.013605442176870748,0.1564625850340136,0.04081632653061224,0.02040816326530612,0.02040816326530612,0.19047619047619047,0.17006802721088435,0.02040816326530612,0.006802721088435374,0.006802721088435374,0.02040816326530612,0.027210884353741496,0.034013605442176874,0.02040816326530612,1.0,1.0,1.0,0.9931972789115646,0.9863945578231292,0.034013605442176874,0.034013605442176874,0.006802721088435374,0.14965986394557823,0.013605442176870748,0.0,0.05442176870748299,0.1292517006802721,0.006802721088435374,0.006802721088435374,0.3469387755102041,0.10884353741496598,0.027210884353741496,0.16326530612244897,0.11564625850340136,0.10204081632653061,0.10884353741496598,0.0,0.24489795918367346,0.6326530612244898,0.0,0.16326530612244897,0.3197278911564626,0.034013605442176874,0.013605442176870748,0.0,0.0,0.006802721088435374,0.013605442176870748,0.3469387755102041
gdT,0.7581699346405228,0.934640522875817,0.46405228758169936,0.7254901960784313,0.41830065359477125,0.39869281045751637,0.3464052287581699,0.30718954248366015,0.8496732026143791,0.032679738562091505,0.026143790849673203,0.1111111111111111,0.026143790849673203,0.16339869281045752,0.0,0.9084967320261438,0.08496732026143791,0.9150326797385621,0.7712418300653595,0.9738562091503268,0.032679738562091505,0.20261437908496732,0.7777777777777778,0.10457516339869281,0.6797385620915033,0.6666666666666666,0.6993464052287581,0.09803921568627451,0.9803921568627451,0.10457516339869281,0.026143790849673203,0.0392156862745098,0.0196078431372549,0.013071895424836602,0.16993464052287582,0.12418300653594772,0.1503267973856209,0.013071895424836602,0.0457516339869281,0.9738562091503268,0.869281045751634,0.934640522875817,0.9477124183006536,0.058823529411764705,0.006535947712418301,0.35294117647058826,0.0,0.013071895424836602,0.8627450980392157,0.9150326797385621,0.869281045751634,0.0,0.013071895424836602,0.0,0.0196078431372549,0.0196078431372549,0.0196078431372549,0.032679738562091505,0.0,0.013071895424836602,0.0784313725490196,0.006535947712418301,0.0196078431372549,0.026143790849673203,0.0,0.16993464052287582,0.8954248366013072,0.08496732026143791,0.42483660130718953,0.29411764705882354,0.05228758169934641,0.0,0.8235294117647058,0.0,0.0392156862745098,0.43137254901960786,0.0,0.6862745098039216,0.8235294117647058,0.0,0.0196078431372549,0.32679738562091504,0.05228758169934641,0.013071895424836602,0.0,0.0,0.006535947712418301,0.17647058823529413,0.37254901960784315
pDC,0.0963855421686747,0.08433734939759036,0.04819277108433735,0.963855421686747,0.30120481927710846,0.4939759036144578,0.5783132530120482,0.4457831325301205,0.927710843373494,0.10843373493975904,0.6144578313253012,1.0,0.08433734939759036,0.5662650602409639,0.21686746987951808,0.060240963855421686,0.012048192771084338,0.4457831325301205,0.012048192771084338,0.21686746987951808,0.0,0.024096385542168676,0.024096385542168676,0.012048192771084338,0.3132530120481928,0.10843373493975904,0.060240963855421686,0.13253012048192772,0.14457831325301204,1.0,0.3253012048192771,0.12048192771084337,0.14457831325301204,0.963855421686747,0.12048192771084337,0.43373493975903615,0.04819277108433735,0.0,0.46987951807228917,0.060240963855421686,0.03614457831325301,0.3855421686746988,0.0963855421686747,0.0963855421686747,0.4457831325301205,0.12048192771084337,0.3132530120481928,0.060240963855421686,0.04819277108433735,0.03614457831325301,0.060240963855421686,0.3493975903614458,0.20481927710843373,0.060240963855421686,0.04819277108433735,0.04819277108433735,0.12048192771084337,0.12048192771084337,0.04819277108433735,0.060240963855421686,0.10843373493975904,1.0,1.0,1.0,1.0,1.0,0.20481927710843373,0.03614457831325301,0.03614457831325301,0.5783132530120482,0.03614457831325301,0.0,0.7951807228915663,0.6987951807228916,0.9759036144578314,0.891566265060241,0.9879518072289156,0.9759036144578314,0.9759036144578314,0.0,0.9759036144578314,1.0,0.08433734939759036,0.08433734939759036,0.012048192771084338,0.0,0.0,0.9759036144578314,0.7831325301204819
