,ground_truth,full_prediction,noB_prediction,full_confidence,noB_confidence,noB_is_error
cell_4001,B_cells,B_naive,CD14_mono,0.7225544790664834,0.01422738582251719,True
cell_4002,B_cells,B_naive,CD14_mono,0.8363439418687796,0.015620654044093919,True
cell_4003,B_cells,B_naive,CD14_mono,0.6428269383434104,0.003306257800260244,True
cell_4004,B_cells,B_naive,CD4.Naive,0.995229987561611,0.002410579520913599,True
cell_4005,B_cells,B_naive,CD14_mono,0.8614631517432014,0.005100604813644099,True
cell_4006,B_cells,B_naive,CD14_mono,0.9215696729067554,0.03585059137736985,True
cell_4007,B_cells,B_naive,CD14_mono,0.4622504618608989,0.0006524643376492017,True
cell_4008,B_cells,B_naive,CD14_mono,0.8374861860766184,0.0011413225244694073,True
cell_4009,B_cells,B_naive,CD4.Naive,0.5801370116758398,0.004675856778466622,True
cell_4010,B_cells,B_naive,CD14_mono,0.755230608629227,0.004660665262286794,True
cell_4011,B_cells,B_naive,CD14_mono,0.5877780084473567,0.0035907368158409744,True
cell_4012,B_cells,B_naive,CD14_mono,0.34699499052540944,0.004512536888408529,True
cell_4013,B_cells,B_naive,CD14_mono,0.41795984284131543,0.270916887855276,True
cell_4014,B_cells,B_naive,CD14_mono,0.43683604038646184,0.004535477501806699,True
cell_4015,B_cells,B_naive,CD4.Naive,0.764987720936217,0.0003875044954762166,True
cell_4016,B_cells,B_naive,CD14_mono,0.5999476508209883,0.00158985957395376,True
cell_4017,B_cells,B_naive,CD14_mono,0.5990624027226445,0.0012188480025205318,True
cell_4018,B_cells,B_naive,CD14_mono,0.7354889778157917,0.008184891234143217,True
cell_4019,B_cells,B_naive,CD14_mono,0.3907447908086362,0.022933914483071093,True
cell_4020,B_cells,B_naive,CD14_mono,0.6891051339678385,0.0021346587782439617,True
cell_4021,B_cells,B_naive,CD14_mono,0.4384462356566347,0.012897612210182265,True
cell_4022,B_cells,B_naive,CD14_mono,0.717459434140841,0.004022095973284371,True
cell_4023,B_cells,B_naive,CD14_mono,0.43645814259705207,0.003484977280377966,True
cell_4024,B_cells,B_naive,CD14_mono,0.6415625997629394,0.0006476586141474845,True
cell_4025,B_cells,B_naive,CD14_mono,0.8807714836767607,0.016593157522570203,True
cell_4026,B_cells,B_naive,CD14_mono,0.6763225229697848,0.033425624468156154,True
cell_4027,B_cells,B_naive,CD14_mono,0.6358162741801909,0.0029176957502097802,True
cell_4028,B_cells,B_naive,CD14_mono,0.37003231399950876,0.004175225882404787,True
cell_4029,B_cells,B_naive,CD4.Naive,0.4161411934627026,0.000639333638674226,True
cell_4030,B_cells,B_naive,CD14_mono,0.9113242529952188,0.009110228414824117,True
cell_4031,B_cells,B_naive,CD14_mono,0.2176729078016112,0.03718309950583267,True
cell_4032,B_cells,B_naive,CD14_mono,0.1741470429485884,0.003831336493237617,True
cell_4033,B_cells,B_naive,CD14_mono,0.9716468073900681,0.004350034712180792,True
cell_4034,B_cells,B_naive,CD14_mono,0.9794229504795128,0.003812923977577778,True
cell_4035,B_cells,B_naive,CD14_mono,0.7406413929491391,0.009854715828412708,True
cell_4036,B_cells,B_naive,CD14_mono,0.8025010074662173,0.0007909571231637144,True
cell_4037,B_cells,B_naive,CD14_mono,0.6879819204123934,0.007763753474484415,True
cell_4038,B_cells,B_naive,CD14_mono,0.3842372925740544,0.0065634996048404065,True
cell_4039,B_cells,B_naive,CD4.Naive,0.5709821809042567,0.0019995124856938603,True
cell_4040,B_cells,B_naive,CD14_mono,0.7398514894872689,0.11550504546861777,True
cell_4041,B_cells,B_naive,CD14_mono,0.8623501042778443,0.012967723965884378,True
cell_4042,B_cells,B_naive,CD14_mono,0.627695439370608,0.0005595260797473903,True
cell_4043,B_cells,B_naive,CD14_mono,0.646151964892914,0.0023524698915109985,True
cell_4044,B_cells,B_naive,CD14_mono,0.8364561015360861,0.0034015739581691445,True
cell_4045,B_cells,B_naive,CD14_mono,0.9011511536908337,0.03906568808496306,True
cell_4046,B_cells,B_naive,CD14_mono,0.7601367946822223,0.012097448485021978,True
cell_4047,B_cells,B_naive,CD14_mono,0.9674261124040515,0.028314204907417602,True
cell_4048,B_cells,B_naive,CD14_mono,0.5795979934776253,0.01585857561830789,True
cell_4049,B_cells,B_naive,CD14_mono,0.6695231357724332,0.008743482526979597,True
cell_4050,B_cells,B_naive,CD4.Naive,0.28586268913255386,0.001440643245507877,True
cell_4051,B_cells,B_naive,CD14_mono,0.6407778629496718,0.008076575484454958,True
cell_4052,B_cells,B_naive,CD14_mono,0.8612025105695215,0.013056396730138553,True
cell_4053,B_cells,B_naive,CD14_mono,0.10605035455730667,0.0014561384631812393,True
cell_4054,B_cells,B_naive,CD14_mono,0.1047720433546656,0.0024333165087091608,True
cell_4055,B_cells,B_naive,CD14_mono,0.15212674231078807,0.03272661177131271,True
cell_4056,B_cells,B_naive,CD14_mono,0.866555581499778,0.019541616131875602,True
cell_4057,B_cells,B_naive,CD14_mono,0.8262744479333808,0.005040821012671836,True
cell_4058,B_cells,B_naive,CD14_mono,0.7238741099590604,0.004366712914008583,True
cell_4059,B_cells,B_naive,CD14_mono,0.13057739339968688,0.0016753947192639782,True
cell_4060,B_cells,B_naive,CD14_mono,0.6038633269020784,0.009211572916599181,True
cell_4061,B_cells,B_naive,CD14_mono,0.8393648509506767,0.018783289918708708,True
cell_4062,B_cells,B_naive,CD14_mono,0.7661672062903402,0.005765655459676189,True
cell_4063,B_cells,B_naive,CD14_mono,0.4829390399699271,0.0031251010412284568,True
cell_4064,B_cells,B_naive,CD14_mono,0.9265244555405715,0.003021034066379812,True
cell_4065,B_cells,B_naive,CD14_mono,0.3890755469105334,0.03784726053261961,True
cell_4066,B_cells,B_naive,CD4.Naive,0.9999580713782086,0.0014233722438936126,True
cell_4067,B_cells,B_naive,CD14_mono,0.7130042773251347,0.014648698066948043,True
cell_4068,B_cells,B_naive,CD14_mono,0.5501246260104938,0.008058376627038224,True
cell_4069,B_cells,B_naive,CD14_mono,0.7276087766116102,0.00251083663445403,True
cell_4070,B_cells,B_naive,CD14_mono,0.27767242375953183,0.012768328270895966,True
cell_4071,B_cells,B_naive,CD14_mono,0.31471504388824173,0.004316089046791087,True
cell_4072,B_cells,B_naive,CD14_mono,0.6303594532628433,0.014961244678367848,True
cell_4073,B_cells,B_naive,CD14_mono,0.6213863598937781,0.00833022039513435,True
cell_4074,B_cells,B_naive,CD14_mono,0.9107340350339869,0.0008800261450217279,True
cell_4075,B_cells,B_naive,CD14_mono,0.2615864593038049,0.006044575996678291,True
cell_4076,B_cells,B_naive,CD14_mono,0.7555379478884003,0.010508634348146067,True
cell_4077,B_cells,B_naive,CD14_mono,0.5334288469162024,0.0020608640825230625,True
cell_4078,B_cells,B_naive,CD14_mono,0.531935951417127,0.003425339540208485,True
cell_4079,B_cells,B_naive,CD14_mono,0.2794981568526108,0.003558765606247335,True
cell_4080,B_cells,B_naive,CD14_mono,0.41208398110604305,0.0015005144110869853,True
cell_4081,B_cells,B_naive,CD14_mono,0.8277987360573751,0.004674692570155921,True
cell_4082,B_cells,B_naive,CD14_mono,0.7093985804231702,0.001012616551074033,True
cell_4083,B_cells,B_naive,CD14_mono,0.6608310649637398,0.0603983033082295,True
cell_4084,B_cells,B_naive,CD14_mono,0.6505056909747228,0.024333052114893595,True
cell_4085,B_cells,B_naive,CD14_mono,0.8034715876992995,0.23112034744504542,True
cell_4086,B_cells,B_naive,CD14_mono,0.8080767197660655,0.0013575342927804517,True
cell_4087,B_cells,B_naive,CD14_mono,0.30889255885895317,0.04768448097388433,True
cell_4088,B_cells,B_naive,CD14_mono,0.3152661816611919,0.0008663028443626641,True
cell_4089,B_cells,B_naive,CD14_mono,0.5751955173141794,0.037515638237152774,True
cell_4090,B_cells,B_naive,CD14_mono,0.7671293862256717,0.0114166769299114,True
cell_4091,B_cells,B_naive,CD14_mono,0.761443311015524,0.761443311015524,True
cell_4092,B_cells,B_naive,CD14_mono,0.4592811766013589,0.03278764457157176,True
cell_4093,B_cells,B_naive,CD14_mono,0.8508662611128942,0.0022488549973896164,True
cell_4094,B_cells,B_naive,CD14_mono,0.7654666601314841,0.013507745670631583,True
cell_4095,B_cells,B_naive,CD14_mono,0.7096124367584429,0.020179814099375148,True
cell_4096,B_cells,B_naive,CD14_mono,0.742087752106351,0.013648744826831188,True
cell_4097,B_cells,B_naive,CD14_mono,0.48546782605465266,0.013405965023895839,True
cell_4098,B_cells,B_naive,CD14_mono,0.843932639621582,0.0033008954818077407,True
cell_4099,B_cells,B_naive,CD14_mono,0.37506166576172684,0.0019371621470876134,True
cell_4100,B_cells,B_naive,CD14_mono,0.506634282156175,0.01305300481153751,True
cell_4101,B_cells,B_naive,CD14_mono,0.16779637018924054,0.0009408120074787894,True
cell_4102,B_cells,B_naive,CD14_mono,0.22915703761394562,0.006386553474236927,True
cell_4103,B_cells,B_naive,CD14_mono,0.5540061840050068,0.02649661207720846,True
cell_4104,B_cells,B_naive,CD14_mono,0.902839120809388,0.003939567174419363,True
cell_4105,B_cells,B_naive,CD14_mono,0.6904158388871454,0.0007727776077427758,True
cell_4106,B_cells,B_naive,CD14_mono,0.712076259874265,0.0007344048487774002,True
cell_4107,B_cells,B_naive,CD14_mono,0.33949282812898623,0.009663234527355635,True
cell_4108,B_cells,B_naive,CD14_mono,0.34783874417348265,0.004178744949808028,True
cell_4109,B_cells,B_naive,CD14_mono,0.7445110377291941,0.009122100114300301,True
cell_4110,B_cells,B_naive,CD4.Naive,0.4990745754329749,0.0005310054076547478,True
cell_4111,B_cells,B_naive,CD14_mono,0.6500327716490909,0.03160384914356093,True
cell_4112,B_cells,B_naive,CD14_mono,0.6865315626683434,0.0018599473168347963,True
cell_4113,B_cells,B_naive,CD14_mono,0.5527758289605277,0.0038285378184927748,True
cell_4114,B_cells,B_naive,CD14_mono,0.6077184278446656,0.004100896041431563,True
cell_4115,B_cells,B_naive,CD14_mono,0.44459948361170354,0.07822780832235368,True
cell_4116,B_cells,B_naive,CD14_mono,0.9629255889944551,0.0021714941543124274,True
cell_4117,B_cells,B_naive,CD14_mono,0.772793948726771,0.0024374275788003833,True
cell_4118,B_cells,B_naive,CD14_mono,0.2585217635084848,0.012571234890253672,True
cell_4119,B_cells,B_naive,CD14_mono,0.6846019891021811,0.0061799396860868425,True
cell_4120,B_cells,B_naive,CD14_mono,0.3744139467630918,0.006820503433608282,True
cell_4121,B_cells,B_naive,CD14_mono,0.7218591011955335,0.012474593467791723,True
cell_4122,B_cells,B_naive,CD4.Naive,0.6423515387095983,0.0006843477508822715,True
cell_4123,B_cells,B_naive,CD14_mono,0.2547227193525708,0.0028563732937276387,True
cell_4124,B_cells,B_naive,CD14_mono,0.5944577746882271,0.006012070456542911,True
cell_4125,B_cells,B_naive,CD14_mono,0.8449686886626336,0.002878398093733246,True
cell_4126,B_cells,B_naive,CD14_mono,0.2967928674002052,0.003760680691666264,True
cell_4127,B_cells,B_naive,CD14_mono,0.15855912600974145,0.005088931393283524,True
cell_4128,B_cells,B_naive,CD4.Naive,0.7751736678689055,0.00036669426557362704,True
cell_4129,B_cells,B_naive,CD4.Naive,0.6584910727233552,0.005166212651635414,True
cell_4130,B_cells,B_naive,CD14_mono,0.17304375341746198,0.003340042231171523,True
cell_4131,B_cells,B_naive,CD14_mono,0.8468944609822777,0.002980947053791122,True
cell_4132,B_cells,B_naive,CD14_mono,0.8478296679794763,0.0023421708464324447,True
cell_4133,B_cells,B_naive,CD4.Naive,0.9825625021980668,0.0010055819922838926,True
cell_4134,B_cells,B_naive,CD14_mono,0.6879401876606346,0.01583265608816162,True
cell_4135,B_cells,B_naive,CD14_mono,0.7528893985621453,0.02458307490793823,True
cell_4136,B_cells,B_naive,CD14_mono,0.5140773829812986,0.00844348234876877,True
cell_4137,B_cells,B_naive,CD14_mono,0.6390992556602475,0.005156297389074967,True
cell_4138,B_cells,B_naive,CD14_mono,0.6821004696158398,0.004519410284533077,True
cell_4139,B_cells,B_naive,CD14_mono,0.7573965224251774,0.015931437385961214,True
cell_4140,B_cells,B_naive,CD14_mono,0.3265679319956958,0.0025558407639453486,True
cell_4141,B_cells,B_naive,CD14_mono,0.9238646564818522,0.0023573787295952517,True
cell_4142,B_cells,B_naive,CD14_mono,0.4645203667937272,0.025183677604731905,True
cell_4143,B_cells,B_naive,CD14_mono,0.784726329951605,0.002963187369590645,True
cell_4144,B_cells,B_naive,CD14_mono,0.5137356795412281,0.024070272689921055,True
cell_4145,B_cells,B_naive,CD14_mono,0.4685768472692614,0.0005828624504617637,True
cell_4146,B_cells,B_naive,CD14_mono,0.9883180774837831,0.0066569406079876785,True
cell_4147,B_cells,B_naive,CD14_mono,0.5078698282676946,0.003929211193199776,True
cell_4148,B_cells,B_naive,CD14_mono,0.5373352828882714,0.08739663505949782,True
cell_4149,B_cells,B_naive,CD14_mono,0.8063157390362891,0.008997606768370596,True
cell_4150,B_cells,B_naive,CD14_mono,0.8045103899605303,0.0022842149397180197,True
cell_4151,B_cells,B_naive,CD14_mono,0.8834735525522308,0.001065394971159504,True
cell_4152,B_cells,B_naive,CD14_mono,0.11575692962563036,0.0005561138081270293,True
cell_4153,B_cells,B_naive,CD14_mono,0.30304667023511317,0.010233287846195396,True
cell_4154,B_cells,B_naive,CD14_mono,0.4330676177492626,0.009905683373432084,True
cell_4155,B_cells,B_naive,CD14_mono,0.684556390883207,0.0015305347578803401,True
cell_4156,B_cells,B_naive,CD14_mono,0.3498217995457754,0.0017322303304288693,True
cell_4157,B_cells,B_naive,CD14_mono,0.6998623379206046,0.0044638816400465195,True
cell_4158,B_cells,B_naive,CD14_mono,0.7933689809295257,0.007150259494451829,True
cell_4159,B_cells,B_naive,CD14_mono,0.90080244851242,0.055485594215703156,True
cell_4160,B_cells,B_naive,CD14_mono,0.6573940635898475,0.0010123459981062025,True
cell_4161,B_cells,B_naive,CD14_mono,0.3670566851441618,0.0029039253173170636,True
cell_4162,B_cells,B_naive,CD14_mono,0.7482248108069696,0.0066981752790473414,True
cell_4163,B_cells,B_naive,CD14_mono,0.9235744749451085,0.0027285137582637353,True
cell_4164,B_cells,B_naive,CD14_mono,0.5801799143461065,0.0002430854483639006,True
cell_4165,B_cells,B_naive,CD14_mono,0.6547509483557447,0.0022177624657371614,True
cell_4166,B_cells,B_naive,CD14_mono,0.4707166077281508,0.005013437705597074,True
cell_4167,B_cells,B_naive,CD14_mono,0.8090574175784903,0.012835740719318844,True
cell_4168,B_cells,B_naive,CD14_mono,0.9302545574879825,0.05675494827630818,True
cell_4169,B_cells,B_naive,CD14_mono,0.7574885693216926,0.040265967246790234,True
cell_4170,B_cells,B_naive,CD14_mono,0.8501289482282152,0.004861807366741645,True
cell_4171,B_cells,B_naive,CD14_mono,0.8196695082119637,0.03503668246797933,True
cell_4172,B_cells,B_naive,CD14_mono,0.7628064344465546,0.043782340566227776,True
cell_4173,B_cells,B_naive,CD4.Naive,0.20487966924970075,0.0031264671363349884,True
cell_4174,B_cells,B_naive,CD14_mono,0.4809045254568213,0.0007813002949086445,True
cell_4175,B_cells,B_naive,CD14_mono,0.9042436979735797,0.0015703284338441465,True
cell_4176,B_cells,B_naive,CD14_mono,0.5453543736148966,0.03336815921491993,True
cell_4177,B_cells,B_naive,CD14_mono,0.4364501989183027,0.011098485354378065,True
cell_4178,B_cells,B_naive,CD14_mono,0.9454977643906946,0.009473553674187066,True
cell_4179,B_cells,B_naive,CD14_mono,0.8868273214406353,0.0008940625753337609,True
cell_4180,B_cells,B_naive,CD14_mono,0.8133792314009124,0.004153337131719483,True
cell_4181,B_cells,B_naive,CD14_mono,0.8619890501270401,0.014451701639488184,True
cell_4182,B_cells,B_naive,CD14_mono,0.43066365255425304,0.0030461964949183434,True
cell_4183,B_cells,B_naive,CD14_mono,0.31509658037249383,0.0013986296257316527,True
cell_4184,B_cells,B_naive,CD14_mono,0.7311500358006265,0.0018267160546899467,True
cell_4185,B_cells,B_naive,CD4.Naive,0.26585655419821513,0.0011918706078348313,True
cell_4186,B_cells,B_naive,CD14_mono,0.6836196583932332,0.0024137502272640254,True
cell_4187,B_cells,B_naive,CD14_mono,0.4000508479211191,0.01601815285073908,True
cell_4188,B_cells,B_naive,CD14_mono,0.5770616842128894,0.01882288591880657,True
cell_4189,B_cells,B_naive,CD14_mono,0.5213148979392026,0.20920048078413317,True
cell_4190,B_cells,B_naive,CD14_mono,0.6298683839307445,0.013870447795776602,True
cell_4191,B_cells,B_naive,CD14_mono,0.8561831501759167,0.03190083654008279,True
cell_4192,B_cells,B_naive,CD14_mono,0.5119089037987822,0.03430493857914992,True
cell_4193,B_cells,B_naive,CD14_mono,0.8329697035489141,0.011484488423041088,True
cell_4194,B_cells,B_naive,CD14_mono,0.4911599941168378,0.009357809918008103,True
cell_4195,B_cells,B_naive,CD14_mono,0.7642035659067642,0.0031699141434853003,True
cell_4196,B_cells,B_naive,CD14_mono,0.6598290045212893,0.012173398665207634,True
cell_4197,B_cells,B_naive,CD14_mono,0.7937657105333118,0.01025479594423043,True
cell_4198,B_cells,B_naive,CD14_mono,0.9360738491302046,0.00217835384956916,True
cell_4199,B_cells,B_naive,CD14_mono,0.8345276384684431,0.3479095079656192,True
cell_4200,B_cells,B_naive,CD14_mono,0.7382591439453406,0.006952044551665815,True
cell_4201,B_cells,B_naive,CD14_mono,0.7649992835512294,0.0009274856201895348,True
cell_4202,B_cells,B_naive,CD14_mono,0.5082839844094967,0.013453121435279318,True
cell_4203,B_cells,B_naive,CD14_mono,0.28735011009709494,0.030763866517548154,True
cell_4204,B_cells,B_naive,CD14_mono,0.7308730846183886,0.012630712270063339,True
cell_4205,B_cells,B_naive,CD14_mono,0.13953536922628546,0.001993485822300937,True
cell_4206,B_cells,B_naive,CD14_mono,0.6434097544523892,0.015426729218803722,True
cell_4207,B_cells,B_naive,CD14_mono,0.231220858185139,0.003478856945234362,True
cell_4208,B_cells,B_naive,CD14_mono,0.6516449484564998,0.03358856539011858,True
cell_4209,B_cells,B_naive,CD14_mono,0.7737672610270825,0.001548610541476025,True
cell_4210,B_cells,B_naive,CD14_mono,0.6270644575083425,0.0011380210739832916,True
cell_4211,B_cells,B_naive,CD14_mono,0.6925163420751788,0.09655114784040197,True
cell_4212,B_cells,B_naive,CD14_mono,0.4828636222769302,0.0040347112235549765,True
cell_4213,B_cells,B_naive,CD14_mono,0.7535139866339262,0.016389565686932266,True
cell_4214,B_cells,B_naive,CD14_mono,0.47689196333010403,0.0025249689001620988,True
cell_4215,B_cells,B_naive,CD14_mono,0.6712344701394977,0.008583567608841257,True
cell_4216,B_cells,B_naive,CD14_mono,0.3284134736455956,0.03342565982473085,True
cell_4217,B_cells,B_naive,CD14_mono,0.9106392721087239,0.017682462278997897,True
cell_4218,B_cells,B_naive,CD14_mono,0.45596445067895286,0.011491211883075968,True
cell_4219,B_cells,B_naive,CD14_mono,0.3812862230943238,0.01701673328084236,True
cell_4220,B_cells,B_naive,CD14_mono,0.7816250369875402,0.0086314403566817,True
cell_4221,B_cells,B_naive,CD14_mono,0.4975626657063518,0.0054625830789668305,True
cell_4222,B_cells,B_naive,CD14_mono,0.8047458995740067,0.004808600255528017,True
cell_4223,B_cells,B_naive,CD14_mono,0.6160238225589523,0.007568308267761974,True
cell_4224,B_cells,B_naive,CD14_mono,0.8800783923760588,0.0028421412051659444,True
cell_4225,B_cells,B_naive,CD14_mono,0.27320640897331494,0.014562908171034401,True
cell_4226,B_cells,B_naive,CD14_mono,0.3459264398341317,0.0009209711372014274,True
cell_4227,B_cells,B_naive,CD14_mono,0.9409608695919738,0.006082253724185109,True
cell_4228,B_cells,B_naive,CD14_mono,0.3206063746052866,0.03640994407375194,True
cell_4229,B_cells,B_naive,CD14_mono,0.666702690279696,0.002982525743125617,True
cell_4230,B_cells,B_naive,CD4.Naive,0.4620896471627526,0.004578552210608472,True
cell_4231,B_cells,B_naive,CD14_mono,0.44211532352147576,0.018998605559119808,True
cell_4232,B_cells,B_naive,CD14_mono,0.8657023449579367,0.00321600954541855,True
cell_4233,B_cells,B_naive,CD14_mono,0.8204898215726634,0.01244941845534702,True
cell_4234,B_cells,B_naive,CD14_mono,0.8177226765753838,0.0007256329925062611,True
cell_4235,B_cells,B_naive,CD14_mono,0.21528324126164924,0.01606462761470395,True
cell_4236,B_cells,B_naive,CD14_mono,0.6359828706803009,0.01486085441450178,True
cell_4237,B_cells,B_naive,CD14_mono,0.6867428487485526,0.003756126283080366,True
cell_4238,B_cells,B_naive,CD14_mono,0.7799991769149597,0.0017716542112343838,True
cell_4239,B_cells,B_naive,CD14_mono,0.8092311680913765,0.001095874937709165,True
cell_4240,B_cells,B_naive,CD14_mono,0.7953982196147941,0.0037877164417045297,True
cell_4241,B_cells,B_naive,CD14_mono,0.7448332808350437,0.002431055476422629,True
cell_4242,B_cells,B_naive,CD14_mono,0.617289239879746,0.042337339371885836,True
cell_4243,B_cells,B_naive,CD14_mono,0.17660399742697636,0.003865589157756606,True
cell_4244,B_cells,B_naive,CD14_mono,0.5880515026787109,0.003932487068875363,True
cell_4245,B_cells,B_naive,CD14_mono,0.7936055967831552,0.19381765185324157,True
cell_4246,B_cells,B_naive,CD14_mono,0.44542308700715627,0.06373269671469847,True
cell_4247,B_cells,B_naive,CD14_mono,0.7709597128087186,0.004131495422678375,True
cell_4248,B_cells,B_naive,CD14_mono,0.6274618602751687,0.0026610093138179584,True
cell_4249,B_cells,B_naive,CD14_mono,0.7947274621599388,0.02640083542294865,True
cell_4250,B_cells,B_naive,CD14_mono,0.8084527151673393,0.0008297090557606677,True
cell_4251,B_cells,B_naive,CD4.Naive,0.5545503468393094,0.009545633296946663,True
cell_4252,B_cells,B_naive,CD14_mono,0.6982450690590852,0.0053258169378101105,True
cell_4253,B_cells,B_naive,CD14_mono,0.8773114885661093,0.0019240224975293379,True
cell_4254,B_cells,B_naive,CD14_mono,0.17335040193506163,0.0026553115787287004,True
cell_4255,B_cells,B_naive,CD14_mono,0.3862623555232501,0.02557329700104315,True
cell_4256,B_cells,B_naive,CD14_mono,0.5914375026078027,0.016045173928486114,True
cell_4257,B_cells,B_naive,CD14_mono,0.5580041773267622,0.0051136575576381915,True
cell_4258,B_cells,B_naive,CD14_mono,0.9430606550878244,0.01707583727017701,True
cell_4259,B_cells,B_naive,CD14_mono,0.4883566872539944,0.007676137606911452,True
cell_4260,B_cells,B_naive,CD14_mono,0.09391672780451857,0.010266547164654317,True
cell_4261,B_cells,B_naive,CD14_mono,0.3981969072750833,0.0017080055325206056,True
cell_4262,B_cells,B_naive,CD14_mono,0.5032493009644479,0.0013823057778457096,True
cell_4263,B_cells,B_naive,CD14_mono,0.6808412010688881,0.003129405574491949,True
cell_4264,B_cells,B_naive,CD14_mono,0.45522428790692,0.001117149520632076,True
cell_4265,B_cells,B_naive,CD14_mono,0.6193388109661637,0.0015828017263797495,True
cell_4266,B_cells,B_naive,CD14_mono,0.8172113651484679,0.002451545419954425,True
cell_4267,B_cells,B_naive,CD14_mono,0.5552999118246423,0.011686480676937451,True
cell_4268,B_cells,B_naive,CD14_mono,0.13793306433957797,0.006254083406567714,True
cell_4269,B_cells,B_naive,CD14_mono,0.8665262877248895,0.002576790591536841,True
cell_4270,B_cells,B_naive,CD14_mono,0.6657528986120925,0.0021907207149949063,True
cell_4271,B_cells,B_naive,CD14_mono,0.6271541344306799,0.004583887118049405,True
cell_4272,B_cells,B_naive,CD14_mono,0.3866331591609127,0.01187502612265529,True
cell_4273,B_cells,B_naive,CD14_mono,0.8342652909494124,0.8342652909494124,True
cell_4274,B_cells,B_naive,CD14_mono,0.32883524646545764,0.015505000505810516,True
cell_4275,B_cells,B_naive,CD14_mono,0.4802755859111322,0.004904859952455713,True
cell_4276,B_cells,B_naive,CD14_mono,0.1848514016308235,0.007901049112024246,True
cell_4277,B_cells,B_naive,CD14_mono,0.40525753407347587,0.001806828267899791,True
cell_4278,B_cells,B_naive,CD14_mono,0.9184395507359046,0.000894335406844746,True
cell_4279,B_cells,B_naive,CD14_mono,0.9245823857790434,0.005140816001451155,True
cell_4280,B_cells,B_naive,CD14_mono,0.4479217015376971,0.009459752021049048,True
cell_4281,B_cells,B_naive,CD14_mono,0.7586206282350642,0.00023602817826217406,True
cell_4282,B_cells,B_naive,CD14_mono,0.7983096538795558,0.0029969034614648273,True
cell_4283,B_cells,B_naive,CD14_mono,0.23402055203538974,0.010479176896557736,True
cell_4284,B_cells,B_naive,CD14_mono,0.7319812704569811,0.010279620176480805,True
cell_4285,B_cells,B_naive,CD4.Naive,0.9594585720354123,0.0026380901894657144,True
cell_4286,B_cells,B_naive,CD14_mono,0.5041103439923833,0.0061896062586831065,True
cell_4287,B_cells,B_naive,CD14_mono,0.5561375246677601,0.002271911927067189,True
cell_4288,B_cells,B_naive,CD14_mono,0.22707832399672653,0.0008975650962793089,True
cell_4289,B_cells,B_naive,CD14_mono,0.8887094367833521,0.03533361003875219,True
cell_4290,B_cells,B_naive,CD14_mono,0.56741597875807,0.042757084546547815,True
cell_4291,B_cells,B_naive,CD14_mono,0.6213009603234656,0.015437514469289367,True
cell_4292,B_cells,B_naive,CD14_mono,0.406292568508859,0.03866891000484254,True
cell_4293,B_cells,B_naive,CD14_mono,0.8391194956213587,0.000935373651254905,True
cell_4294,B_cells,B_naive,CD14_mono,0.483538819905131,0.002409602693901465,True
cell_4295,B_cells,B_naive,CD14_mono,0.6542706300758773,0.0022443365325547668,True
cell_4296,B_cells,B_naive,CD14_mono,0.6363357329018345,0.01259881179819176,True
cell_4297,B_cells,B_naive,CD14_mono,0.7834494417768585,0.0009558526174919365,True
cell_4298,B_cells,B_naive,CD14_mono,0.744366987504237,0.005165629822606017,True
cell_4299,B_cells,B_naive,CD14_mono,0.25583033672626787,0.0041806404541624735,True
cell_4300,B_cells,B_naive,CD14_mono,0.4605602286498606,0.0072028125902061065,True
cell_4301,B_cells,B_naive,CD14_mono,0.7270724648789919,0.003028703128158927,True
cell_4302,B_cells,B_naive,CD14_mono,0.2646042883615625,0.01511494561144056,True
cell_4303,B_cells,B_naive,CD14_mono,0.9207823918885696,0.0017280515021628297,True
cell_4304,B_cells,B_naive,CD14_mono,0.468731843686706,0.002355490358489832,True
cell_4305,B_cells,B_naive,CD14_mono,0.20155559793557934,0.0055299835192669025,True
cell_4306,B_cells,B_naive,CD14_mono,0.5710605782494185,0.0017534750368394046,True
cell_4307,B_cells,B_naive,CD14_mono,0.691109122710581,0.004028624985166047,True
cell_4308,B_cells,B_naive,CD14_mono,0.9360575999159958,0.02035183387742755,True
cell_4309,B_cells,B_naive,CD4.Naive,0.09563018824077923,0.005405612012186564,True
cell_4310,B_cells,B_naive,CD14_mono,0.6619368955451829,0.006810099504536604,True
cell_4311,B_cells,B_naive,CD14_mono,0.7143050854581677,0.04182710973725864,True
cell_4312,B_cells,B_naive,CD14_mono,0.4954618725057711,0.0007954342887673111,True
cell_4313,B_cells,B_naive,CD14_mono,0.6913105040298718,0.0022757113046368697,True
cell_4314,B_cells,B_naive,CD14_mono,0.6705361976395936,0.01767471207245185,True
cell_4315,B_cells,B_naive,CD14_mono,0.41725109595525073,0.007029978015004284,True
cell_4316,B_cells,B_naive,CD14_mono,0.4581711972185742,0.3398727383279486,True
cell_4317,B_cells,B_naive,CD14_mono,0.5077864758128822,0.0022864687343925392,True
cell_4318,B_cells,B_naive,CD14_mono,0.3851164872603643,0.010585663163189735,True
cell_4319,B_cells,B_naive,CD14_mono,0.9024451469066551,0.001364448233631731,True
cell_4320,B_cells,B_naive,CD14_mono,0.3715134590472248,0.0015235311264980111,True
cell_4321,B_cells,B_naive,CD14_mono,0.8503137446310981,0.00693624216337153,True
cell_4322,B_cells,B_naive,CD14_mono,0.7636708645819542,0.022121961591003558,True
cell_4323,B_cells,B_naive,CD14_mono,0.6922175286902204,0.002882427536149159,True
cell_4324,B_cells,B_naive,CD14_mono,0.5143060487806661,0.025779276000432873,True
cell_4325,B_cells,B_naive,CD14_mono,0.4643912605129016,0.004426335195921396,True
cell_4326,B_cells,B_naive,CD14_mono,0.680155247444687,0.004385819881796122,True
cell_4327,B_cells,B_naive,CD14_mono,0.8104734889132822,0.002599598005349591,True
cell_4328,B_cells,B_naive,CD14_mono,0.555899664964997,0.002840667233887803,True
cell_4329,B_cells,B_naive,CD14_mono,0.5205589992206107,0.0026307012309492064,True
cell_4330,B_cells,B_naive,CD14_mono,0.7516860029860765,0.005002372858340104,True
cell_4331,B_cells,B_naive,CD14_mono,0.4001391417114665,0.025165748238231908,True
cell_4332,B_cells,B_naive,CD14_mono,0.7224569713068578,0.00870375127800082,True
cell_4333,B_cells,B_naive,CD14_mono,0.23267187110403664,0.1751483224242238,True
cell_4334,B_cells,B_naive,CD14_mono,0.6924757000321728,0.012205148310485749,True
cell_4335,B_cells,B_naive,CD14_mono,0.20564791240984323,0.006672179521442399,True
cell_4336,B_cells,B_naive,CD14_mono,0.5698447246623833,0.018404249680166736,True
cell_4337,B_cells,B_naive,CD14_mono,0.28961567231444546,0.028704845418676073,True
cell_4338,B_cells,B_naive,CD14_mono,0.6434101721083232,0.006945090249364575,True
cell_4339,B_cells,B_naive,CD14_mono,0.6166809269350999,0.005658849144137982,True
cell_4340,B_cells,B_naive,CD14_mono,0.6738610306876219,0.003008164087539483,True
cell_4341,B_cells,B_naive,CD14_mono,0.7770049979051477,0.0036076509282438147,True
cell_4342,B_cells,B_naive,CD14_mono,0.8463044534432811,0.007503305202694854,True
cell_4343,B_cells,B_naive,CD14_mono,0.38791711982114113,0.0016290973859408718,True
cell_4344,B_cells,B_naive,CD14_mono,0.5501699872010611,0.002070949562455211,True
cell_4345,B_cells,B_naive,CD14_mono,0.7585067345719635,0.0007003484491255289,True
cell_4346,B_cells,B_naive,CD14_mono,0.6781338052409657,0.005232289960537973,True
cell_4347,B_cells,B_naive,CD14_mono,0.5518459568854689,0.01884184702802211,True
cell_4348,B_cells,B_naive,CD14_mono,0.6891449911268313,0.00830427540541879,True
cell_4349,B_cells,B_naive,CD14_mono,0.2230943964044097,0.002167693025771365,True
cell_4350,B_cells,B_naive,CD14_mono,0.501577779092148,0.006253620820137109,True
cell_4351,B_cells,B_naive,CD14_mono,0.8479406035488783,0.001892231432843246,True
cell_4352,B_cells,B_naive,CD14_mono,0.12849339479430905,0.003481337169765224,True
cell_4353,B_cells,B_naive,CD14_mono,0.8612697085514773,0.0044894327392617705,True
cell_4354,B_cells,B_naive,CD14_mono,0.19641329136582503,0.02211767184658273,True
cell_4355,B_cells,B_naive,CD14_mono,0.6944187724368852,0.00794461373250555,True
cell_4356,B_cells,B_naive,CD14_mono,0.7681147622303021,0.01217178071498879,True
cell_4357,B_cells,B_naive,CD14_mono,0.9028530792293807,0.004827553900247937,True
cell_4358,B_cells,B_naive,CD14_mono,0.7577413472172481,0.001141131763077072,True
cell_4359,B_cells,B_naive,CD14_mono,0.7848838067768391,0.0072388200715145555,True
cell_4360,B_cells,B_naive,CD14_mono,0.4696560851723302,0.029378712005052862,True
cell_4361,B_cells,B_naive,CD14_mono,0.5331642908023396,0.008536261116632624,True
cell_4362,B_cells,B_naive,CD14_mono,0.5989169669059962,0.006215354974478231,True
cell_4363,B_cells,B_naive,CD14_mono,0.5407240921002167,0.0054997218129141275,True
cell_4364,B_cells,B_naive,CD14_mono,0.6875788258395653,0.0015217142984413096,True
cell_4365,B_cells,B_naive,CD14_mono,0.2678998878152631,0.0006447018783134303,True
cell_4366,B_cells,B_naive,CD4.Naive,0.9231400239175588,0.0017036020790282126,True
cell_4367,B_cells,B_naive,CD14_mono,0.6926085952670046,0.010439003802603476,True
cell_4368,B_cells,B_naive,CD14_mono,0.7391263819772893,0.007943599728737299,True
cell_4369,B_cells,B_naive,CD14_mono,0.8554457061830315,0.0726721674566334,True
cell_4370,B_cells,B_naive,CD14_mono,0.8056182843531418,0.006625993808051104,True
cell_4371,B_cells,B_naive,CD14_mono,0.9242937108876759,0.024595529423855667,True
cell_4372,B_cells,B_naive,CD14_mono,0.8496785645977222,0.05100364653675306,True
cell_4373,B_cells,B_naive,CD14_mono,0.612037562286484,0.020948479093755412,True
cell_4374,B_cells,B_naive,CD4.Naive,0.12620032969865233,0.016016342130563462,True
cell_4375,B_cells,B_naive,CD14_mono,0.8105453973419217,0.013344235300458133,True
cell_4376,B_cells,B_naive,CD14_mono,0.44995611442333144,0.01223446047979147,True
cell_4377,B_cells,B_naive,CD14_mono,0.6567696389582078,0.01050542486990175,True
cell_4378,B_cells,B_naive,CD14_mono,0.7247169677209758,0.014925842385920427,True
cell_4379,B_cells,B_naive,CD14_mono,0.9994496808595033,0.16755055936676277,True
cell_4380,B_cells,B_naive,CD14_mono,0.903893993383769,0.0022117700198802967,True
cell_4381,B_cells,B_naive,CD14_mono,0.49329498021470136,0.013584274503603121,True
cell_4382,B_cells,B_naive,CD14_mono,0.4452924584209586,0.0013874474372522379,True
cell_4383,B_cells,B_naive,CD14_mono,0.5025978371296677,0.009813385959702955,True
cell_4384,B_cells,B_naive,CD4.Naive,0.2364134060982442,0.003642793394496724,True
cell_4385,B_cells,B_naive,CD14_mono,0.5686882001382211,0.04129024409604207,True
cell_4386,B_cells,B_naive,CD14_mono,0.2663914261455034,0.00378173917030261,True
cell_4387,B_cells,B_naive,CD4.Naive,0.7781579650052709,0.0016106046925745067,True
cell_4388,B_cells,B_naive,CD14_mono,0.4536931938693891,0.0014459807699478877,True
cell_4389,B_cells,B_naive,CD14_mono,0.8902381398254742,0.07718009158310932,True
cell_4390,B_cells,B_naive,CD14_mono,0.6302667068991681,0.05056476524093654,True
cell_4391,B_cells,B_naive,CD14_mono,0.7502935631526927,0.016271843415111956,True
cell_4392,B_cells,B_naive,CD14_mono,0.888135562308054,0.00547290621120883,True
cell_4393,B_cells,B_naive,CD14_mono,0.21056700873387324,0.005468580895222294,True
cell_4394,B_cells,B_naive,CD14_mono,0.8511651430239858,0.0064132438743910464,True
cell_4395,B_cells,B_naive,CD14_mono,0.45567153344572997,0.0252301230787168,True
cell_4396,B_cells,B_naive,CD14_mono,0.556942043135269,0.006844240720473685,True
cell_4397,B_cells,B_naive,CD14_mono,0.5609430324144902,0.0022955385978357277,True
cell_4398,B_cells,B_naive,CD14_mono,0.5687983333138312,0.05147476289217266,True
cell_4399,B_cells,B_naive,CD14_mono,0.43225670965082136,0.0022910599514289038,True
cell_4400,B_cells,B_naive,CD14_mono,0.7403339300860046,0.0030639628988031976,True
cell_4401,B_cells,B_naive,CD14_mono,0.3878783339731903,0.005176413578231009,True
cell_4402,B_cells,B_naive,CD4.Naive,0.9418744106245162,0.007770286347601178,True
cell_4403,B_cells,B_naive,CD14_mono,0.7248715259364236,0.007976659010445033,True
cell_4404,B_cells,B_naive,CD14_mono,0.7415050280453068,0.00648256369024889,True
cell_4405,B_cells,B_naive,CD14_mono,0.8445572027896708,0.017191170607704146,True
cell_4406,B_cells,B_naive,CD14_mono,0.7654527932317123,0.006320496999310071,True
cell_4407,B_cells,B_naive,CD14_mono,0.24627627930479487,0.009780006128290707,True
cell_4408,B_cells,B_naive,CD14_mono,0.7655198831932633,0.012180829805818005,True
cell_4409,B_cells,B_naive,CD14_mono,0.6655565208130443,0.0041582305102734465,True
cell_4410,B_cells,B_naive,CD4.Naive,0.761613783454532,0.000257597967556112,True
cell_4411,B_cells,B_naive,CD14_mono,0.579541746697591,0.014762005808575571,True
cell_4412,B_cells,B_naive,CD14_mono,0.6003987863661175,0.007013879649523689,True
cell_4413,B_cells,B_naive,CD14_mono,0.3568613956799788,0.0011880406214493453,True
cell_4414,B_cells,B_naive,CD14_mono,0.37294827154893323,0.02275115675367065,True
cell_4415,B_cells,B_naive,CD14_mono,0.4666088386272839,0.0042736576979977335,True
cell_4416,B_cells,B_naive,CD14_mono,0.7856817609159118,0.009554502563871742,True
cell_4417,B_cells,B_naive,CD14_mono,0.9310332837048093,0.007994655716026876,True
cell_4418,B_cells,B_naive,CD14_mono,0.9287092818219566,0.014455717805494192,True
cell_4419,B_cells,B_naive,CD14_mono,0.4512949187962889,0.02221526914757749,True
cell_4420,B_cells,B_naive,CD14_mono,0.9298895788124069,0.012529389433719175,True
cell_4421,B_cells,B_naive,CD14_mono,0.6316681091248154,0.0008572602798244946,True
cell_4422,B_cells,B_naive,CD14_mono,0.3962823316075278,0.005763802349744778,True
cell_4423,B_cells,B_naive,CD14_mono,0.7589390389991508,0.0009522827118839511,True
cell_4424,B_cells,B_naive,CD14_mono,0.5090791245660546,0.0019437905186973237,True
cell_4425,B_cells,B_naive,CD14_mono,0.7408424462857224,0.00888116957789503,True
cell_4426,B_cells,B_naive,CD14_mono,0.7893505543594079,0.0010037638790084795,True
cell_4427,B_cells,B_naive,CD14_mono,0.7405373760572715,0.022934986444855344,True
cell_4428,B_cells,B_naive,CD14_mono,0.36165166850724334,0.004967960673508808,True
cell_4429,B_cells,B_naive,CD14_mono,0.7150926719029417,0.011061314102047365,True
cell_4430,B_cells,B_naive,CD14_mono,0.8142971297677357,0.012506745994189225,True
cell_4431,B_cells,B_naive,CD14_mono,0.5513943674741179,0.0011129494229395822,True
cell_4432,B_cells,B_naive,CD14_mono,0.5798965102624327,0.0016932140227987698,True
cell_4433,B_cells,B_naive,CD14_mono,0.9456016311920826,0.003399541290627096,True
cell_4434,B_cells,B_naive,CD14_mono,0.7056823338163206,0.003816217809924737,True
cell_4435,B_cells,B_naive,CD14_mono,0.42117092382174454,0.0010859240936693547,True
cell_4436,B_cells,B_naive,CD14_mono,0.9263062885456287,0.003542905179909452,True
cell_4437,B_cells,B_naive,CD14_mono,0.7866452554862678,0.0028555769383393132,True
cell_4438,B_cells,B_naive,CD14_mono,0.8654401299681743,0.009630376406415708,True
cell_4439,B_cells,B_naive,CD14_mono,0.804948374935192,0.004313021863723811,True
cell_4440,B_cells,B_naive,CD14_mono,0.9383161493315035,0.006793736305982245,True
cell_4441,B_cells,B_naive,CD14_mono,0.7862061649932477,0.0028370957059241594,True
cell_4442,B_cells,B_naive,CD14_mono,0.7654344467171806,0.0037090681194987796,True
cell_4443,B_cells,B_naive,CD14_mono,0.5700746041127432,0.0014316094391742063,True
cell_4444,B_cells,B_naive,CD14_mono,0.45753830860398886,0.02071534394275711,True
cell_4445,B_cells,B_naive,CD14_mono,0.6116910536324419,0.006535923731067576,True
cell_4446,B_cells,B_naive,CD14_mono,0.8346317516198021,0.07103267920006458,True
cell_4447,B_cells,B_naive,CD4.Naive,0.33563836047777473,0.0008835553774332043,True
cell_4448,B_cells,B_naive,CD14_mono,0.740142060849174,0.005945256573976668,True
cell_4449,B_cells,B_naive,CD14_mono,0.4836359548110983,0.0026023335358167855,True
cell_4450,B_cells,B_naive,CD4.Naive,0.992539813866576,0.0014392024437361645,True
cell_4451,B_cells,B_naive,CD14_mono,0.3797439218756713,0.004547083286914963,True
cell_4452,B_cells,B_naive,CD14_mono,0.5645742677351112,0.014644988267080335,True
cell_4453,B_cells,B_naive,CD4.Naive,0.9579362270586398,0.005212648762714639,True
cell_4454,B_cells,B_naive,CD14_mono,0.9829592296591644,0.010673416017985141,True
cell_4455,B_cells,B_naive,CD14_mono,0.5777404305413937,0.0011121764708007297,True
cell_4456,B_cells,B_naive,CD14_mono,0.6962082403049594,0.004745795517430405,True
cell_4457,B_cells,B_naive,CD14_mono,0.7255284319432157,0.07113013269592151,True
cell_4458,B_cells,B_naive,CD14_mono,0.2961806652937197,0.0068762120543536965,True
cell_4459,B_cells,B_naive,CD14_mono,0.571989683012764,0.005390421679265164,True
cell_4460,B_cells,B_naive,CD14_mono,0.42530503316687185,0.008891415194581493,True
cell_4461,B_cells,B_naive,CD14_mono,0.7456755036735082,0.007203881555354882,True
cell_4462,B_cells,B_naive,CD14_mono,0.7768169742472346,0.0017600291818153434,True
cell_4463,B_cells,B_naive,CD14_mono,0.31714448329916595,0.001039968258724736,True
cell_4464,B_cells,B_naive,CD14_mono,0.8737770996366154,0.0020731244065865777,True
cell_4465,B_cells,B_naive,CD14_mono,0.5847144099434942,0.003249964620637251,True
cell_4466,B_cells,B_naive,CD14_mono,0.8796488368921628,0.01641943033483322,True
cell_4467,B_cells,B_naive,CD14_mono,0.2987627702660428,0.023086236673092148,True
cell_4468,B_cells,B_naive,CD14_mono,0.6724009219925804,0.005148319231333765,True
cell_4469,B_cells,B_naive,CD14_mono,0.808284538820688,0.0011995686917020635,True
cell_4470,B_cells,B_naive,CD14_mono,0.6892566030302071,0.08802951201135631,True
cell_4471,B_cells,B_naive,CD14_mono,0.7897326930228886,0.017368194656993245,True
cell_4472,B_cells,B_naive,CD14_mono,0.35096023679168004,0.006548936200486959,True
cell_4473,B_cells,B_naive,CD14_mono,0.8592137148433338,0.0011265811556627038,True
cell_4474,B_cells,B_naive,CD14_mono,0.5204780774989833,0.00976693141440866,True
cell_4475,B_cells,B_naive,CD14_mono,0.0914774461835103,0.00628920452470316,True
cell_4476,B_cells,B_naive,CD4.Naive,0.4969851288373629,0.00035318615108397553,True
cell_4477,B_cells,B_naive,CD14_mono,0.39274727823910827,0.009967709075372496,True
cell_4478,B_cells,B_naive,CD14_mono,0.7460468116809823,0.001629104936528106,True
cell_4479,B_cells,B_naive,CD14_mono,0.7526155043826858,0.00450260359248327,True
cell_4480,B_cells,B_naive,CD14_mono,0.5053278233461563,0.009635820457571529,True
cell_4481,B_cells,B_naive,CD14_mono,0.36552534376195944,0.0664336037863696,True
cell_4482,B_cells,B_naive,CD14_mono,0.3427711674117923,0.0008093064507282866,True
cell_4483,B_cells,B_naive,CD14_mono,0.6084450324870595,0.001519628889224493,True
cell_4484,B_cells,B_naive,CD4.Naive,0.37234798141402325,0.0016556268228207088,True
cell_4485,B_cells,B_naive,CD14_mono,0.5370803216074332,0.00462408097612651,True
cell_4486,B_cells,B_naive,CD14_mono,0.5164592633411426,0.010811904600989162,True
cell_4487,B_cells,B_naive,CD14_mono,0.7875799002326997,0.027058972636694035,True
cell_4488,B_cells,B_naive,CD14_mono,0.7167909287279524,0.005122430354498797,True
cell_4489,B_cells,B_naive,CD4.Naive,0.11479247897115737,0.0028705058289667847,True
cell_4490,B_cells,B_naive,CD14_mono,0.9672777094147842,0.0014589039640003783,True
cell_4491,B_cells,B_naive,CD14_mono,0.9391375097960579,0.008546964749641022,True
cell_4492,B_cells,B_naive,CD14_mono,0.6311291805050814,0.15232408944274164,True
cell_4493,B_cells,B_naive,CD14_mono,0.6535367792146863,0.005650823493718301,True
cell_4494,B_cells,B_naive,CD14_mono,0.9089333294859073,0.005452326400609905,True
cell_4495,B_cells,B_naive,CD14_mono,0.45168861547691114,0.004943279181909641,True
cell_4496,B_cells,B_naive,CD14_mono,0.3588721316827008,0.0070443135055896,True
cell_4497,B_cells,B_naive,CD14_mono,0.6833001600684139,0.0021193593243872435,True
cell_4498,B_cells,B_naive,CD14_mono,0.47750022914997353,0.01091047430242758,True
cell_4499,B_cells,B_naive,CD14_mono,0.5672551927625769,0.0031064802340686846,True
cell_4500,B_cells,B_naive,CD14_mono,0.6574511330994595,0.03633999176721906,True
