Gene,Endo CLDN5 SLC7A5,Oligo MOG OPALIN,L2-3 CUX2 ACVR1C THSD7A,L3-5 RORB MKX DCC,Astro AQP4 SLC1A2,InN PVALB HPSE,PC P2RY14 GRM8,L2-3 CUX2 NTNG1 PALMD,Micro P2RY12 APBB1IP,Astro GFAP FABP7,InN SST HS3ST5,InN SST FREM1,L3-5 RORB GABRG1 KCNH7,InN LAMP5 RELN,OPC PDGFRA PCDH15,L2-4 CUX2 RORB CLMN,InN VIP CLSTN2,L6 OPRK1 THEMIS RGS6,InN LAMP5 BMP7,L6 FEZF2 NPFFR2 TPD52L1,InN VIP EXPH5,L3-5 RORB PCBP3 IL1RAPL2,L5-6 FEZF2 NXPH2 CDH8,SMC ACTA2 CNN1
MAP1B,0.9647532729103726,,,,,,,,,,,,,,,,,,,,,,,
CALM1,0.9617321248741189,,,,,,,,,,,,,,,,,,,,,,,
SNAP25,0.9234642497482377,,,,,,,,,,,,,,,,,,,,,,,
NRGN,0.8690835850956697,,,,,,,,,,,,,,,,,,,,,,,
HSP90AA1,0.892245720040282,,,,,,,,,,,,,,,,,,,,,,,
CALM2,0.8298086606243706,,,,,,,,,,,,,,,,,,,,,,,
SPARCL1,0.9093655589123867,,,,,,,,,,,,,,,,,,,,,,,
HSP90AB1,0.8136958710976838,,,,,,,,,,,,,,,,,,,,,,,
CHN1,0.8126888217522659,,,,,,,,,,,,,,,,,,,,,,,
FTH1,0.7905337361530715,,,,,,,,,,,,,,,,,,,,,,,
NEFL,0.7270896273917422,,,,,,,,,,,,,,,,,,,,,,,
CLU,0.7865055387713998,,,,,,,,,,,,,,,,,,,,,,,
RTN4,0.8277945619335347,,,,,,,,,,,,,,,,,,,,,,,
CALM3,0.7180261832829808,,,,,,,,,,,,,,,,,,,,,,,
PEBP1,0.7512588116817724,,,,,,,,,,,,,,,,,,,,,,,
SYT1,0.9748237663645518,,,,,,,,,,,,,,,,,,,,,,,
STMN2,0.7190332326283988,,,,,,,,,,,,,,,,,,,,,,,
ATP1B1,0.7734138972809668,,,,,,,,,,,,,,,,,,,,,,,
TUBA1B,0.7009063444108762,,,,,,,,,,,,,,,,,,,,,,,
VSNL1,0.7331319234642497,,,,,,,,,,,,,,,,,,,,,,,
YWHAG,0.6928499496475328,,,,,,,,,,,,,,,,,,,,,,,
OLFM1,0.7099697885196374,,,,,,,,,,,,,,,,,,,,,,,
RTN3,0.7552870090634441,,,,,,,,,,,,,,,,,,,,,,,
YWHAH,0.6868076535750252,,,,,,,,,,,,,,,,,,,,,,,
CAMK2N1,0.6878147029204431,,,,,,,,,,,,,,,,,,,,,,,
THY1,0.6777442094662638,,,,,,,,,,,,,,,,,,,,,,,
LMO4,0.6777442094662638,,,,,,,,,,,,,,,,,,,,,,,
GNAS,0.7311178247734139,,,,,,,,,,,,,,,,,,,,,,,
CCK,0.6858006042296072,,,,,,,,,,,,,,,,,,,,,,,
ENC1,0.6555891238670695,,,,,,,,,,,,,,,,,,,,,,,
VAMP2,0.67472306143001,,,,,,,,,,,,,,,,,,,,,,,
CKB,0.6928499496475328,,,,,,,,,,,,,,,,,,,,,,,
IDS,0.67472306143001,,,,,,,,,,,,,,,,,,,,,,,
GAPDH,0.6878147029204431,,,,,,,,,,,,,,,,,,,,,,,
CAMK2A,0.6475327291037261,,,,,,,,,,,,,,,,,,,,,,,
ENSG00000289901,0.5720040281973817,,,,,,,,,,,,,,,,,,,,,,,
NEFM,0.5931520644511581,,,,,,,,,,,,,,,,,,,,,,,
ATP2B1,0.7069486404833837,,,,,,,,,,,,,,,,,,,,,,,
MAP1A,0.6092648539778449,,,,,,,,,,,,,,,,,,,,,,,
STMN1,0.6475327291037261,,,,,,,,,,,,,,,,,,,,,,,
YWHAB,0.6324269889224572,,,,,,,,,,,,,,,,,,,,,,,
NORAD,0.6052366565961732,,,,,,,,,,,,,,,,,,,,,,,
STXBP1,0.6525679758308157,,,,,,,,,,,,,,,,,,,,,,,
ACTB,0.6243705941591138,,,,,,,,,,,,,,,,,,,,,,,
BASP1,0.6475327291037261,,,,,,,,,,,,,,,,,,,,,,,
UCHL1,0.6092648539778449,,,,,,,,,,,,,,,,,,,,,,,
TMSB10,0.5901309164149043,,,,,,,,,,,,,,,,,,,,,,,
RTN1,0.6797583081570997,,,,,,,,,,,,,,,,,,,,,,,
ARPP19,0.56797583081571,,,,,,,,,,,,,,,,,,,,,,,
BEX1,0.5760322255790534,,,,,,,,,,,,,,,,,,,,,,,
CTNNA3,,0.9851694915254238,,,,,,,,,,,,,,,,,,,,,,
ST18,,0.9576271186440678,,,,,,,,,,,,,,,,,,,,,,
SIK3,,0.9872881355932204,,,,,,,,,,,,,,,,,,,,,,
RNF220,,0.9682203389830508,,,,,,,,,,,,,,,,,,,,,,
MBP,,0.9809322033898306,,,,,,,,,,,,,,,,,,,,,,
SLC44A1,,0.9745762711864406,,,,,,,,,,,,,,,,,,,,,,
PIP4K2A,,0.9661016949152542,,,,,,,,,,,,,,,,,,,,,,
PDE4B,,0.9766949152542372,,,,,,,,,,,,,,,,,,,,,,
PLP1,,0.9470338983050848,,,,,,,,,,,,,,,,,,,,,,
QKI,,0.9788135593220338,,,,,,,,,,,,,,,,,,,,,,
DOCK5,,0.9258474576271186,,,,,,,,,,,,,,,,,,,,,,
PPP2R2B,,0.9936440677966102,,,,,,,,,,,,,,,,,,,,,,
PLEKHH1,,0.9194915254237288,,,,,,,,,,,,,,,,,,,,,,
FRMD4B,,0.9258474576271186,,,,,,,,,,,,,,,,,,,,,,
DOCK10,,0.9491525423728814,,,,,,,,,,,,,,,,,,,,,,
SLC24A2,,0.9872881355932204,,,,,,,,,,,,,,,,,,,,,,
NCKAP5,,0.9533898305084746,,,,,,,,,,,,,,,,,,,,,,
PRUNE2,,0.9555084745762712,,,,,,,,,,,,,,,,,,,,,,
IL1RAPL1,,0.9915254237288136,,,,,,,,,,,,,,,,,,,,,,
PHLPP1,,0.9470338983050848,,,,,,,,,,,,,,,,,,,,,,
C10orf90,,0.8919491525423728,,,,,,,,,,,,,,,,,,,,,,
FRMD5,,0.9766949152542372,,,,,,,,,,,,,,,,,,,,,,
TMEM144,,0.8898305084745762,,,,,,,,,,,,,,,,,,,,,,
DIP2B,,0.9427966101694916,,,,,,,,,,,,,,,,,,,,,,
TMTC2,,0.934322033898305,,,,,,,,,,,,,,,,,,,,,,
KCNH8,,0.864406779661017,,,,,,,,,,,,,,,,,,,,,,
PCDH9,,0.9978813559322034,,,,,,,,,,,,,,,,,,,,,,
ERBIN,,0.9279661016949152,,,,,,,,,,,,,,,,,,,,,,
ELMO1,,0.951271186440678,,,,,,,,,,,,,,,,,,,,,,
ENPP2,,0.8453389830508474,,,,,,,,,,,,,,,,,,,,,,
EDIL3,,0.9216101694915254,,,,,,,,,,,,,,,,,,,,,,
PALM2AKAP2,,0.9300847457627118,,,,,,,,,,,,,,,,,,,,,,
CLMN,,0.864406779661017,,,,,,,,,,,,,,,,,,,,,,
TTLL7,,0.940677966101695,,,,,,,,,,,,,,,,,,,,,,
PLCL1,,0.934322033898305,,,,,,,,,,,,,,,,,,,,,,
SHTN1,,0.9258474576271186,,,,,,,,,,,,,,,,,,,,,,
PXK,,0.8728813559322034,,,,,,,,,,,,,,,,,,,,,,
TRIM2,,0.9576271186440678,,,,,,,,,,,,,,,,,,,,,,
FRYL,,0.9216101694915254,,,,,,,,,,,,,,,,,,,,,,
MAP7,,0.9300847457627118,,,,,,,,,,,,,,,,,,,,,,
CERCAM,,0.8114406779661016,,,,,,,,,,,,,,,,,,,,,,
PDE8A,,0.8961864406779662,,,,,,,,,,,,,,,,,,,,,,
CADM2,,0.9978813559322034,,,,,,,,,,,,,,,,,,,,,,
ANK3,,0.9915254237288136,,,,,,,,,,,,,,,,,,,,,,
LINC01608,,0.8029661016949152,,,,,,,,,,,,,,,,,,,,,,
CNDP1,,0.8072033898305084,,,,,,,,,,,,,,,,,,,,,,
CREB5,,0.826271186440678,,,,,,,,,,,,,,,,,,,,,,
PDE1C,,0.8940677966101694,,,,,,,,,,,,,,,,,,,,,,
UNC5C,,0.9110169491525424,,,,,,,,,,,,,,,,,,,,,,
AGAP1,,0.951271186440678,,,,,,,,,,,,,,,,,,,,,,
CBLN2,,,0.9961240310077519,,,,,,,,,,,,,,,,,,,,,
LRRTM4,,,1.0,,,,,,,,,,,,,,,,,,,,,
HS6ST3,,,0.9961240310077519,,,,,,,,,,,,,,,,,,,,,
ENSG00000254092,,,0.9341085271317829,,,,,,,,,,,,,,,,,,,,,
LINC01250,,,0.9883720930232558,,,,,,,,,,,,,,,,,,,,,
MLIP,,,0.9806201550387597,,,,,,,,,,,,,,,,,,,,,
DGKB,,,1.0,,,,,,,,,,,,,,,,,,,,,
ENSG00000229618,,,0.9767441860465116,,,,,,,,,,,,,,,,,,,,,
KCNIP4,,,1.0,,,,,,,,,,,,,,,,,,,,,
LINC01378,,,0.9302325581395349,,,,,,,,,,,,,,,,,,,,,
LINC02306,,,0.8914728682170543,,,,,,,,,,,,,,,,,,,,,
SLIT3,,,0.9612403100775194,,,,,,,,,,,,,,,,,,,,,
SYN3,,,0.9883720930232558,,,,,,,,,,,,,,,,,,,,,
GRIA4,,,1.0,,,,,,,,,,,,,,,,,,,,,
R3HDM1,,,1.0,,,,,,,,,,,,,,,,,,,,,
PDZD2,,,0.9961240310077519,,,,,,,,,,,,,,,,,,,,,
DIRC3-AS1,,,0.9534883720930233,,,,,,,,,,,,,,,,,,,,,
CSMD1,,,0.9961240310077519,,,,,,,,,,,,,,,,,,,,,
LINC02263,,,0.8604651162790697,,,,,,,,,,,,,,,,,,,,,
CELF2,,,1.0,,,,,,,,,,,,,,,,,,,,,
CUX2,,,0.9689922480620154,,,,,,,,,,,,,,,,,,,,,
TAFA1,,,0.9922480620155039,,,,,,,,,,,,,,,,,,,,,
CDH18,,,0.9883720930232558,,,,,,,,,,,,,,,,,,,,,
KCNQ5,,,1.0,,,,,,,,,,,,,,,,,,,,,
CHRM3,,,0.9922480620155039,,,,,,,,,,,,,,,,,,,,,
PPFIA2,,,1.0,,,,,,,,,,,,,,,,,,,,,
TMEM178B,,,0.9922480620155039,,,,,,,,,,,,,,,,,,,,,
LDB2,,,0.9922480620155039,,,,,,,,,,,,,,,,,,,,,
PVT1,,,0.9031007751937985,,,,,,,,,,,,,,,,,,,,,
SDK1,,,0.9651162790697675,,,,,,,,,,,,,,,,,,,,,
DLGAP2,,,1.0,,,,,,,,,,,,,,,,,,,,,
DGCR5,,,0.9767441860465116,,,,,,,,,,,,,,,,,,,,,
NDST3,,,0.9767441860465116,,,,,,,,,,,,,,,,,,,,,
STXBP5L,,,1.0,,,,,,,,,,,,,,,,,,,,,
GRM1,,,0.9341085271317829,,,,,,,,,,,,,,,,,,,,,
EPIC1,,,0.9147286821705426,,,,,,,,,,,,,,,,,,,,,
CDH9,,,0.9806201550387597,,,,,,,,,,,,,,,,,,,,,
ASIC2,,,0.9806201550387597,,,,,,,,,,,,,,,,,,,,,
CEROX1,,,0.9496124031007752,,,,,,,,,,,,,,,,,,,,,
SIPA1L1,,,1.0,,,,,,,,,,,,,,,,,,,,,
SORBS2,,,0.9922480620155039,,,,,,,,,,,,,,,,,,,,,
PHACTR1,,,1.0,,,,,,,,,,,,,,,,,,,,,
LINC01122,,,0.9728682170542635,,,,,,,,,,,,,,,,,,,,,
RGS6,,,0.9961240310077519,,,,,,,,,,,,,,,,,,,,,
ATRNL1,,,1.0,,,,,,,,,,,,,,,,,,,,,
ENSG00000228566,,,0.9186046511627907,,,,,,,,,,,,,,,,,,,,,
MEG3,,,1.0,,,,,,,,,,,,,,,,,,,,,
KCND2,,,0.9961240310077519,,,,,,,,,,,,,,,,,,,,,
ENSG00000231533,,,0.9302325581395349,,,,,,,,,,,,,,,,,,,,,
KCTD16,,,0.9922480620155039,,,,,,,,,,,,,,,,,,,,,
CASC15,,,,0.9956140350877193,,,,,,,,,,,,,,,,,,,,
CLSTN2,,,,0.9956140350877193,,,,,,,,,,,,,,,,,,,,
PHACTR1,,,,0.9956140350877193,,,,,,,,,,,,,,,,,,,,
CADPS2,,,,0.9912280701754386,,,,,,,,,,,,,,,,,,,,
CCDC85A,,,,0.9868421052631579,,,,,,,,,,,,,,,,,,,,
FSTL4,,,,0.9912280701754386,,,,,,,,,,,,,,,,,,,,
IL1RAPL2,,,,0.9342105263157895,,,,,,,,,,,,,,,,,,,,
LRRK1,,,,0.9649122807017544,,,,,,,,,,,,,,,,,,,,
ENSG00000287172,,,,0.8947368421052632,,,,,,,,,,,,,,,,,,,,
NRG1,,,,0.9780701754385965,,,,,,,,,,,,,,,,,,,,
RXFP1,,,,0.9385964912280702,,,,,,,,,,,,,,,,,,,,
CPNE4,,,,0.9692982456140351,,,,,,,,,,,,,,,,,,,,
FRMPD4,,,,0.9956140350877193,,,,,,,,,,,,,,,,,,,,
NKAIN2,,,,0.9956140350877193,,,,,,,,,,,,,,,,,,,,
AGBL4,,,,1.0,,,,,,,,,,,,,,,,,,,,
HS3ST4,,,,0.9517543859649122,,,,,,,,,,,,,,,,,,,,
ENSG00000240499,,,,0.8947368421052632,,,,,,,,,,,,,,,,,,,,
RALYL,,,,1.0,,,,,,,,,,,,,,,,,,,,
ENSG00000254394,,,,0.793859649122807,,,,,,,,,,,,,,,,,,,,
HECW1,,,,0.9824561403508771,,,,,,,,,,,,,,,,,,,,
RYR2,,,,1.0,,,,,,,,,,,,,,,,,,,,
CCSER1,,,,0.9956140350877193,,,,,,,,,,,,,,,,,,,,
EPHA3,,,,0.9035087719298246,,,,,,,,,,,,,,,,,,,,
PTPRT,,,,1.0,,,,,,,,,,,,,,,,,,,,
MDGA2,,,,0.9912280701754386,,,,,,,,,,,,,,,,,,,,
HS3ST2,,,,0.8464912280701754,,,,,,,,,,,,,,,,,,,,
ARSJ,,,,0.7719298245614035,,,,,,,,,,,,,,,,,,,,
NYAP2,,,,0.956140350877193,,,,,,,,,,,,,,,,,,,,
ARPP21,,,,1.0,,,,,,,,,,,,,,,,,,,,
GALNT17,,,,0.9868421052631579,,,,,,,,,,,,,,,,,,,,
TENM4,,,,0.9912280701754386,,,,,,,,,,,,,,,,,,,,
FOXP2,,,,0.9429824561403509,,,,,,,,,,,,,,,,,,,,
RORB,,,,0.9912280701754386,,,,,,,,,,,,,,,,,,,,
ZNF385B,,,,0.9956140350877193,,,,,,,,,,,,,,,,,,,,
CHN2,,,,0.9298245614035088,,,,,,,,,,,,,,,,,,,,
NAV3,,,,1.0,,,,,,,,,,,,,,,,,,,,
TLL1,,,,0.7543859649122807,,,,,,,,,,,,,,,,,,,,
RBFOX3,,,,0.9824561403508771,,,,,,,,,,,,,,,,,,,,
POU6F2,,,,0.9692982456140351,,,,,,,,,,,,,,,,,,,,
IPCEF1,,,,0.9692982456140351,,,,,,,,,,,,,,,,,,,,
TRMT9B,,,,0.9473684210526315,,,,,,,,,,,,,,,,,,,,
ENSG00000287749,,,,0.7631578947368421,,,,,,,,,,,,,,,,,,,,
KCNQ5,,,,0.9956140350877193,,,,,,,,,,,,,,,,,,,,
CNTN5,,,,1.0,,,,,,,,,,,,,,,,,,,,
KCNH7,,,,0.9736842105263158,,,,,,,,,,,,,,,,,,,,
KHDRBS3,,,,0.9824561403508771,,,,,,,,,,,,,,,,,,,,
ENSG00000254587,,,,0.7149122807017544,,,,,,,,,,,,,,,,,,,,
FMN1,,,,0.9736842105263158,,,,,,,,,,,,,,,,,,,,
PCDH7,,,,1.0,,,,,,,,,,,,,,,,,,,,
DNAH6,,,,0.8377192982456141,,,,,,,,,,,,,,,,,,,,
SLC1A2,,,,,1.0,,,,,,,,,,,,,,,,,,,
GPC5,,,,,0.9906542056074766,,,,,,,,,,,,,,,,,,,
NTM,,,,,0.9953271028037384,,,,,,,,,,,,,,,,,,,
MACF1,,,,,0.985981308411215,,,,,,,,,,,,,,,,,,,
ADGRV1,,,,,0.9579439252336449,,,,,,,,,,,,,,,,,,,
SLC1A3,,,,,0.9439252336448598,,,,,,,,,,,,,,,,,,,
RYR3,,,,,0.9112149532710281,,,,,,,,,,,,,,,,,,,
PITPNC1,,,,,0.9392523364485982,,,,,,,,,,,,,,,,,,,
MSI2,,,,,0.9439252336448598,,,,,,,,,,,,,,,,,,,
GPM6A,,,,,0.9719626168224299,,,,,,,,,,,,,,,,,,,
OBI1-AS1,,,,,0.8504672897196262,,,,,,,,,,,,,,,,,,,
SYNE1,,,,,0.9766355140186916,,,,,,,,,,,,,,,,,,,
ZNF98,,,,,0.8177570093457944,,,,,,,,,,,,,,,,,,,
RORA,,,,,0.9672897196261683,,,,,,,,,,,,,,,,,,,
LINC00299,,,,,0.8504672897196262,,,,,,,,,,,,,,,,,,,
LSAMP,,,,,0.9766355140186916,,,,,,,,,,,,,,,,,,,
COL5A3,,,,,0.794392523364486,,,,,,,,,,,,,,,,,,,
SLC4A4,,,,,0.8411214953271028,,,,,,,,,,,,,,,,,,,
CTNNA2,,,,,0.9719626168224299,,,,,,,,,,,,,,,,,,,
CABLES1,,,,,0.8364485981308412,,,,,,,,,,,,,,,,,,,
NKAIN3,,,,,0.8411214953271028,,,,,,,,,,,,,,,,,,,
MIR9-1HG,,,,,0.8504672897196262,,,,,,,,,,,,,,,,,,,
HPSE2,,,,,0.7663551401869159,,,,,,,,,,,,,,,,,,,
NPAS3,,,,,0.9345794392523364,,,,,,,,,,,,,,,,,,,
SFXN5,,,,,0.8317757009345794,,,,,,,,,,,,,,,,,,,
DTNA,,,,,0.9018691588785047,,,,,,,,,,,,,,,,,,,
CTNND2,,,,,0.9439252336448598,,,,,,,,,,,,,,,,,,,
DST,,,,,0.9672897196261683,,,,,,,,,,,,,,,,,,,
TNIK,,,,,0.8878504672897196,,,,,,,,,,,,,,,,,,,
CDH20,,,,,0.8457943925233645,,,,,,,,,,,,,,,,,,,
ZNRF3,,,,,0.8037383177570093,,,,,,,,,,,,,,,,,,,
NHSL1,,,,,0.7476635514018691,,,,,,,,,,,,,,,,,,,
PREX2,,,,,0.794392523364486,,,,,,,,,,,,,,,,,,,
CAMK2G,,,,,0.8644859813084113,,,,,,,,,,,,,,,,,,,
ABLIM1,,,,,0.8738317757009346,,,,,,,,,,,,,,,,,,,
ENSG00000286757,,,,,0.7289719626168224,,,,,,,,,,,,,,,,,,,
FBXL7,,,,,0.8411214953271028,,,,,,,,,,,,,,,,,,,
TRPM3,,,,,0.8177570093457944,,,,,,,,,,,,,,,,,,,
ENSG00000271860,,,,,0.7897196261682243,,,,,,,,,,,,,,,,,,,
PRDM16,,,,,0.6869158878504673,,,,,,,,,,,,,,,,,,,
ATP1A2,,,,,0.8271028037383178,,,,,,,,,,,,,,,,,,,
MMD2,,,,,0.7242990654205608,,,,,,,,,,,,,,,,,,,
PTPRZ1,,,,,0.7990654205607477,,,,,,,,,,,,,,,,,,,
DGKG,,,,,0.7990654205607477,,,,,,,,,,,,,,,,,,,
RGS20,,,,,0.6869158878504673,,,,,,,,,,,,,,,,,,,
SORBS1,,,,,0.8785046728971962,,,,,,,,,,,,,,,,,,,
NRXN1,,,,,0.9813084112149533,,,,,,,,,,,,,,,,,,,
LINC00499,,,,,0.677570093457944,,,,,,,,,,,,,,,,,,,
HIF3A,,,,,0.6822429906542056,,,,,,,,,,,,,,,,,,,
GLIS3,,,,,0.7616822429906542,,,,,,,,,,,,,,,,,,,
ERBB4,,,,,,0.9949238578680203,,,,,,,,,,,,,,,,,,
KCNC2,,,,,,0.9949238578680203,,,,,,,,,,,,,,,,,,
ZNF804A,,,,,,0.9847715736040609,,,,,,,,,,,,,,,,,,
ZNF385D,,,,,,0.9949238578680203,,,,,,,,,,,,,,,,,,
FGF12,,,,,,1.0,,,,,,,,,,,,,,,,,,
ABTB3,,,,,,0.9593908629441624,,,,,,,,,,,,,,,,,,
MYO16,,,,,,0.949238578680203,,,,,,,,,,,,,,,,,,
ANK1,,,,,,0.9593908629441624,,,,,,,,,,,,,,,,,,
CNTNAP2,,,,,,1.0,,,,,,,,,,,,,,,,,,
TENM1,,,,,,0.9746192893401016,,,,,,,,,,,,,,,,,,
DLGAP1,,,,,,1.0,,,,,,,,,,,,,,,,,,
VWC2,,,,,,0.9593908629441624,,,,,,,,,,,,,,,,,,
ADAMTS17,,,,,,0.9390862944162437,,,,,,,,,,,,,,,,,,
TMEM132C,,,,,,0.9746192893401016,,,,,,,,,,,,,,,,,,
NXPH1,,,,,,0.9695431472081218,,,,,,,,,,,,,,,,,,
KAZN,,,,,,1.0,,,,,,,,,,,,,,,,,,
GRIP1,,,,,,1.0,,,,,,,,,,,,,,,,,,
SCN1A-AS1,,,,,,0.949238578680203,,,,,,,,,,,,,,,,,,
KIAA1217,,,,,,0.9847715736040609,,,,,,,,,,,,,,,,,,
CNTNAP3,,,,,,0.8730964467005076,,,,,,,,,,,,,,,,,,
SLIT2,,,,,,0.9543147208121827,,,,,,,,,,,,,,,,,,
DPP10,,,,,,0.9695431472081218,,,,,,,,,,,,,,,,,,
SOX6,,,,,,0.9847715736040609,,,,,,,,,,,,,,,,,,
MYO5B,,,,,,0.8477157360406091,,,,,,,,,,,,,,,,,,
SAMD5,,,,,,0.8781725888324873,,,,,,,,,,,,,,,,,,
GAD1,,,,,,0.9390862944162437,,,,,,,,,,,,,,,,,,
CNTNAP3B,,,,,,0.8375634517766497,,,,,,,,,,,,,,,,,,
RUNX2,,,,,,0.9086294416243654,,,,,,,,,,,,,,,,,,
HUNK,,,,,,0.9035532994923858,,,,,,,,,,,,,,,,,,
CADPS,,,,,,0.9949238578680203,,,,,,,,,,,,,,,,,,
TRPC4,,,,,,0.868020304568528,,,,,,,,,,,,,,,,,,
NHS,,,,,,0.9289340101522843,,,,,,,,,,,,,,,,,,
TAFA2,,,,,,0.9898477157360406,,,,,,,,,,,,,,,,,,
PAM,,,,,,0.9898477157360406,,,,,,,,,,,,,,,,,,
PLXNA4,,,,,,0.9898477157360406,,,,,,,,,,,,,,,,,,
KLF12,,,,,,0.9898477157360406,,,,,,,,,,,,,,,,,,
ENSG00000289201,,,,,,0.8629441624365483,,,,,,,,,,,,,,,,,,
TAFA4,,,,,,0.7868020304568528,,,,,,,,,,,,,,,,,,
GAD2,,,,,,0.8781725888324873,,,,,,,,,,,,,,,,,,
KIF26B,,,,,,0.9441624365482234,,,,,,,,,,,,,,,,,,
ASTN2,,,,,,0.9949238578680203,,,,,,,,,,,,,,,,,,
KCND2,,,,,,0.9898477157360406,,,,,,,,,,,,,,,,,,
CNTN5,,,,,,0.9593908629441624,,,,,,,,,,,,,,,,,,
PTPRM,,,,,,0.9543147208121827,,,,,,,,,,,,,,,,,,
ENSG00000227681,,,,,,0.8223350253807107,,,,,,,,,,,,,,,,,,
SDK1,,,,,,0.9441624365482234,,,,,,,,,,,,,,,,,,
PPARGC1A,,,,,,0.883248730964467,,,,,,,,,,,,,,,,,,
PLCXD3,,,,,,0.8324873096446701,,,,,,,,,,,,,,,,,,
CALN1,,,,,,0.8984771573604061,,,,,,,,,,,,,,,,,,
TENM3,,,,,,0.949238578680203,,,,,,,,,,,,,,,,,,
ATP1A2,,,,,,,0.9947916666666666,,,,,,,,,,,,,,,,,
ITIH5,,,,,,,0.96875,,,,,,,,,,,,,,,,,
LAMA2,,,,,,,0.96875,,,,,,,,,,,,,,,,,
COLEC12,,,,,,,0.9270833333333334,,,,,,,,,,,,,,,,,
DLC1,,,,,,,0.953125,,,,,,,,,,,,,,,,,
EBF1,,,,,,,0.921875,,,,,,,,,,,,,,,,,
CALD1,,,,,,,0.9635416666666666,,,,,,,,,,,,,,,,,
ARHGAP29,,,,,,,0.9375,,,,,,,,,,,,,,,,,
LHFPL6,,,,,,,0.953125,,,,,,,,,,,,,,,,,
ENSG00000243620,,,,,,,0.890625,,,,,,,,,,,,,,,,,
SLC6A1,,,,,,,0.9635416666666666,,,,,,,,,,,,,,,,,
PARD3,,,,,,,0.953125,,,,,,,,,,,,,,,,,
COBLL1,,,,,,,0.890625,,,,,,,,,,,,,,,,,
EPS8,,,,,,,0.8802083333333334,,,,,,,,,,,,,,,,,
UTRN,,,,,,,0.9166666666666666,,,,,,,,,,,,,,,,,
SLC19A1,,,,,,,0.8489583333333334,,,,,,,,,,,,,,,,,
TACC1,,,,,,,0.9583333333333334,,,,,,,,,,,,,,,,,
SLC20A2,,,,,,,0.921875,,,,,,,,,,,,,,,,,
PTEN,,,,,,,0.9166666666666666,,,,,,,,,,,,,,,,,
PDGFRB,,,,,,,0.84375,,,,,,,,,,,,,,,,,
RBMS3,,,,,,,0.9479166666666666,,,,,,,,,,,,,,,,,
EPAS1,,,,,,,0.828125,,,,,,,,,,,,,,,,,
RGS5,,,,,,,0.84375,,,,,,,,,,,,,,,,,
IGFBP7,,,,,,,0.8229166666666666,,,,,,,,,,,,,,,,,
PLCB4,,,,,,,0.875,,,,,,,,,,,,,,,,,
SYNE2,,,,,,,0.8229166666666666,,,,,,,,,,,,,,,,,
SLC38A11,,,,,,,0.8125,,,,,,,,,,,,,,,,,
ADAMTS9-AS2,,,,,,,0.8854166666666666,,,,,,,,,,,,,,,,,
PTPRK,,,,,,,0.9322916666666666,,,,,,,,,,,,,,,,,
PDE7B,,,,,,,0.8958333333333334,,,,,,,,,,,,,,,,,
SLC6A13,,,,,,,0.7552083333333334,,,,,,,,,,,,,,,,,
ARHGAP10,,,,,,,0.8177083333333334,,,,,,,,,,,,,,,,,
UACA,,,,,,,0.7760416666666666,,,,,,,,,,,,,,,,,
DCN,,,,,,,0.7552083333333334,,,,,,,,,,,,,,,,,
PRKG1,,,,,,,0.9270833333333334,,,,,,,,,,,,,,,,,
PTN,,,,,,,0.859375,,,,,,,,,,,,,,,,,
PTPRG,,,,,,,0.9375,,,,,,,,,,,,,,,,,
TNS1,,,,,,,0.765625,,,,,,,,,,,,,,,,,
RORA,,,,,,,0.9895833333333334,,,,,,,,,,,,,,,,,
MYO1B,,,,,,,0.78125,,,,,,,,,,,,,,,,,
RBPMS,,,,,,,0.7604166666666666,,,,,,,,,,,,,,,,,
LEF1,,,,,,,0.734375,,,,,,,,,,,,,,,,,
ZFHX3,,,,,,,0.8645833333333334,,,,,,,,,,,,,,,,,
NEAT1,,,,,,,0.9583333333333334,,,,,,,,,,,,,,,,,
PDE8B,,,,,,,0.859375,,,,,,,,,,,,,,,,,
LINC00472,,,,,,,0.796875,,,,,,,,,,,,,,,,,
GRM8,,,,,,,0.7916666666666666,,,,,,,,,,,,,,,,,
B2M,,,,,,,0.7604166666666666,,,,,,,,,,,,,,,,,
CARMN,,,,,,,0.7083333333333334,,,,,,,,,,,,,,,,,
ARHGAP42,,,,,,,0.765625,,,,,,,,,,,,,,,,,
ENSG00000228566,,,,,,,,0.9837837837837838,,,,,,,,,,,,,,,,
ENSG00000249881,,,,,,,,0.9351351351351351,,,,,,,,,,,,,,,,
LRRTM4,,,,,,,,1.0,,,,,,,,,,,,,,,,
ENSG00000251600,,,,,,,,0.972972972972973,,,,,,,,,,,,,,,,
MEG3,,,,,,,,1.0,,,,,,,,,,,,,,,,
ENSG00000229425,,,,,,,,0.8702702702702703,,,,,,,,,,,,,,,,
STXBP5L,,,,,,,,1.0,,,,,,,,,,,,,,,,
TAFA1,,,,,,,,0.9783783783783784,,,,,,,,,,,,,,,,
ENSG00000239498,,,,,,,,0.9405405405405406,,,,,,,,,,,,,,,,
CBLN2,,,,,,,,0.9837837837837838,,,,,,,,,,,,,,,,
CUX2,,,,,,,,0.9783783783783784,,,,,,,,,,,,,,,,
CA10,,,,,,,,0.9783783783783784,,,,,,,,,,,,,,,,
ENSG00000233290,,,,,,,,0.9027027027027027,,,,,,,,,,,,,,,,
ENSG00000229618,,,,,,,,0.9675675675675676,,,,,,,,,,,,,,,,
DGKB,,,,,,,,0.9945945945945946,,,,,,,,,,,,,,,,
HS6ST3,,,,,,,,1.0,,,,,,,,,,,,,,,,
CEROX1,,,,,,,,0.9675675675675676,,,,,,,,,,,,,,,,
LINC01250,,,,,,,,0.9567567567567568,,,,,,,,,,,,,,,,
DLGAP2,,,,,,,,1.0,,,,,,,,,,,,,,,,
ENSG00000250243,,,,,,,,0.9297297297297298,,,,,,,,,,,,,,,,
IQCJ,,,,,,,,0.8810810810810811,,,,,,,,,,,,,,,,
LINC01378,,,,,,,,0.8918918918918919,,,,,,,,,,,,,,,,
ENSG00000285939,,,,,,,,0.8918918918918919,,,,,,,,,,,,,,,,
SYN3,,,,,,,,0.9837837837837838,,,,,,,,,,,,,,,,
KCNIP4,,,,,,,,1.0,,,,,,,,,,,,,,,,
ATRNL1,,,,,,,,1.0,,,,,,,,,,,,,,,,
CRACDL,,,,,,,,0.9837837837837838,,,,,,,,,,,,,,,,
EPIC1,,,,,,,,0.9297297297297298,,,,,,,,,,,,,,,,
R3HDM1,,,,,,,,1.0,,,,,,,,,,,,,,,,
TESPA1,,,,,,,,0.9783783783783784,,,,,,,,,,,,,,,,
KCTD1,,,,,,,,0.9783783783783784,,,,,,,,,,,,,,,,
LY86-AS1,,,,,,,,0.8918918918918919,,,,,,,,,,,,,,,,
GULP1,,,,,,,,0.9027027027027027,,,,,,,,,,,,,,,,
ENSG00000248343,,,,,,,,0.9135135135135135,,,,,,,,,,,,,,,,
TMEM178B,,,,,,,,1.0,,,,,,,,,,,,,,,,
ENSG00000236451,,,,,,,,0.8972972972972973,,,,,,,,,,,,,,,,
CDH18,,,,,,,,0.9945945945945946,,,,,,,,,,,,,,,,
DIRC3-AS1,,,,,,,,0.9351351351351351,,,,,,,,,,,,,,,,
LDB2,,,,,,,,0.9837837837837838,,,,,,,,,,,,,,,,
ENSG00000255595,,,,,,,,0.9027027027027027,,,,,,,,,,,,,,,,
ENSG00000285582,,,,,,,,0.9081081081081082,,,,,,,,,,,,,,,,
FLRT2,,,,,,,,0.9891891891891892,,,,,,,,,,,,,,,,
LINGO2,,,,,,,,0.9945945945945946,,,,,,,,,,,,,,,,
MLIP,,,,,,,,0.9405405405405406,,,,,,,,,,,,,,,,
ENSG00000263551,,,,,,,,0.8108108108108109,,,,,,,,,,,,,,,,
AQP4-AS1,,,,,,,,0.9351351351351351,,,,,,,,,,,,,,,,
TMEM132D,,,,,,,,0.9837837837837838,,,,,,,,,,,,,,,,
ENSG00000251205,,,,,,,,0.7945945945945946,,,,,,,,,,,,,,,,
ST6GALNAC5,,,,,,,,0.9783783783783784,,,,,,,,,,,,,,,,
KALRN,,,,,,,,1.0,,,,,,,,,,,,,,,,
LRMDA,,,,,,,,,0.9447852760736196,,,,,,,,,,,,,,,
PLXDC2,,,,,,,,,0.950920245398773,,,,,,,,,,,,,,,
ITPR2,,,,,,,,,0.9447852760736196,,,,,,,,,,,,,,,
DOCK8,,,,,,,,,0.8773006134969326,,,,,,,,,,,,,,,
DOCK4,,,,,,,,,0.9570552147239264,,,,,,,,,,,,,,,
SFMBT2,,,,,,,,,0.8895705521472392,,,,,,,,,,,,,,,
ARHGAP24,,,,,,,,,0.8588957055214724,,,,,,,,,,,,,,,
FOXN3,,,,,,,,,0.9263803680981595,,,,,,,,,,,,,,,
APBB1IP,,,,,,,,,0.8159509202453987,,,,,,,,,,,,,,,
DLEU1,,,,,,,,,0.8588957055214724,,,,,,,,,,,,,,,
SRGAP2,,,,,,,,,0.8711656441717791,,,,,,,,,,,,,,,
MEF2A,,,,,,,,,0.901840490797546,,,,,,,,,,,,,,,
ST6GAL1,,,,,,,,,0.8588957055214724,,,,,,,,,,,,,,,
INPP5D,,,,,,,,,0.8098159509202454,,,,,,,,,,,,,,,
LDLRAD4,,,,,,,,,0.9141104294478528,,,,,,,,,,,,,,,
TBXAS1,,,,,,,,,0.7791411042944786,,,,,,,,,,,,,,,
ELMO1,,,,,,,,,0.9263803680981595,,,,,,,,,,,,,,,
EPB41L2,,,,,,,,,0.8650306748466258,,,,,,,,,,,,,,,
CHST11,,,,,,,,,0.8404907975460123,,,,,,,,,,,,,,,
FRMD4A,,,,,,,,,0.9693251533742331,,,,,,,,,,,,,,,
AOAH,,,,,,,,,0.7361963190184049,,,,,,,,,,,,,,,
ABCC4,,,,,,,,,0.7423312883435583,,,,,,,,,,,,,,,
DISC1,,,,,,,,,0.7730061349693251,,,,,,,,,,,,,,,
SLCO2B1,,,,,,,,,0.7239263803680982,,,,,,,,,,,,,,,
SORL1,,,,,,,,,0.8650306748466258,,,,,,,,,,,,,,,
FYB1,,,,,,,,,0.6993865030674846,,,,,,,,,,,,,,,
ADAM28,,,,,,,,,0.6993865030674846,,,,,,,,,,,,,,,
LINC01374,,,,,,,,,0.7055214723926381,,,,,,,,,,,,,,,
ARHGAP22,,,,,,,,,0.7607361963190185,,,,,,,,,,,,,,,
MAML3,,,,,,,,,0.7668711656441718,,,,,,,,,,,,,,,
SLC9A9,,,,,,,,,0.803680981595092,,,,,,,,,,,,,,,
RUNX1,,,,,,,,,0.7055214723926381,,,,,,,,,,,,,,,
CSF1R,,,,,,,,,0.6687116564417178,,,,,,,,,,,,,,,
CYFIP1,,,,,,,,,0.754601226993865,,,,,,,,,,,,,,,
ST6GALNAC3,,,,,,,,,0.8343558282208589,,,,,,,,,,,,,,,
PALD1,,,,,,,,,0.6932515337423313,,,,,,,,,,,,,,,
CSGALNACT1,,,,,,,,,0.803680981595092,,,,,,,,,,,,,,,
ZFHX3,,,,,,,,,0.7852760736196319,,,,,,,,,,,,,,,
DIAPH2,,,,,,,,,0.7914110429447853,,,,,,,,,,,,,,,
ATP8B4,,,,,,,,,0.6748466257668712,,,,,,,,,,,,,,,
DOCK2,,,,,,,,,0.6687116564417178,,,,,,,,,,,,,,,
ARHGAP15,,,,,,,,,0.6625766871165644,,,,,,,,,,,,,,,
P2RY12,,,,,,,,,0.656441717791411,,,,,,,,,,,,,,,
ENSG00000249738,,,,,,,,,0.6441717791411042,,,,,,,,,,,,,,,
BMP2K,,,,,,,,,0.7300613496932515,,,,,,,,,,,,,,,
TBC1D22A,,,,,,,,,0.7791411042944786,,,,,,,,,,,,,,,
RASGEF1C,,,,,,,,,0.6503067484662577,,,,,,,,,,,,,,,
MAML2,,,,,,,,,0.7975460122699386,,,,,,,,,,,,,,,
C3,,,,,,,,,0.5950920245398773,,,,,,,,,,,,,,,
LPAR6,,,,,,,,,0.6257668711656442,,,,,,,,,,,,,,,
DPP10,,,,,,,,,,1.0,,,,,,,,,,,,,,
ADGRV1,,,,,,,,,,1.0,,,,,,,,,,,,,,
MSI2,,,,,,,,,,0.9858156028368794,,,,,,,,,,,,,,
ENSG00000286757,,,,,,,,,,0.9432624113475178,,,,,,,,,,,,,,
OBI1-AS1,,,,,,,,,,0.950354609929078,,,,,,,,,,,,,,
DCLK2,,,,,,,,,,0.9574468085106383,,,,,,,,,,,,,,
ARHGEF4,,,,,,,,,,0.9148936170212766,,,,,,,,,,,,,,
AMZ2,,,,,,,,,,0.9219858156028369,,,,,,,,,,,,,,
NPAS3,,,,,,,,,,0.9929078014184397,,,,,,,,,,,,,,
DTNA,,,,,,,,,,0.9574468085106383,,,,,,,,,,,,,,
GLIS3,,,,,,,,,,0.9290780141843972,,,,,,,,,,,,,,
NTM,,,,,,,,,,0.9858156028368794,,,,,,,,,,,,,,
ABLIM1,,,,,,,,,,0.9574468085106383,,,,,,,,,,,,,,
TNIK,,,,,,,,,,0.9574468085106383,,,,,,,,,,,,,,
ZNRF3,,,,,,,,,,0.9148936170212766,,,,,,,,,,,,,,
CTNNA2,,,,,,,,,,1.0,,,,,,,,,,,,,,
PITPNC1,,,,,,,,,,0.950354609929078,,,,,,,,,,,,,,
SORBS1,,,,,,,,,,0.9858156028368794,,,,,,,,,,,,,,
AHCYL2,,,,,,,,,,0.9078014184397163,,,,,,,,,,,,,,
LINC00299,,,,,,,,,,0.900709219858156,,,,,,,,,,,,,,
SLC1A2,,,,,,,,,,0.9716312056737588,,,,,,,,,,,,,,
CDH20,,,,,,,,,,0.950354609929078,,,,,,,,,,,,,,
KANK1,,,,,,,,,,0.8936170212765957,,,,,,,,,,,,,,
GFAP,,,,,,,,,,0.8723404255319149,,,,,,,,,,,,,,
MIR99AHG,,,,,,,,,,0.9574468085106383,,,,,,,,,,,,,,
ENTREP1,,,,,,,,,,0.8226950354609929,,,,,,,,,,,,,,
BMPR1B,,,,,,,,,,0.8439716312056738,,,,,,,,,,,,,,
MMD2,,,,,,,,,,0.8723404255319149,,,,,,,,,,,,,,
AQP4,,,,,,,,,,0.851063829787234,,,,,,,,,,,,,,
LRIG1,,,,,,,,,,0.851063829787234,,,,,,,,,,,,,,
GPM6A,,,,,,,,,,0.9787234042553191,,,,,,,,,,,,,,
LSAMP,,,,,,,,,,0.9858156028368794,,,,,,,,,,,,,,
ENSG00000284977,,,,,,,,,,0.8226950354609929,,,,,,,,,,,,,,
NEAT1,,,,,,,,,,0.9574468085106383,,,,,,,,,,,,,,
RFX4,,,,,,,,,,0.8297872340425532,,,,,,,,,,,,,,
NHSL1,,,,,,,,,,0.8439716312056738,,,,,,,,,,,,,,
FMN2,,,,,,,,,,0.950354609929078,,,,,,,,,,,,,,
GRAMD2B,,,,,,,,,,0.8652482269503546,,,,,,,,,,,,,,
STON2,,,,,,,,,,0.8014184397163121,,,,,,,,,,,,,,
ADCY2,,,,,,,,,,0.950354609929078,,,,,,,,,,,,,,
DAAM2,,,,,,,,,,0.8936170212765957,,,,,,,,,,,,,,
ADD3,,,,,,,,,,0.9148936170212766,,,,,,,,,,,,,,
PARD3B,,,,,,,,,,0.8652482269503546,,,,,,,,,,,,,,
WWOX,,,,,,,,,,0.9574468085106383,,,,,,,,,,,,,,
MALAT1,,,,,,,,,,1.0,,,,,,,,,,,,,,
PARD3,,,,,,,,,,0.8936170212765957,,,,,,,,,,,,,,
CTNND2,,,,,,,,,,0.9716312056737588,,,,,,,,,,,,,,
PRKCA,,,,,,,,,,0.9432624113475178,,,,,,,,,,,,,,
FBXL7,,,,,,,,,,0.900709219858156,,,,,,,,,,,,,,
MAML2,,,,,,,,,,0.900709219858156,,,,,,,,,,,,,,
GRIK1,,,,,,,,,,,1.0,,,,,,,,,,,,,
CDH12,,,,,,,,,,,0.9852941176470589,,,,,,,,,,,,,
DAB1,,,,,,,,,,,1.0,,,,,,,,,,,,,
SGCZ,,,,,,,,,,,0.9926470588235294,,,,,,,,,,,,,
ROBO2,,,,,,,,,,,1.0,,,,,,,,,,,,,
XKR4,,,,,,,,,,,1.0,,,,,,,,,,,,,
KIF26B,,,,,,,,,,,1.0,,,,,,,,,,,,,
KIAA1217,,,,,,,,,,,0.9926470588235294,,,,,,,,,,,,,
SOX6,,,,,,,,,,,1.0,,,,,,,,,,,,,
NXPH1,,,,,,,,,,,1.0,,,,,,,,,,,,,
COL25A1,,,,,,,,,,,0.9558823529411765,,,,,,,,,,,,,
GRIK3,,,,,,,,,,,0.9852941176470589,,,,,,,,,,,,,
NRXN3,,,,,,,,,,,1.0,,,,,,,,,,,,,
RBFOX1,,,,,,,,,,,1.0,,,,,,,,,,,,,
THSD7A,,,,,,,,,,,0.9852941176470589,,,,,,,,,,,,,
ZNF385D,,,,,,,,,,,0.9779411764705882,,,,,,,,,,,,,
LINC01122,,,,,,,,,,,0.9852941176470589,,,,,,,,,,,,,
FSTL5,,,,,,,,,,,0.9779411764705882,,,,,,,,,,,,,
PIP5K1B,,,,,,,,,,,0.9926470588235294,,,,,,,,,,,,,
SLC24A3,,,,,,,,,,,0.9852941176470589,,,,,,,,,,,,,
DLGAP1,,,,,,,,,,,1.0,,,,,,,,,,,,,
GRIP1,,,,,,,,,,,0.9926470588235294,,,,,,,,,,,,,
KIRREL3,,,,,,,,,,,0.9632352941176471,,,,,,,,,,,,,
TENM1,,,,,,,,,,,0.9852941176470589,,,,,,,,,,,,,
TIAM1,,,,,,,,,,,0.9852941176470589,,,,,,,,,,,,,
RPS6KA2,,,,,,,,,,,1.0,,,,,,,,,,,,,
KCNIP1,,,,,,,,,,,1.0,,,,,,,,,,,,,
PTPRM,,,,,,,,,,,0.9926470588235294,,,,,,,,,,,,,
CDH9,,,,,,,,,,,0.9705882352941176,,,,,,,,,,,,,
LRP8,,,,,,,,,,,0.9632352941176471,,,,,,,,,,,,,
PCSK5,,,,,,,,,,,0.9485294117647058,,,,,,,,,,,,,
SYNPR,,,,,,,,,,,0.9852941176470589,,,,,,,,,,,,,
EPHA6,,,,,,,,,,,0.9926470588235294,,,,,,,,,,,,,
PACRG,,,,,,,,,,,0.9485294117647058,,,,,,,,,,,,,
SLC27A6,,,,,,,,,,,0.8235294117647058,,,,,,,,,,,,,
GRIK2,,,,,,,,,,,1.0,,,,,,,,,,,,,
MYO5B,,,,,,,,,,,0.8676470588235294,,,,,,,,,,,,,
FAM135B,,,,,,,,,,,0.9926470588235294,,,,,,,,,,,,,
TMEFF2,,,,,,,,,,,1.0,,,,,,,,,,,,,
SLC24A4,,,,,,,,,,,0.9117647058823529,,,,,,,,,,,,,
SPOCK3,,,,,,,,,,,1.0,,,,,,,,,,,,,
GRID2,,,,,,,,,,,0.9411764705882353,,,,,,,,,,,,,
RASGRF2,,,,,,,,,,,0.9852941176470589,,,,,,,,,,,,,
BCL11A,,,,,,,,,,,0.9852941176470589,,,,,,,,,,,,,
GRIA1,,,,,,,,,,,1.0,,,,,,,,,,,,,
NXPH2,,,,,,,,,,,0.8602941176470589,,,,,,,,,,,,,
KAZN,,,,,,,,,,,1.0,,,,,,,,,,,,,
LRP1B,,,,,,,,,,,1.0,,,,,,,,,,,,,
HCN1,,,,,,,,,,,0.9852941176470589,,,,,,,,,,,,,
RBMS3,,,,,,,,,,,1.0,,,,,,,,,,,,,
GRIK1,,,,,,,,,,,,0.9916666666666667,,,,,,,,,,,,
SYNPR,,,,,,,,,,,,1.0,,,,,,,,,,,,
GRIK2,,,,,,,,,,,,1.0,,,,,,,,,,,,
ASTN2,,,,,,,,,,,,1.0,,,,,,,,,,,,
CNTNAP2,,,,,,,,,,,,1.0,,,,,,,,,,,,
NRXN3,,,,,,,,,,,,1.0,,,,,,,,,,,,
KIAA1217,,,,,,,,,,,,1.0,,,,,,,,,,,,
RBFOX1,,,,,,,,,,,,1.0,,,,,,,,,,,,
NXPH1,,,,,,,,,,,,1.0,,,,,,,,,,,,
SHISA6,,,,,,,,,,,,0.9833333333333333,,,,,,,,,,,,
ROBO1,,,,,,,,,,,,1.0,,,,,,,,,,,,
ROBO2,,,,,,,,,,,,1.0,,,,,,,,,,,,
PLCH1,,,,,,,,,,,,0.9583333333333334,,,,,,,,,,,,
XKR4,,,,,,,,,,,,0.9833333333333333,,,,,,,,,,,,
NETO1,,,,,,,,,,,,0.9916666666666667,,,,,,,,,,,,
SPOCK3,,,,,,,,,,,,1.0,,,,,,,,,,,,
GRIP1,,,,,,,,,,,,0.9916666666666667,,,,,,,,,,,,
KIF26B,,,,,,,,,,,,0.9583333333333334,,,,,,,,,,,,
CDH13,,,,,,,,,,,,0.9666666666666667,,,,,,,,,,,,
PCDH11X,,,,,,,,,,,,0.9333333333333333,,,,,,,,,,,,
CACNA2D3,,,,,,,,,,,,0.975,,,,,,,,,,,,
ST6GALNAC5,,,,,,,,,,,,0.9916666666666667,,,,,,,,,,,,
GRIK3,,,,,,,,,,,,0.9083333333333333,,,,,,,,,,,,
CDH9,,,,,,,,,,,,0.95,,,,,,,,,,,,
GRIN3A,,,,,,,,,,,,0.8666666666666667,,,,,,,,,,,,
KCNMB2,,,,,,,,,,,,0.975,,,,,,,,,,,,
SATB1-AS1,,,,,,,,,,,,0.9166666666666666,,,,,,,,,,,,
PAWR,,,,,,,,,,,,0.8333333333333334,,,,,,,,,,,,
TENM2,,,,,,,,,,,,1.0,,,,,,,,,,,,
ELAVL2,,,,,,,,,,,,0.975,,,,,,,,,,,,
TIAM1,,,,,,,,,,,,0.9833333333333333,,,,,,,,,,,,
SOX6,,,,,,,,,,,,0.9583333333333334,,,,,,,,,,,,
CADPS,,,,,,,,,,,,1.0,,,,,,,,,,,,
PCDH15,,,,,,,,,,,,0.8583333333333333,,,,,,,,,,,,
LHFPL3,,,,,,,,,,,,0.8666666666666667,,,,,,,,,,,,
DAPK1,,,,,,,,,,,,0.975,,,,,,,,,,,,
GRID2,,,,,,,,,,,,0.975,,,,,,,,,,,,
TENM3,,,,,,,,,,,,0.9166666666666666,,,,,,,,,,,,
STXBP6,,,,,,,,,,,,0.9583333333333334,,,,,,,,,,,,
RAB3B,,,,,,,,,,,,0.8166666666666667,,,,,,,,,,,,
FRMD3,,,,,,,,,,,,0.8833333333333333,,,,,,,,,,,,
MGAT4C,,,,,,,,,,,,0.9833333333333333,,,,,,,,,,,,
RUNX1T1,,,,,,,,,,,,0.9583333333333334,,,,,,,,,,,,
GPC6,,,,,,,,,,,,0.9583333333333334,,,,,,,,,,,,
ADGRL2,,,,,,,,,,,,0.975,,,,,,,,,,,,
OXR1,,,,,,,,,,,,1.0,,,,,,,,,,,,
GAD2,,,,,,,,,,,,0.925,,,,,,,,,,,,
WLS,,,,,,,,,,,,0.9083333333333333,,,,,,,,,,,,
NPAS3,,,,,,,,,,,,0.9916666666666667,,,,,,,,,,,,
CRACD,,,,,,,,,,,,0.9,,,,,,,,,,,,
TSHZ2,,,,,,,,,,,,,1.0,,,,,,,,,,,
DCC,,,,,,,,,,,,,1.0,,,,,,,,,,,
IL1RAPL2,,,,,,,,,,,,,0.9803921568627451,,,,,,,,,,,
ENSG00000287722,,,,,,,,,,,,,0.9215686274509803,,,,,,,,,,,
RARB,,,,,,,,,,,,,0.9803921568627451,,,,,,,,,,,
FSTL4,,,,,,,,,,,,,0.9901960784313726,,,,,,,,,,,
POU6F2,,,,,,,,,,,,,0.9705882352941176,,,,,,,,,,,
KHDRBS2,,,,,,,,,,,,,1.0,,,,,,,,,,,
OPCML,,,,,,,,,,,,,1.0,,,,,,,,,,,
TOX,,,,,,,,,,,,,1.0,,,,,,,,,,,
ENSG00000287989,,,,,,,,,,,,,0.8431372549019608,,,,,,,,,,,
ENSG00000271774,,,,,,,,,,,,,0.8725490196078431,,,,,,,,,,,
ENSG00000239498,,,,,,,,,,,,,0.9803921568627451,,,,,,,,,,,
ENSG00000288087,,,,,,,,,,,,,0.8431372549019608,,,,,,,,,,,
HTR1F,,,,,,,,,,,,,0.9705882352941176,,,,,,,,,,,
LINC01725,,,,,,,,,,,,,0.8725490196078431,,,,,,,,,,,
KHDRBS3,,,,,,,,,,,,,1.0,,,,,,,,,,,
RORB,,,,,,,,,,,,,0.9803921568627451,,,,,,,,,,,
RALYL,,,,,,,,,,,,,0.9901960784313726,,,,,,,,,,,
UNC5D,,,,,,,,,,,,,1.0,,,,,,,,,,,
ENSG00000236451,,,,,,,,,,,,,0.9607843137254902,,,,,,,,,,,
FOXP2,,,,,,,,,,,,,0.9411764705882353,,,,,,,,,,,
AGBL4,,,,,,,,,,,,,1.0,,,,,,,,,,,
EPIC1,,,,,,,,,,,,,0.9705882352941176,,,,,,,,,,,
VWC2L,,,,,,,,,,,,,0.8725490196078431,,,,,,,,,,,
KCNH5,,,,,,,,,,,,,0.9411764705882353,,,,,,,,,,,
SLIT1,,,,,,,,,,,,,0.9607843137254902,,,,,,,,,,,
PTPRD,,,,,,,,,,,,,1.0,,,,,,,,,,,
MSC-AS1,,,,,,,,,,,,,0.8627450980392157,,,,,,,,,,,
SLC44A5,,,,,,,,,,,,,0.9705882352941176,,,,,,,,,,,
TAFA2,,,,,,,,,,,,,1.0,,,,,,,,,,,
ADGRL2,,,,,,,,,,,,,0.9901960784313726,,,,,,,,,,,
CAMK1D,,,,,,,,,,,,,1.0,,,,,,,,,,,
COBLL1,,,,,,,,,,,,,0.9215686274509803,,,,,,,,,,,
CASC15,,,,,,,,,,,,,0.9509803921568627,,,,,,,,,,,
LINC01414,,,,,,,,,,,,,0.9019607843137255,,,,,,,,,,,
PDE10A,,,,,,,,,,,,,0.9901960784313726,,,,,,,,,,,
RYR2,,,,,,,,,,,,,0.9901960784313726,,,,,,,,,,,
INPP4B,,,,,,,,,,,,,0.9607843137254902,,,,,,,,,,,
CNTN5,,,,,,,,,,,,,0.9803921568627451,,,,,,,,,,,
NELL2,,,,,,,,,,,,,1.0,,,,,,,,,,,
LINC02232,,,,,,,,,,,,,0.8137254901960784,,,,,,,,,,,
KCND3,,,,,,,,,,,,,0.9705882352941176,,,,,,,,,,,
EFNA5,,,,,,,,,,,,,0.9901960784313726,,,,,,,,,,,
SCHLAP1,,,,,,,,,,,,,0.7647058823529411,,,,,,,,,,,
RHOBTB2,,,,,,,,,,,,,0.9509803921568627,,,,,,,,,,,
ENSG00000291133,,,,,,,,,,,,,0.9509803921568627,,,,,,,,,,,
NKAIN2,,,,,,,,,,,,,1.0,,,,,,,,,,,
LINC01202,,,,,,,,,,,,,0.7745098039215687,,,,,,,,,,,
LDB2,,,,,,,,,,,,,0.9705882352941176,,,,,,,,,,,
ADARB2,,,,,,,,,,,,,,1.0,,,,,,,,,,
CXCL14,,,,,,,,,,,,,,0.9666666666666667,,,,,,,,,,
GRIK2,,,,,,,,,,,,,,1.0,,,,,,,,,,
RGS12,,,,,,,,,,,,,,1.0,,,,,,,,,,
DLX6-AS1,,,,,,,,,,,,,,0.9666666666666667,,,,,,,,,,
GALNTL6,,,,,,,,,,,,,,0.9666666666666667,,,,,,,,,,
PLD5,,,,,,,,,,,,,,0.9444444444444444,,,,,,,,,,
NR2F2-AS1,,,,,,,,,,,,,,0.9333333333333333,,,,,,,,,,
FGF14,,,,,,,,,,,,,,1.0,,,,,,,,,,
ERBB4,,,,,,,,,,,,,,0.9888888888888889,,,,,,,,,,
PRR16,,,,,,,,,,,,,,0.9111111111111111,,,,,,,,,,
ADRA1A,,,,,,,,,,,,,,0.9222222222222223,,,,,,,,,,
SLC25A48,,,,,,,,,,,,,,0.9,,,,,,,,,,
PWRN1,,,,,,,,,,,,,,0.9444444444444444,,,,,,,,,,
C8orf34,,,,,,,,,,,,,,0.9111111111111111,,,,,,,,,,
LINC00200,,,,,,,,,,,,,,0.8333333333333334,,,,,,,,,,
ROBO1,,,,,,,,,,,,,,0.9666666666666667,,,,,,,,,,
GRIP1,,,,,,,,,,,,,,1.0,,,,,,,,,,
CNR1,,,,,,,,,,,,,,0.8777777777777778,,,,,,,,,,
INPP4B,,,,,,,,,,,,,,0.9555555555555556,,,,,,,,,,
SORCS3,,,,,,,,,,,,,,0.9555555555555556,,,,,,,,,,
KAZN,,,,,,,,,,,,,,1.0,,,,,,,,,,
CNTNAP2,,,,,,,,,,,,,,1.0,,,,,,,,,,
ADARB2-AS1,,,,,,,,,,,,,,0.7777777777777778,,,,,,,,,,
ZNF536,,,,,,,,,,,,,,1.0,,,,,,,,,,
DNER,,,,,,,,,,,,,,0.9666666666666667,,,,,,,,,,
PWRN4,,,,,,,,,,,,,,0.8444444444444444,,,,,,,,,,
GAD2,,,,,,,,,,,,,,0.9222222222222223,,,,,,,,,,
DAB1,,,,,,,,,,,,,,0.9666666666666667,,,,,,,,,,
MTUS2,,,,,,,,,,,,,,0.9666666666666667,,,,,,,,,,
EGFR,,,,,,,,,,,,,,0.9,,,,,,,,,,
CRACD,,,,,,,,,,,,,,0.9444444444444444,,,,,,,,,,
NYAP2,,,,,,,,,,,,,,0.9333333333333333,,,,,,,,,,
CNTN5,,,,,,,,,,,,,,0.9222222222222223,,,,,,,,,,
CNTNAP4,,,,,,,,,,,,,,0.8666666666666667,,,,,,,,,,
PROX1,,,,,,,,,,,,,,0.8111111111111111,,,,,,,,,,
NR2F2,,,,,,,,,,,,,,0.7888888888888889,,,,,,,,,,
MIR325HG,,,,,,,,,,,,,,0.8888888888888888,,,,,,,,,,
ABTB3,,,,,,,,,,,,,,0.8777777777777778,,,,,,,,,,
KCNC2,,,,,,,,,,,,,,1.0,,,,,,,,,,
GAD1,,,,,,,,,,,,,,0.9444444444444444,,,,,,,,,,
CCNH,,,,,,,,,,,,,,0.9888888888888889,,,,,,,,,,
CHST11,,,,,,,,,,,,,,0.9555555555555556,,,,,,,,,,
FSTL5,,,,,,,,,,,,,,0.8333333333333334,,,,,,,,,,
CHRM3,,,,,,,,,,,,,,0.9888888888888889,,,,,,,,,,
DOCK10,,,,,,,,,,,,,,0.9888888888888889,,,,,,,,,,
CNTN4,,,,,,,,,,,,,,0.9666666666666667,,,,,,,,,,
ANKRD55,,,,,,,,,,,,,,0.7888888888888889,,,,,,,,,,
LINGO2,,,,,,,,,,,,,,0.9666666666666667,,,,,,,,,,
TTC28,,,,,,,,,,,,,,0.9888888888888889,,,,,,,,,,
TNR,,,,,,,,,,,,,,,1.0,,,,,,,,,
LHFPL3,,,,,,,,,,,,,,,1.0,,,,,,,,,
PCDH15,,,,,,,,,,,,,,,1.0,,,,,,,,,
PTPRZ1,,,,,,,,,,,,,,,1.0,,,,,,,,,
LRRC4C,,,,,,,,,,,,,,,1.0,,,,,,,,,
DSCAM,,,,,,,,,,,,,,,1.0,,,,,,,,,
VCAN,,,,,,,,,,,,,,,0.9777777777777777,,,,,,,,,
XYLT1,,,,,,,,,,,,,,,0.9888888888888889,,,,,,,,,
EPN2,,,,,,,,,,,,,,,0.9888888888888889,,,,,,,,,
KCNMB2,,,,,,,,,,,,,,,1.0,,,,,,,,,
LUZP2,,,,,,,,,,,,,,,0.9777777777777777,,,,,,,,,
MEGF11,,,,,,,,,,,,,,,0.9555555555555556,,,,,,,,,
CHST11,,,,,,,,,,,,,,,0.9888888888888889,,,,,,,,,
SEMA5A,,,,,,,,,,,,,,,0.9666666666666667,,,,,,,,,
PDGFRA,,,,,,,,,,,,,,,0.9333333333333333,,,,,,,,,
AGAP1,,,,,,,,,,,,,,,1.0,,,,,,,,,
SLC35F1,,,,,,,,,,,,,,,0.9888888888888889,,,,,,,,,
ENSG00000278254,,,,,,,,,,,,,,,0.9111111111111111,,,,,,,,,
OPHN1,,,,,,,,,,,,,,,0.9777777777777777,,,,,,,,,
NLGN1,,,,,,,,,,,,,,,1.0,,,,,,,,,
DPP6,,,,,,,,,,,,,,,1.0,,,,,,,,,
PLPPR1,,,,,,,,,,,,,,,0.9444444444444444,,,,,,,,,
LINC00511,,,,,,,,,,,,,,,0.9444444444444444,,,,,,,,,
DISC1,,,,,,,,,,,,,,,0.9666666666666667,,,,,,,,,
SMOC1,,,,,,,,,,,,,,,0.8888888888888888,,,,,,,,,
SOX6,,,,,,,,,,,,,,,0.9777777777777777,,,,,,,,,
CA10,,,,,,,,,,,,,,,0.9777777777777777,,,,,,,,,
SEZ6L,,,,,,,,,,,,,,,0.9777777777777777,,,,,,,,,
SPATA6,,,,,,,,,,,,,,,0.9333333333333333,,,,,,,,,
GALNT13,,,,,,,,,,,,,,,0.9555555555555556,,,,,,,,,
NAV1,,,,,,,,,,,,,,,0.9777777777777777,,,,,,,,,
DGKG,,,,,,,,,,,,,,,0.9555555555555556,,,,,,,,,
NOVA1,,,,,,,,,,,,,,,0.9666666666666667,,,,,,,,,
OPCML,,,,,,,,,,,,,,,1.0,,,,,,,,,
ZSWIM6,,,,,,,,,,,,,,,0.9888888888888889,,,,,,,,,
MYT1,,,,,,,,,,,,,,,0.8333333333333334,,,,,,,,,
TMEM132C,,,,,,,,,,,,,,,0.9555555555555556,,,,,,,,,
MAML2,,,,,,,,,,,,,,,0.9777777777777777,,,,,,,,,
KIF13A,,,,,,,,,,,,,,,0.9555555555555556,,,,,,,,,
SULF2,,,,,,,,,,,,,,,0.8444444444444444,,,,,,,,,
SCD5,,,,,,,,,,,,,,,0.9777777777777777,,,,,,,,,
MIR3681HG,,,,,,,,,,,,,,,0.8222222222222222,,,,,,,,,
ADGRL3,,,,,,,,,,,,,,,0.9888888888888889,,,,,,,,,
LRP1B,,,,,,,,,,,,,,,1.0,,,,,,,,,
GRID2,,,,,,,,,,,,,,,0.9888888888888889,,,,,,,,,
PDZD2,,,,,,,,,,,,,,,0.9888888888888889,,,,,,,,,
ADARB2,,,,,,,,,,,,,,,0.9777777777777777,,,,,,,,,
NTM,,,,,,,,,,,,,,,1.0,,,,,,,,,
DCC,,,,,,,,,,,,,,,0.9555555555555556,,,,,,,,,
KCND2,,,,,,,,,,,,,,,0.9888888888888889,,,,,,,,,
NTNG1,,,,,,,,,,,,,,,,1.0,,,,,,,,
COL5A2,,,,,,,,,,,,,,,,0.9885057471264368,,,,,,,,
UNC5D,,,,,,,,,,,,,,,,1.0,,,,,,,,
PTPRD,,,,,,,,,,,,,,,,1.0,,,,,,,,
TCERG1L,,,,,,,,,,,,,,,,0.9770114942528736,,,,,,,,
TRHDE,,,,,,,,,,,,,,,,1.0,,,,,,,,
ENSG00000229425,,,,,,,,,,,,,,,,0.9655172413793104,,,,,,,,
RMST,,,,,,,,,,,,,,,,0.9885057471264368,,,,,,,,
LRRC4C,,,,,,,,,,,,,,,,1.0,,,,,,,,
CA10,,,,,,,,,,,,,,,,1.0,,,,,,,,
ENSG00000285939,,,,,,,,,,,,,,,,0.9770114942528736,,,,,,,,
SNTG1,,,,,,,,,,,,,,,,1.0,,,,,,,,
ENSG00000251293,,,,,,,,,,,,,,,,0.9195402298850575,,,,,,,,
PTPRT,,,,,,,,,,,,,,,,1.0,,,,,,,,
ENSG00000263551,,,,,,,,,,,,,,,,0.9195402298850575,,,,,,,,
PRSS12,,,,,,,,,,,,,,,,0.8390804597701149,,,,,,,,
TAFA1,,,,,,,,,,,,,,,,1.0,,,,,,,,
CUX2,,,,,,,,,,,,,,,,0.9885057471264368,,,,,,,,
POU6F2,,,,,,,,,,,,,,,,1.0,,,,,,,,
NEGR1,,,,,,,,,,,,,,,,1.0,,,,,,,,
GRM7,,,,,,,,,,,,,,,,1.0,,,,,,,,
IQCJ,,,,,,,,,,,,,,,,0.9310344827586207,,,,,,,,
CPNE4,,,,,,,,,,,,,,,,0.9770114942528736,,,,,,,,
DCC,,,,,,,,,,,,,,,,0.9770114942528736,,,,,,,,
RGS7,,,,,,,,,,,,,,,,1.0,,,,,,,,
LAMA2,,,,,,,,,,,,,,,,0.9770114942528736,,,,,,,,
LINGO2,,,,,,,,,,,,,,,,1.0,,,,,,,,
FMN1,,,,,,,,,,,,,,,,0.9885057471264368,,,,,,,,
ADGRB3,,,,,,,,,,,,,,,,1.0,,,,,,,,
KCNH5,,,,,,,,,,,,,,,,0.9885057471264368,,,,,,,,
EFNA5,,,,,,,,,,,,,,,,1.0,,,,,,,,
LINC02217,,,,,,,,,,,,,,,,0.896551724137931,,,,,,,,
PYDC2-AS1,,,,,,,,,,,,,,,,0.9080459770114943,,,,,,,,
RIT2,,,,,,,,,,,,,,,,0.896551724137931,,,,,,,,
PLCH1,,,,,,,,,,,,,,,,0.9195402298850575,,,,,,,,
DLGAP2,,,,,,,,,,,,,,,,1.0,,,,,,,,
KCNB2,,,,,,,,,,,,,,,,0.9770114942528736,,,,,,,,
MAST4,,,,,,,,,,,,,,,,1.0,,,,,,,,
LRRK1,,,,,,,,,,,,,,,,0.9655172413793104,,,,,,,,
ARL15,,,,,,,,,,,,,,,,1.0,,,,,,,,
KCNH1,,,,,,,,,,,,,,,,1.0,,,,,,,,
RORB,,,,,,,,,,,,,,,,1.0,,,,,,,,
ENSG00000234021,,,,,,,,,,,,,,,,0.8620689655172413,,,,,,,,
ENSG00000253452,,,,,,,,,,,,,,,,0.7816091954022989,,,,,,,,
HS6ST3,,,,,,,,,,,,,,,,1.0,,,,,,,,
KHDRBS2,,,,,,,,,,,,,,,,1.0,,,,,,,,
ENSG00000231533,,,,,,,,,,,,,,,,0.9655172413793104,,,,,,,,
R3HDM1,,,,,,,,,,,,,,,,1.0,,,,,,,,
CSMD1,,,,,,,,,,,,,,,,1.0,,,,,,,,
FLRT2,,,,,,,,,,,,,,,,1.0,,,,,,,,
ADARB2,,,,,,,,,,,,,,,,,1.0,,,,,,,
DLX6-AS1,,,,,,,,,,,,,,,,,1.0,,,,,,,
RGS12,,,,,,,,,,,,,,,,,1.0,,,,,,,
SYNPR,,,,,,,,,,,,,,,,,1.0,,,,,,,
GALNTL6,,,,,,,,,,,,,,,,,1.0,,,,,,,
VWC2L,,,,,,,,,,,,,,,,,0.9615384615384616,,,,,,,
SNTG1,,,,,,,,,,,,,,,,,1.0,,,,,,,
ERBB4,,,,,,,,,,,,,,,,,1.0,,,,,,,
PWRN1,,,,,,,,,,,,,,,,,0.9358974358974359,,,,,,,
VIP,,,,,,,,,,,,,,,,,0.8846153846153846,,,,,,,
SLC24A3,,,,,,,,,,,,,,,,,0.9615384615384616,,,,,,,
LRP1B,,,,,,,,,,,,,,,,,1.0,,,,,,,
GRM7,,,,,,,,,,,,,,,,,1.0,,,,,,,
ROBO2,,,,,,,,,,,,,,,,,1.0,,,,,,,
ENSG00000286778,,,,,,,,,,,,,,,,,0.8461538461538461,,,,,,,
PLD5,,,,,,,,,,,,,,,,,0.9487179487179487,,,,,,,
GALNT17,,,,,,,,,,,,,,,,,0.9871794871794872,,,,,,,
C8orf34,,,,,,,,,,,,,,,,,0.9230769230769231,,,,,,,
ENSG00000286263,,,,,,,,,,,,,,,,,0.8333333333333334,,,,,,,
KCNMB2,,,,,,,,,,,,,,,,,1.0,,,,,,,
DSCAM,,,,,,,,,,,,,,,,,1.0,,,,,,,
THSD7A,,,,,,,,,,,,,,,,,0.9615384615384616,,,,,,,
CALN1,,,,,,,,,,,,,,,,,0.9358974358974359,,,,,,,
LAMA3,,,,,,,,,,,,,,,,,0.8333333333333334,,,,,,,
KCNT2,,,,,,,,,,,,,,,,,0.9743589743589743,,,,,,,
PTPRE,,,,,,,,,,,,,,,,,0.9871794871794872,,,,,,,
ABTB3,,,,,,,,,,,,,,,,,0.9230769230769231,,,,,,,
PROX1,,,,,,,,,,,,,,,,,0.8589743589743589,,,,,,,
CACNA1D,,,,,,,,,,,,,,,,,0.9871794871794872,,,,,,,
PDE3A,,,,,,,,,,,,,,,,,0.8461538461538461,,,,,,,
CLVS1,,,,,,,,,,,,,,,,,0.9230769230769231,,,,,,,
GALNT13,,,,,,,,,,,,,,,,,0.9743589743589743,,,,,,,
FGF14,,,,,,,,,,,,,,,,,1.0,,,,,,,
NLGN1,,,,,,,,,,,,,,,,,1.0,,,,,,,
NRXN3,,,,,,,,,,,,,,,,,1.0,,,,,,,
CCNH,,,,,,,,,,,,,,,,,0.9871794871794872,,,,,,,
FIGN,,,,,,,,,,,,,,,,,0.9230769230769231,,,,,,,
ROBO1,,,,,,,,,,,,,,,,,1.0,,,,,,,
CNTN4,,,,,,,,,,,,,,,,,1.0,,,,,,,
ENSG00000197585,,,,,,,,,,,,,,,,,0.8333333333333334,,,,,,,
ASIC2,,,,,,,,,,,,,,,,,0.9615384615384616,,,,,,,
RGS6,,,,,,,,,,,,,,,,,0.9743589743589743,,,,,,,
NPAS3,,,,,,,,,,,,,,,,,1.0,,,,,,,
PROX1-AS1,,,,,,,,,,,,,,,,,0.7692307692307693,,,,,,,
CRACD,,,,,,,,,,,,,,,,,0.8974358974358975,,,,,,,
CNTNAP5,,,,,,,,,,,,,,,,,0.9871794871794872,,,,,,,
GPR149,,,,,,,,,,,,,,,,,0.7435897435897436,,,,,,,
CNTNAP2,,,,,,,,,,,,,,,,,0.9871794871794872,,,,,,,
TCF4,,,,,,,,,,,,,,,,,1.0,,,,,,,
ANO4,,,,,,,,,,,,,,,,,0.9743589743589743,,,,,,,
NRG1,,,,,,,,,,,,,,,,,,1.0,,,,,,
PDZRN4,,,,,,,,,,,,,,,,,,0.9545454545454546,,,,,,
ZNF804B,,,,,,,,,,,,,,,,,,0.9242424242424242,,,,,,
MEG3,,,,,,,,,,,,,,,,,,1.0,,,,,,
THEMIS,,,,,,,,,,,,,,,,,,0.8181818181818182,,,,,,
CLSTN2,,,,,,,,,,,,,,,,,,0.9696969696969697,,,,,,
KCNIP4,,,,,,,,,,,,,,,,,,1.0,,,,,,
TMEM132D,,,,,,,,,,,,,,,,,,0.9848484848484849,,,,,,
GALNT14,,,,,,,,,,,,,,,,,,0.8787878787878788,,,,,,
ENSG00000239498,,,,,,,,,,,,,,,,,,0.9090909090909091,,,,,,
BMPER,,,,,,,,,,,,,,,,,,0.9696969696969697,,,,,,
RXFP1,,,,,,,,,,,,,,,,,,0.9090909090909091,,,,,,
ERC2,,,,,,,,,,,,,,,,,,1.0,,,,,,
ENSG00000253553,,,,,,,,,,,,,,,,,,0.9393939393939394,,,,,,
NAV3,,,,,,,,,,,,,,,,,,0.9848484848484849,,,,,,
LINC03051,,,,,,,,,,,,,,,,,,1.0,,,,,,
RALYL,,,,,,,,,,,,,,,,,,1.0,,,,,,
KALRN,,,,,,,,,,,,,,,,,,1.0,,,,,,
MCTP1,,,,,,,,,,,,,,,,,,0.9545454545454546,,,,,,
ENSG00000256654,,,,,,,,,,,,,,,,,,0.8484848484848485,,,,,,
PDE4D,,,,,,,,,,,,,,,,,,1.0,,,,,,
CDH12,,,,,,,,,,,,,,,,,,0.9696969696969697,,,,,,
CADPS,,,,,,,,,,,,,,,,,,1.0,,,,,,
SLIT1,,,,,,,,,,,,,,,,,,0.9242424242424242,,,,,,
RIT2,,,,,,,,,,,,,,,,,,0.8484848484848485,,,,,,
CABP1,,,,,,,,,,,,,,,,,,0.9848484848484849,,,,,,
SYN3,,,,,,,,,,,,,,,,,,0.9545454545454546,,,,,,
HS3ST2,,,,,,,,,,,,,,,,,,0.8181818181818182,,,,,,
PCSK2,,,,,,,,,,,,,,,,,,0.9545454545454546,,,,,,
DCHS2,,,,,,,,,,,,,,,,,,0.7727272727272727,,,,,,
EFNA5,,,,,,,,,,,,,,,,,,0.9848484848484849,,,,,,
CA10,,,,,,,,,,,,,,,,,,0.9696969696969697,,,,,,
IGSF21,,,,,,,,,,,,,,,,,,0.9393939393939394,,,,,,
MIR137HG,,,,,,,,,,,,,,,,,,0.9696969696969697,,,,,,
ENSG00000236451,,,,,,,,,,,,,,,,,,0.8484848484848485,,,,,,
CBLN2,,,,,,,,,,,,,,,,,,0.9696969696969697,,,,,,
RBFOX1,,,,,,,,,,,,,,,,,,1.0,,,,,,
NETO1,,,,,,,,,,,,,,,,,,0.9545454545454546,,,,,,
CACNA1B,,,,,,,,,,,,,,,,,,0.9696969696969697,,,,,,
RYR2,,,,,,,,,,,,,,,,,,0.9848484848484849,,,,,,
CELF2,,,,,,,,,,,,,,,,,,1.0,,,,,,
TESC,,,,,,,,,,,,,,,,,,0.8181818181818182,,,,,,
TENM4,,,,,,,,,,,,,,,,,,0.9393939393939394,,,,,,
KCTD16,,,,,,,,,,,,,,,,,,0.9848484848484849,,,,,,
ENSG00000233928,,,,,,,,,,,,,,,,,,0.9090909090909091,,,,,,
CNTN4,,,,,,,,,,,,,,,,,,0.9545454545454546,,,,,,
ATP8B1,,,,,,,,,,,,,,,,,,0.8333333333333334,,,,,,
SLC35F3,,,,,,,,,,,,,,,,,,0.8939393939393939,,,,,,
DLGAP2,,,,,,,,,,,,,,,,,,1.0,,,,,,
EPIC1,,,,,,,,,,,,,,,,,,0.8939393939393939,,,,,,
FGF13,,,,,,,,,,,,,,,,,,,1.0,,,,,
PTCHD4,,,,,,,,,,,,,,,,,,,1.0,,,,,
FGF14,,,,,,,,,,,,,,,,,,,1.0,,,,,
ENSG00000251031,,,,,,,,,,,,,,,,,,,0.9830508474576272,,,,,
MYO16,,,,,,,,,,,,,,,,,,,0.9830508474576272,,,,,
PRELID2,,,,,,,,,,,,,,,,,,,0.9830508474576272,,,,,
GAD2,,,,,,,,,,,,,,,,,,,1.0,,,,,
SV2C,,,,,,,,,,,,,,,,,,,0.9661016949152542,,,,,
NXPH2,,,,,,,,,,,,,,,,,,,0.9830508474576272,,,,,
SGCZ,,,,,,,,,,,,,,,,,,,1.0,,,,,
MGAT4C,,,,,,,,,,,,,,,,,,,1.0,,,,,
ATP8A2,,,,,,,,,,,,,,,,,,,1.0,,,,,
GRIP1,,,,,,,,,,,,,,,,,,,1.0,,,,,
DLX6-AS1,,,,,,,,,,,,,,,,,,,1.0,,,,,
PKP2,,,,,,,,,,,,,,,,,,,0.9491525423728814,,,,,
EYA4,,,,,,,,,,,,,,,,,,,0.9491525423728814,,,,,
ALK,,,,,,,,,,,,,,,,,,,0.9661016949152542,,,,,
UBASH3B,,,,,,,,,,,,,,,,,,,1.0,,,,,
UNC13C,,,,,,,,,,,,,,,,,,,1.0,,,,,
TMEM132D,,,,,,,,,,,,,,,,,,,1.0,,,,,
BCL11B,,,,,,,,,,,,,,,,,,,0.9830508474576272,,,,,
GRIN2A,,,,,,,,,,,,,,,,,,,1.0,,,,,
SPHKAP,,,,,,,,,,,,,,,,,,,0.9661016949152542,,,,,
KAZN,,,,,,,,,,,,,,,,,,,1.0,,,,,
KIT,,,,,,,,,,,,,,,,,,,0.9152542372881356,,,,,
GRIN3A,,,,,,,,,,,,,,,,,,,0.9491525423728814,,,,,
ADARB2,,,,,,,,,,,,,,,,,,,0.9661016949152542,,,,,
MACROD2,,,,,,,,,,,,,,,,,,,1.0,,,,,
DGKD,,,,,,,,,,,,,,,,,,,0.9830508474576272,,,,,
MTUS2,,,,,,,,,,,,,,,,,,,1.0,,,,,
GRIA4,,,,,,,,,,,,,,,,,,,1.0,,,,,
ZNF536,,,,,,,,,,,,,,,,,,,1.0,,,,,
FBXL7,,,,,,,,,,,,,,,,,,,0.9830508474576272,,,,,
NFIB,,,,,,,,,,,,,,,,,,,1.0,,,,,
CRACD,,,,,,,,,,,,,,,,,,,0.9830508474576272,,,,,
CNTNAP4,,,,,,,,,,,,,,,,,,,1.0,,,,,
KCNIP1,,,,,,,,,,,,,,,,,,,1.0,,,,,
TACR1,,,,,,,,,,,,,,,,,,,0.8813559322033898,,,,,
GRIK1,,,,,,,,,,,,,,,,,,,1.0,,,,,
DPP6,,,,,,,,,,,,,,,,,,,1.0,,,,,
ANKRD55,,,,,,,,,,,,,,,,,,,0.9322033898305084,,,,,
PTPRT,,,,,,,,,,,,,,,,,,,1.0,,,,,
RAB3C,,,,,,,,,,,,,,,,,,,0.9830508474576272,,,,,
DNER,,,,,,,,,,,,,,,,,,,0.9661016949152542,,,,,
GRM5,,,,,,,,,,,,,,,,,,,0.9830508474576272,,,,,
NXPH1,,,,,,,,,,,,,,,,,,,1.0,,,,,
FSTL5,,,,,,,,,,,,,,,,,,,0.9830508474576272,,,,,
NRIP3,,,,,,,,,,,,,,,,,,,0.9322033898305084,,,,,
IGSF11,,,,,,,,,,,,,,,,,,,0.9830508474576272,,,,,
EXT1,,,,,,,,,,,,,,,,,,,0.9830508474576272,,,,,
HS3ST4,,,,,,,,,,,,,,,,,,,,0.9821428571428571,,,,
FRMPD4,,,,,,,,,,,,,,,,,,,,1.0,,,,
TLE4,,,,,,,,,,,,,,,,,,,,0.9821428571428571,,,,
MDGA2,,,,,,,,,,,,,,,,,,,,1.0,,,,
SEMA3E,,,,,,,,,,,,,,,,,,,,0.9285714285714286,,,,
EPHA5,,,,,,,,,,,,,,,,,,,,1.0,,,,
RXFP1,,,,,,,,,,,,,,,,,,,,0.9821428571428571,,,,
RALYL,,,,,,,,,,,,,,,,,,,,1.0,,,,
SLC8A1,,,,,,,,,,,,,,,,,,,,1.0,,,,
DGKI,,,,,,,,,,,,,,,,,,,,1.0,,,,
KIAA1217,,,,,,,,,,,,,,,,,,,,0.9821428571428571,,,,
ENSG00000283674,,,,,,,,,,,,,,,,,,,,0.9642857142857143,,,,
NALF1,,,,,,,,,,,,,,,,,,,,1.0,,,,
MCTP1,,,,,,,,,,,,,,,,,,,,0.9821428571428571,,,,
ADAMTSL1,,,,,,,,,,,,,,,,,,,,0.8928571428571429,,,,
LRP1B,,,,,,,,,,,,,,,,,,,,1.0,,,,
PTPRD,,,,,,,,,,,,,,,,,,,,1.0,,,,
KALRN,,,,,,,,,,,,,,,,,,,,1.0,,,,
PDZRN4,,,,,,,,,,,,,,,,,,,,0.9464285714285714,,,,
ASIC2,,,,,,,,,,,,,,,,,,,,0.9821428571428571,,,,
ROBO2,,,,,,,,,,,,,,,,,,,,1.0,,,,
CADPS,,,,,,,,,,,,,,,,,,,,1.0,,,,
SYNPO2,,,,,,,,,,,,,,,,,,,,0.9821428571428571,,,,
ARPP21,,,,,,,,,,,,,,,,,,,,1.0,,,,
RYR2,,,,,,,,,,,,,,,,,,,,1.0,,,,
PRKAG2,,,,,,,,,,,,,,,,,,,,1.0,,,,
CELF2,,,,,,,,,,,,,,,,,,,,1.0,,,,
ENSG00000284624,,,,,,,,,,,,,,,,,,,,0.9464285714285714,,,,
LINC01122,,,,,,,,,,,,,,,,,,,,1.0,,,,
SORBS2,,,,,,,,,,,,,,,,,,,,1.0,,,,
ANKS1B,,,,,,,,,,,,,,,,,,,,1.0,,,,
CACNA2D3,,,,,,,,,,,,,,,,,,,,1.0,,,,
RAP1GAP2,,,,,,,,,,,,,,,,,,,,1.0,,,,
FOXP2,,,,,,,,,,,,,,,,,,,,0.9464285714285714,,,,
DLC1,,,,,,,,,,,,,,,,,,,,1.0,,,,
ERC2,,,,,,,,,,,,,,,,,,,,0.9821428571428571,,,,
DGKG,,,,,,,,,,,,,,,,,,,,1.0,,,,
NRXN1,,,,,,,,,,,,,,,,,,,,1.0,,,,
GRIK3,,,,,,,,,,,,,,,,,,,,0.9642857142857143,,,,
DCHS2,,,,,,,,,,,,,,,,,,,,0.8392857142857143,,,,
LINC02223,,,,,,,,,,,,,,,,,,,,0.9107142857142857,,,,
MEG3,,,,,,,,,,,,,,,,,,,,1.0,,,,
SORCS3,,,,,,,,,,,,,,,,,,,,0.9642857142857143,,,,
ILDR2,,,,,,,,,,,,,,,,,,,,0.9642857142857143,,,,
NAV3,,,,,,,,,,,,,,,,,,,,1.0,,,,
SEMA3A,,,,,,,,,,,,,,,,,,,,0.875,,,,
PHACTR1,,,,,,,,,,,,,,,,,,,,1.0,,,,
PCDH11X,,,,,,,,,,,,,,,,,,,,0.9642857142857143,,,,
MIR137HG,,,,,,,,,,,,,,,,,,,,0.9821428571428571,,,,
NOS1AP,,,,,,,,,,,,,,,,,,,,1.0,,,,
ADAMTS6,,,,,,,,,,,,,,,,,,,,,1.0,,,
THSD7A,,,,,,,,,,,,,,,,,,,,,1.0,,,
LINGO2,,,,,,,,,,,,,,,,,,,,,1.0,,,
CALN1,,,,,,,,,,,,,,,,,,,,,1.0,,,
PROX1,,,,,,,,,,,,,,,,,,,,,1.0,,,
PLD5,,,,,,,,,,,,,,,,,,,,,1.0,,,
GALNTL6,,,,,,,,,,,,,,,,,,,,,1.0,,,
CNTNAP2,,,,,,,,,,,,,,,,,,,,,1.0,,,
VIP,,,,,,,,,,,,,,,,,,,,,0.9555555555555556,,,
L3MBTL4,,,,,,,,,,,,,,,,,,,,,1.0,,,
KCNIP4,,,,,,,,,,,,,,,,,,,,,1.0,,,
MIR325HG,,,,,,,,,,,,,,,,,,,,,1.0,,,
RERG,,,,,,,,,,,,,,,,,,,,,1.0,,,
SLC24A3,,,,,,,,,,,,,,,,,,,,,1.0,,,
CSMD1,,,,,,,,,,,,,,,,,,,,,1.0,,,
ERBB4,,,,,,,,,,,,,,,,,,,,,1.0,,,
RYR3,,,,,,,,,,,,,,,,,,,,,1.0,,,
ANK1,,,,,,,,,,,,,,,,,,,,,1.0,,,
ADARB2,,,,,,,,,,,,,,,,,,,,,1.0,,,
MTUS2,,,,,,,,,,,,,,,,,,,,,1.0,,,
RGS12,,,,,,,,,,,,,,,,,,,,,1.0,,,
KMO,,,,,,,,,,,,,,,,,,,,,0.9111111111111111,,,
CNTN3,,,,,,,,,,,,,,,,,,,,,1.0,,,
ABTB3,,,,,,,,,,,,,,,,,,,,,0.9777777777777777,,,
PDE3A,,,,,,,,,,,,,,,,,,,,,0.9555555555555556,,,
FRMD4A,,,,,,,,,,,,,,,,,,,,,1.0,,,
CDH13,,,,,,,,,,,,,,,,,,,,,1.0,,,
MYRIP,,,,,,,,,,,,,,,,,,,,,1.0,,,
KCNT2,,,,,,,,,,,,,,,,,,,,,1.0,,,
DLX6-AS1,,,,,,,,,,,,,,,,,,,,,1.0,,,
ZNF804A,,,,,,,,,,,,,,,,,,,,,1.0,,,
SYNPR,,,,,,,,,,,,,,,,,,,,,1.0,,,
ZMAT4,,,,,,,,,,,,,,,,,,,,,0.9777777777777777,,,
LRRC4C,,,,,,,,,,,,,,,,,,,,,1.0,,,
SNHG14,,,,,,,,,,,,,,,,,,,,,1.0,,,
RGS17,,,,,,,,,,,,,,,,,,,,,0.9777777777777777,,,
ITGA8,,,,,,,,,,,,,,,,,,,,,0.9111111111111111,,,
ROBO1,,,,,,,,,,,,,,,,,,,,,1.0,,,
ENSG00000203279,,,,,,,,,,,,,,,,,,,,,0.8888888888888888,,,
KCNH7,,,,,,,,,,,,,,,,,,,,,1.0,,,
CHRM2,,,,,,,,,,,,,,,,,,,,,0.9111111111111111,,,
HTR1E,,,,,,,,,,,,,,,,,,,,,0.9111111111111111,,,
NLGN1,,,,,,,,,,,,,,,,,,,,,1.0,,,
TSHZ2,,,,,,,,,,,,,,,,,,,,,0.9777777777777777,,,
ENSG00000197585,,,,,,,,,,,,,,,,,,,,,0.9333333333333333,,,
SLC35F4,,,,,,,,,,,,,,,,,,,,,0.8888888888888888,,,
CNTN4,,,,,,,,,,,,,,,,,,,,,1.0,,,
GRM7,,,,,,,,,,,,,,,,,,,,,1.0,,,
PRICKLE2,,,,,,,,,,,,,,,,,,,,,0.9777777777777777,,,
SLC44A5,,,,,,,,,,,,,,,,,,,,,1.0,,,
RMST,,,,,,,,,,,,,,,,,,,,,,1.0,,
PLCH1,,,,,,,,,,,,,,,,,,,,,,1.0,,
PDZRN4,,,,,,,,,,,,,,,,,,,,,,1.0,,
OTOGL,,,,,,,,,,,,,,,,,,,,,,0.9722222222222222,,
CPNE4,,,,,,,,,,,,,,,,,,,,,,1.0,,
ZNF804B,,,,,,,,,,,,,,,,,,,,,,0.9722222222222222,,
DCC,,,,,,,,,,,,,,,,,,,,,,1.0,,
TSHZ2,,,,,,,,,,,,,,,,,,,,,,1.0,,
POU6F2,,,,,,,,,,,,,,,,,,,,,,1.0,,
LINC02885,,,,,,,,,,,,,,,,,,,,,,0.9722222222222222,,
NEGR1,,,,,,,,,,,,,,,,,,,,,,1.0,,
PHLDB2,,,,,,,,,,,,,,,,,,,,,,0.9722222222222222,,
TCERG1L,,,,,,,,,,,,,,,,,,,,,,0.9444444444444444,,
PYDC2-AS1,,,,,,,,,,,,,,,,,,,,,,0.9722222222222222,,
NKAIN2,,,,,,,,,,,,,,,,,,,,,,1.0,,
ANO3,,,,,,,,,,,,,,,,,,,,,,1.0,,
PTPRT,,,,,,,,,,,,,,,,,,,,,,1.0,,
SCHLAP1,,,,,,,,,,,,,,,,,,,,,,0.9166666666666666,,
PCBP3,,,,,,,,,,,,,,,,,,,,,,0.9722222222222222,,
ENSG00000253553,,,,,,,,,,,,,,,,,,,,,,0.9722222222222222,,
LINC01915,,,,,,,,,,,,,,,,,,,,,,0.8611111111111112,,
MGAT4C,,,,,,,,,,,,,,,,,,,,,,1.0,,
ENSG00000285939,,,,,,,,,,,,,,,,,,,,,,0.9444444444444444,,
PTPRD,,,,,,,,,,,,,,,,,,,,,,1.0,,
HTR1F,,,,,,,,,,,,,,,,,,,,,,1.0,,
ENSG00000288036,,,,,,,,,,,,,,,,,,,,,,0.8888888888888888,,
RXFP1,,,,,,,,,,,,,,,,,,,,,,1.0,,
CELF4,,,,,,,,,,,,,,,,,,,,,,1.0,,
GRIA1,,,,,,,,,,,,,,,,,,,,,,1.0,,
KCNB2,,,,,,,,,,,,,,,,,,,,,,1.0,,
LINC02955,,,,,,,,,,,,,,,,,,,,,,0.8611111111111112,,
IL1RAPL2,,,,,,,,,,,,,,,,,,,,,,0.9722222222222222,,
ENSG00000259048,,,,,,,,,,,,,,,,,,,,,,0.8888888888888888,,
ST6GAL2,,,,,,,,,,,,,,,,,,,,,,0.9166666666666666,,
LRRC4C,,,,,,,,,,,,,,,,,,,,,,1.0,,
FOXP2,,,,,,,,,,,,,,,,,,,,,,1.0,,
CNTN3,,,,,,,,,,,,,,,,,,,,,,1.0,,
SEMA6D,,,,,,,,,,,,,,,,,,,,,,0.9722222222222222,,
ITGA11,,,,,,,,,,,,,,,,,,,,,,0.8333333333333334,,
IRAG2,,,,,,,,,,,,,,,,,,,,,,0.8888888888888888,,
CELF2,,,,,,,,,,,,,,,,,,,,,,1.0,,
LINC01414,,,,,,,,,,,,,,,,,,,,,,0.9722222222222222,,
ENSG00000271774,,,,,,,,,,,,,,,,,,,,,,0.8611111111111112,,
KCNH1,,,,,,,,,,,,,,,,,,,,,,1.0,,
MME,,,,,,,,,,,,,,,,,,,,,,0.8055555555555556,,
KCNQ3,,,,,,,,,,,,,,,,,,,,,,1.0,,
CCDC3,,,,,,,,,,,,,,,,,,,,,,1.0,,
CDK14,,,,,,,,,,,,,,,,,,,,,,1.0,,
RIMS1,,,,,,,,,,,,,,,,,,,,,,1.0,,
SLIT1,,,,,,,,,,,,,,,,,,,,,,0.9722222222222222,,
ENSG00000283674,,,,,,,,,,,,,,,,,,,,,,,1.0,
ASIC2,,,,,,,,,,,,,,,,,,,,,,,1.0,
TSHZ2,,,,,,,,,,,,,,,,,,,,,,,1.0,
TRMT9B,,,,,,,,,,,,,,,,,,,,,,,1.0,
ITGA8,,,,,,,,,,,,,,,,,,,,,,,1.0,
TLL1,,,,,,,,,,,,,,,,,,,,,,,1.0,
ENSG00000271774,,,,,,,,,,,,,,,,,,,,,,,1.0,
HTR2C,,,,,,,,,,,,,,,,,,,,,,,0.967741935483871,
GHR,,,,,,,,,,,,,,,,,,,,,,,1.0,
SORCS2,,,,,,,,,,,,,,,,,,,,,,,1.0,
NPSR1-AS1,,,,,,,,,,,,,,,,,,,,,,,0.9354838709677419,
HS3ST4,,,,,,,,,,,,,,,,,,,,,,,1.0,
FER1L6-AS2,,,,,,,,,,,,,,,,,,,,,,,0.9354838709677419,
ZNF385D,,,,,,,,,,,,,,,,,,,,,,,1.0,
SEMA5B,,,,,,,,,,,,,,,,,,,,,,,0.967741935483871,
GRM4,,,,,,,,,,,,,,,,,,,,,,,0.9354838709677419,
GRM8,,,,,,,,,,,,,,,,,,,,,,,1.0,
ENSG00000290357,,,,,,,,,,,,,,,,,,,,,,,0.9354838709677419,
DPY19L1,,,,,,,,,,,,,,,,,,,,,,,1.0,
OLFM3,,,,,,,,,,,,,,,,,,,,,,,1.0,
TRHDE,,,,,,,,,,,,,,,,,,,,,,,1.0,
ATP2C2,,,,,,,,,,,,,,,,,,,,,,,0.9032258064516129,
LINC00937,,,,,,,,,,,,,,,,,,,,,,,0.967741935483871,
FGFR1,,,,,,,,,,,,,,,,,,,,,,,1.0,
EML6,,,,,,,,,,,,,,,,,,,,,,,1.0,
SEMA3E,,,,,,,,,,,,,,,,,,,,,,,0.9354838709677419,
BCL11B,,,,,,,,,,,,,,,,,,,,,,,0.967741935483871,
CRYM,,,,,,,,,,,,,,,,,,,,,,,1.0,
CLSTN2,,,,,,,,,,,,,,,,,,,,,,,1.0,
CDH6,,,,,,,,,,,,,,,,,,,,,,,0.9354838709677419,
TLE4,,,,,,,,,,,,,,,,,,,,,,,1.0,
MEG3,,,,,,,,,,,,,,,,,,,,,,,1.0,
CDH11,,,,,,,,,,,,,,,,,,,,,,,1.0,
PRR16,,,,,,,,,,,,,,,,,,,,,,,0.9354838709677419,
PDE9A,,,,,,,,,,,,,,,,,,,,,,,0.9354838709677419,
MPP7,,,,,,,,,,,,,,,,,,,,,,,0.967741935483871,
NXPH2,,,,,,,,,,,,,,,,,,,,,,,0.9354838709677419,
CSMD3,,,,,,,,,,,,,,,,,,,,,,,1.0,
VWC2L,,,,,,,,,,,,,,,,,,,,,,,0.967741935483871,
SNTG1,,,,,,,,,,,,,,,,,,,,,,,1.0,
KCNB2,,,,,,,,,,,,,,,,,,,,,,,1.0,
COL12A1,,,,,,,,,,,,,,,,,,,,,,,0.9354838709677419,
SH3RF3,,,,,,,,,,,,,,,,,,,,,,,1.0,
ETV1,,,,,,,,,,,,,,,,,,,,,,,1.0,
TOX,,,,,,,,,,,,,,,,,,,,,,,1.0,
PWRN1,,,,,,,,,,,,,,,,,,,,,,,0.9354838709677419,
ENSG00000253553,,,,,,,,,,,,,,,,,,,,,,,0.967741935483871,
XKR6,,,,,,,,,,,,,,,,,,,,,,,1.0,
SEL1L3,,,,,,,,,,,,,,,,,,,,,,,0.9354838709677419,
GALNT14,,,,,,,,,,,,,,,,,,,,,,,0.9354838709677419,
PRKG1,,,,,,,,,,,,,,,,,,,,,,,,1.0
MYH11,,,,,,,,,,,,,,,,,,,,,,,,0.967741935483871
CARMN,,,,,,,,,,,,,,,,,,,,,,,,0.967741935483871
LPP,,,,,,,,,,,,,,,,,,,,,,,,0.967741935483871
MYL9,,,,,,,,,,,,,,,,,,,,,,,,0.9354838709677419
ACTA2,,,,,,,,,,,,,,,,,,,,,,,,0.9354838709677419
RBPMS,,,,,,,,,,,,,,,,,,,,,,,,0.9354838709677419
PDLIM5,,,,,,,,,,,,,,,,,,,,,,,,0.9354838709677419
TAGLN,,,,,,,,,,,,,,,,,,,,,,,,0.9032258064516129
CALD1,,,,,,,,,,,,,,,,,,,,,,,,0.9354838709677419
FLNA,,,,,,,,,,,,,,,,,,,,,,,,0.8709677419354839
ZFHX3,,,,,,,,,,,,,,,,,,,,,,,,0.9032258064516129
CRIM1,,,,,,,,,,,,,,,,,,,,,,,,0.9032258064516129
TPM2,,,,,,,,,,,,,,,,,,,,,,,,0.8387096774193549
EBF1,,,,,,,,,,,,,,,,,,,,,,,,0.8709677419354839
FOS,,,,,,,,,,,,,,,,,,,,,,,,0.8387096774193549
NR4A1,,,,,,,,,,,,,,,,,,,,,,,,0.8387096774193549
LMOD1,,,,,,,,,,,,,,,,,,,,,,,,0.8064516129032258
FHL5,,,,,,,,,,,,,,,,,,,,,,,,0.8064516129032258
SLIT3,,,,,,,,,,,,,,,,,,,,,,,,0.8709677419354839
TPM1,,,,,,,,,,,,,,,,,,,,,,,,0.8709677419354839
LTBP1,,,,,,,,,,,,,,,,,,,,,,,,0.8064516129032258
UTRN,,,,,,,,,,,,,,,,,,,,,,,,0.8709677419354839
C11orf96,,,,,,,,,,,,,,,,,,,,,,,,0.7741935483870968
MCAM,,,,,,,,,,,,,,,,,,,,,,,,0.7741935483870968
SORBS2,,,,,,,,,,,,,,,,,,,,,,,,0.8709677419354839
DSTN,,,,,,,,,,,,,,,,,,,,,,,,0.8709677419354839
PPP1R12B,,,,,,,,,,,,,,,,,,,,,,,,0.8709677419354839
VIM,,,,,,,,,,,,,,,,,,,,,,,,0.7419354838709677
PDE3A,,,,,,,,,,,,,,,,,,,,,,,,0.7419354838709677
NR2F2-AS1,,,,,,,,,,,,,,,,,,,,,,,,0.7419354838709677
ACTB,,,,,,,,,,,,,,,,,,,,,,,,0.9032258064516129
ARHGAP10,,,,,,,,,,,,,,,,,,,,,,,,0.7741935483870968
ADIRF,,,,,,,,,,,,,,,,,,,,,,,,0.7096774193548387
PLCE1,,,,,,,,,,,,,,,,,,,,,,,,0.7419354838709677
PTPRG,,,,,,,,,,,,,,,,,,,,,,,,0.9032258064516129
PPP1R12A,,,,,,,,,,,,,,,,,,,,,,,,0.8387096774193549
VCL,,,,,,,,,,,,,,,,,,,,,,,,0.7419354838709677
SYNPO2,,,,,,,,,,,,,,,,,,,,,,,,0.7419354838709677
CRIP1,,,,,,,,,,,,,,,,,,,,,,,,0.6451612903225806
IGFBP7,,,,,,,,,,,,,,,,,,,,,,,,0.7096774193548387
SLC38A11,,,,,,,,,,,,,,,,,,,,,,,,0.7096774193548387
ACTN4,,,,,,,,,,,,,,,,,,,,,,,,0.7741935483870968
MSRB3,,,,,,,,,,,,,,,,,,,,,,,,0.7096774193548387
MUSTN1,,,,,,,,,,,,,,,,,,,,,,,,0.6451612903225806
NTN4,,,,,,,,,,,,,,,,,,,,,,,,0.7096774193548387
ESYT2,,,,,,,,,,,,,,,,,,,,,,,,0.7741935483870968
TACC1,,,,,,,,,,,,,,,,,,,,,,,,0.8387096774193549
PPP1R14A,,,,,,,,,,,,,,,,,,,,,,,,0.6451612903225806
JAG1,,,,,,,,,,,,,,,,,,,,,,,,0.6451612903225806
