Gene,Oligo MOG OPALIN,L2-3 CUX2 ACVR1C THSD7A,OPC PDGFRA PCDH15,Endo CLDN5 SLC7A5,InN VIP HS3ST3B1,L3-5 RORB GABRG1 PTPRO,InN LAMP5 BMP7,InN PVALB HPSE,Micro P2RY12 APBB1IP,InN SST HS3ST5,InN SST FREM1,Astro GFAP AQP1,L6 FEZF2 SYT6 PTPRT,InN VIP CLSTN2,L3-5 RORB PCBP3 IL1RAPL2,InN ADARB2 FAM19A1,L3-5 RORB MKX SCN5A,InN PVALB PDE3A,L5-6 FEZF2 NXPH2 GRIK1,InN LAMP5 RELN,L6 OPRK1 SMYD1 KCND2
ST18,0.9122340425531915,,,,,,,,,,,,,,,,,,,,
CTNNA3,0.9428191489361702,,,,,,,,,,,,,,,,,,,,
MBP,0.9361702127659575,,,,,,,,,,,,,,,,,,,,
SLC24A2,0.9521276595744681,,,,,,,,,,,,,,,,,,,,
DST,0.9827127659574468,,,,,,,,,,,,,,,,,,,,
RNF220,0.8696808510638298,,,,,,,,,,,,,,,,,,,,
QKI,0.9215425531914894,,,,,,,,,,,,,,,,,,,,
TTLL7,0.8949468085106383,,,,,,,,,,,,,,,,,,,,
CCDC88A,0.9335106382978723,,,,,,,,,,,,,,,,,,,,
NCKAP5,0.8590425531914894,,,,,,,,,,,,,,,,,,,,
PCDH9,0.9787234042553191,,,,,,,,,,,,,,,,,,,,
ANK3,0.9335106382978723,,,,,,,,,,,,,,,,,,,,
SLC44A1,0.8656914893617021,,,,,,,,,,,,,,,,,,,,
PPP2R2B,0.9042553191489362,,,,,,,,,,,,,,,,,,,,
SHTN1,0.8723404255319149,,,,,,,,,,,,,,,,,,,,
KCNH8,0.7938829787234043,,,,,,,,,,,,,,,,,,,,
PLEKHH1,0.824468085106383,,,,,,,,,,,,,,,,,,,,
PLCL1,0.8457446808510638,,,,,,,,,,,,,,,,,,,,
DOCK10,0.8457446808510638,,,,,,,,,,,,,,,,,,,,
PHLPP1,0.8430851063829787,,,,,,,,,,,,,,,,,,,,
FRMD4B,0.7978723404255319,,,,,,,,,,,,,,,,,,,,
PRUNE2,0.8204787234042553,,,,,,,,,,,,,,,,,,,,
SIK3,0.8523936170212766,,,,,,,,,,,,,,,,,,,,
TF,0.7353723404255319,,,,,,,,,,,,,,,,,,,,
MOBP,0.7167553191489362,,,,,,,,,,,,,,,,,,,,
DOCK5,0.7340425531914894,,,,,,,,,,,,,,,,,,,,
PLP1,0.7273936170212766,,,,,,,,,,,,,,,,,,,,
ENSG00000286749,0.7021276595744681,,,,,,,,,,,,,,,,,,,,
CLMN,0.7207446808510638,,,,,,,,,,,,,,,,,,,,
CERCAM,0.6941489361702128,,,,,,,,,,,,,,,,,,,,
PDE4B,0.8417553191489362,,,,,,,,,,,,,,,,,,,,
IL1RAPL1,0.9148936170212766,,,,,,,,,,,,,,,,,,,,
PIP4K2A,0.7832446808510638,,,,,,,,,,,,,,,,,,,,
ZFYVE16,0.8098404255319149,,,,,,,,,,,,,,,,,,,,
SLAIN1,0.7925531914893617,,,,,,,,,,,,,,,,,,,,
C10orf90,0.7021276595744681,,,,,,,,,,,,,,,,,,,,
FRMD5,0.8404255319148937,,,,,,,,,,,,,,,,,,,,
TMTC2,0.7752659574468085,,,,,,,,,,,,,,,,,,,,
ARAP2,0.7925531914893617,,,,,,,,,,,,,,,,,,,,
MAP7,0.8151595744680851,,,,,,,,,,,,,,,,,,,,
ERBIN,0.785904255319149,,,,,,,,,,,,,,,,,,,,
SLC7A14-AS1,0.7127659574468085,,,,,,,,,,,,,,,,,,,,
CNDP1,0.6316489361702128,,,,,,,,,,,,,,,,,,,,
ELMO1,0.8058510638297872,,,,,,,,,,,,,,,,,,,,
TRIM2,0.8045212765957447,,,,,,,,,,,,,,,,,,,,
DNM3,0.8324468085106383,,,,,,,,,,,,,,,,,,,,
FMNL2,0.8351063829787234,,,,,,,,,,,,,,,,,,,,
ENPP2,0.6223404255319149,,,,,,,,,,,,,,,,,,,,
FOLH1,0.5970744680851063,,,,,,,,,,,,,,,,,,,,
MOG,0.5930851063829787,,,,,,,,,,,,,,,,,,,,
CBLN2,,0.9747899159663865,,,,,,,,,,,,,,,,,,,
SYN3,,0.9831932773109243,,,,,,,,,,,,,,,,,,,
LINC01250,,0.9747899159663865,,,,,,,,,,,,,,,,,,,
ENSG00000229618,,0.9635854341736695,,,,,,,,,,,,,,,,,,,
TESPA1,,0.957983193277311,,,,,,,,,,,,,,,,,,,
LINC02306,,0.927170868347339,,,,,,,,,,,,,,,,,,,
SLIT3,,0.9663865546218487,,,,,,,,,,,,,,,,,,,
KCNIP4,,0.988795518207283,,,,,,,,,,,,,,,,,,,
MEG3,,0.9915966386554622,,,,,,,,,,,,,,,,,,,
ENSG00000254092,,0.9299719887955182,,,,,,,,,,,,,,,,,,,
R3HDM1,,0.9943977591036415,,,,,,,,,,,,,,,,,,,
DGKB,,0.9719887955182073,,,,,,,,,,,,,,,,,,,
LRRTM4,,0.9859943977591037,,,,,,,,,,,,,,,,,,,
MLIP,,0.9663865546218487,,,,,,,,,,,,,,,,,,,
LINC01378,,0.9047619047619048,,,,,,,,,,,,,,,,,,,
TAFA1,,0.9719887955182073,,,,,,,,,,,,,,,,,,,
CRACDL,,0.9831932773109243,,,,,,,,,,,,,,,,,,,
ENC1,,0.9831932773109243,,,,,,,,,,,,,,,,,,,
HS6ST3,,0.9719887955182073,,,,,,,,,,,,,,,,,,,
CUX2,,0.9355742296918768,,,,,,,,,,,,,,,,,,,
EPIC1,,0.9355742296918768,,,,,,,,,,,,,,,,,,,
NDST3,,0.9467787114845938,,,,,,,,,,,,,,,,,,,
LDB2,,0.9831932773109243,,,,,,,,,,,,,,,,,,,
STXBP5L,,0.9859943977591037,,,,,,,,,,,,,,,,,,,
KCNQ5,,0.988795518207283,,,,,,,,,,,,,,,,,,,
LINC00507,,0.8431372549019608,,,,,,,,,,,,,,,,,,,
DIRC3-AS1,,0.9523809523809523,,,,,,,,,,,,,,,,,,,
DGCR5,,0.9719887955182073,,,,,,,,,,,,,,,,,,,
PTK2B,,0.957983193277311,,,,,,,,,,,,,,,,,,,
ENSG00000228566,,0.8879551820728291,,,,,,,,,,,,,,,,,,,
FAM153CP,,0.9467787114845938,,,,,,,,,,,,,,,,,,,
CELF2,,0.9859943977591037,,,,,,,,,,,,,,,,,,,
LINC02263,,0.8375350140056023,,,,,,,,,,,,,,,,,,,
CABP1,,0.9803921568627451,,,,,,,,,,,,,,,,,,,
FSTL4,,0.9747899159663865,,,,,,,,,,,,,,,,,,,
CDH22,,0.8683473389355743,,,,,,,,,,,,,,,,,,,
CDH18,,0.9747899159663865,,,,,,,,,,,,,,,,,,,
NGEF,,0.9327731092436975,,,,,,,,,,,,,,,,,,,
RFTN1,,0.9131652661064426,,,,,,,,,,,,,,,,,,,
PDZD2,,0.9915966386554622,,,,,,,,,,,,,,,,,,,
SATB2,,0.9663865546218487,,,,,,,,,,,,,,,,,,,
TMEM178B,,0.9859943977591037,,,,,,,,,,,,,,,,,,,
PDE4D,,0.9943977591036415,,,,,,,,,,,,,,,,,,,
RGS6,,0.9803921568627451,,,,,,,,,,,,,,,,,,,
PHACTR1,,0.9831932773109243,,,,,,,,,,,,,,,,,,,
CAMK2A,,0.9915966386554622,,,,,,,,,,,,,,,,,,,
NTRK3,,0.9803921568627451,,,,,,,,,,,,,,,,,,,
KALRN,,0.9831932773109243,,,,,,,,,,,,,,,,,,,
ENSG00000233928,,0.9215686274509803,,,,,,,,,,,,,,,,,,,
DLGAP2,,0.9859943977591037,,,,,,,,,,,,,,,,,,,
TNR,,,1.0,,,,,,,,,,,,,,,,,,
LHFPL3,,,1.0,,,,,,,,,,,,,,,,,,
PTPRZ1,,,1.0,,,,,,,,,,,,,,,,,,
DSCAM,,,1.0,,,,,,,,,,,,,,,,,,
PCDH15,,,0.9869281045751634,,,,,,,,,,,,,,,,,,
XYLT1,,,0.9934640522875817,,,,,,,,,,,,,,,,,,
LRRC4C,,,1.0,,,,,,,,,,,,,,,,,,
VCAN,,,0.9738562091503268,,,,,,,,,,,,,,,,,,
MEGF11,,,0.9803921568627451,,,,,,,,,,,,,,,,,,
LINC00511,,,0.9803921568627451,,,,,,,,,,,,,,,,,,
CHST11,,,1.0,,,,,,,,,,,,,,,,,,
EPN2,,,1.0,,,,,,,,,,,,,,,,,,
SMOC1,,,0.9477124183006536,,,,,,,,,,,,,,,,,,
KCNMB2,,,0.9869281045751634,,,,,,,,,,,,,,,,,,
LUZP2,,,0.9607843137254902,,,,,,,,,,,,,,,,,,
CA10,,,0.9673202614379085,,,,,,,,,,,,,,,,,,
NRCAM,,,0.9934640522875817,,,,,,,,,,,,,,,,,,
DGKG,,,0.9738562091503268,,,,,,,,,,,,,,,,,,
OPHN1,,,0.954248366013072,,,,,,,,,,,,,,,,,,
OPCML,,,0.9934640522875817,,,,,,,,,,,,,,,,,,
SLC35F1,,,0.9607843137254902,,,,,,,,,,,,,,,,,,
DPP6,,,1.0,,,,,,,,,,,,,,,,,,
SOX6,,,0.9738562091503268,,,,,,,,,,,,,,,,,,
NOVA1,,,0.9738562091503268,,,,,,,,,,,,,,,,,,
SEMA5A,,,0.9281045751633987,,,,,,,,,,,,,,,,,,
ENSG00000278254,,,0.869281045751634,,,,,,,,,,,,,,,,,,
NLGN1,,,1.0,,,,,,,,,,,,,,,,,,
SULF2,,,0.8888888888888888,,,,,,,,,,,,,,,,,,
SEZ6L,,,0.954248366013072,,,,,,,,,,,,,,,,,,
ZEB1,,,0.954248366013072,,,,,,,,,,,,,,,,,,
COL11A1,,,0.9019607843137255,,,,,,,,,,,,,,,,,,
NKAIN3,,,0.9215686274509803,,,,,,,,,,,,,,,,,,
TMEM132C,,,0.954248366013072,,,,,,,,,,,,,,,,,,
PDGFRA,,,0.8431372549019608,,,,,,,,,,,,,,,,,,
NTM,,,1.0,,,,,,,,,,,,,,,,,,
PDZD2,,,0.9803921568627451,,,,,,,,,,,,,,,,,,
LRP1B,,,0.9934640522875817,,,,,,,,,,,,,,,,,,
KIF13A,,,0.9803921568627451,,,,,,,,,,,,,,,,,,
MAML2,,,0.954248366013072,,,,,,,,,,,,,,,,,,
MYT1,,,0.8366013071895425,,,,,,,,,,,,,,,,,,
DISC1,,,0.9281045751633987,,,,,,,,,,,,,,,,,,
TAOK3,,,0.9803921568627451,,,,,,,,,,,,,,,,,,
KAT2B,,,0.9281045751633987,,,,,,,,,,,,,,,,,,
AGAP1,,,0.9934640522875817,,,,,,,,,,,,,,,,,,
MMP16,,,0.9607843137254902,,,,,,,,,,,,,,,,,,
NAV1,,,0.9803921568627451,,,,,,,,,,,,,,,,,,
SLC1A2,,,0.9084967320261438,,,,,,,,,,,,,,,,,,
STK32A,,,0.7973856209150327,,,,,,,,,,,,,,,,,,
BRINP3,,,0.8823529411764706,,,,,,,,,,,,,,,,,,
COL9A1,,,0.7908496732026143,,,,,,,,,,,,,,,,,,
TUBA1B,,,,0.883495145631068,,,,,,,,,,,,,,,,,
CHN1,,,,0.8932038834951457,,,,,,,,,,,,,,,,,
CALM1,,,,0.9514563106796117,,,,,,,,,,,,,,,,,
SNAP25,,,,0.9320388349514563,,,,,,,,,,,,,,,,,
THY1,,,,0.8446601941747572,,,,,,,,,,,,,,,,,
TMSB10,,,,0.7669902912621359,,,,,,,,,,,,,,,,,
ENC1,,,,0.7961165048543689,,,,,,,,,,,,,,,,,
NRGN,,,,0.8058252427184466,,,,,,,,,,,,,,,,,
NORAD,,,,0.8058252427184466,,,,,,,,,,,,,,,,,
LMO4,,,,0.7961165048543689,,,,,,,,,,,,,,,,,
HSP90AB1,,,,0.9029126213592233,,,,,,,,,,,,,,,,,
VSNL1,,,,0.8349514563106796,,,,,,,,,,,,,,,,,
SPARCL1,,,,0.9223300970873787,,,,,,,,,,,,,,,,,
YWHAH,,,,0.7864077669902912,,,,,,,,,,,,,,,,,
STXBP1,,,,0.8446601941747572,,,,,,,,,,,,,,,,,
SLC17A7,,,,0.7087378640776699,,,,,,,,,,,,,,,,,
CALM2,,,,0.912621359223301,,,,,,,,,,,,,,,,,
MAP1B,,,,0.912621359223301,,,,,,,,,,,,,,,,,
OLFM1,,,,0.7961165048543689,,,,,,,,,,,,,,,,,
GNAS,,,,0.9223300970873787,,,,,,,,,,,,,,,,,
NUAK1,,,,0.7961165048543689,,,,,,,,,,,,,,,,,
PEBP1,,,,0.8349514563106796,,,,,,,,,,,,,,,,,
RGS4,,,,0.7087378640776699,,,,,,,,,,,,,,,,,
YWHAG,,,,0.8349514563106796,,,,,,,,,,,,,,,,,
TSC22D1,,,,0.883495145631068,,,,,,,,,,,,,,,,,
CAMK2A,,,,0.8252427184466019,,,,,,,,,,,,,,,,,
SYT1,,,,0.9611650485436893,,,,,,,,,,,,,,,,,
IDS,,,,0.8349514563106796,,,,,,,,,,,,,,,,,
BASP1,,,,0.8252427184466019,,,,,,,,,,,,,,,,,
MRTFB,,,,0.8058252427184466,,,,,,,,,,,,,,,,,
VAMP2,,,,0.7961165048543689,,,,,,,,,,,,,,,,,
CALM3,,,,0.7766990291262136,,,,,,,,,,,,,,,,,
DIRAS2,,,,0.6601941747572816,,,,,,,,,,,,,,,,,
PPP3CA,,,,0.8640776699029126,,,,,,,,,,,,,,,,,
DMTN,,,,0.6893203883495146,,,,,,,,,,,,,,,,,
NEFL,,,,0.6893203883495146,,,,,,,,,,,,,,,,,
HSP90AA1,,,,0.9223300970873787,,,,,,,,,,,,,,,,,
FTH1,,,,0.8349514563106796,,,,,,,,,,,,,,,,,
PRNP,,,,0.8155339805825242,,,,,,,,,,,,,,,,,
PNMA2,,,,0.7378640776699029,,,,,,,,,,,,,,,,,
PIK3R1,,,,0.8737864077669902,,,,,,,,,,,,,,,,,
NDRG4,,,,0.7281553398058253,,,,,,,,,,,,,,,,,
SELENOW,,,,0.7378640776699029,,,,,,,,,,,,,,,,,
STMN1,,,,0.7475728155339806,,,,,,,,,,,,,,,,,
BSG,,,,0.6601941747572816,,,,,,,,,,,,,,,,,
GAP43,,,,0.7281553398058253,,,,,,,,,,,,,,,,,
HTR2A,,,,0.5922330097087378,,,,,,,,,,,,,,,,,
NRN1,,,,0.6116504854368932,,,,,,,,,,,,,,,,,
ARPP19,,,,0.7281553398058253,,,,,,,,,,,,,,,,,
LMO3,,,,0.7087378640776699,,,,,,,,,,,,,,,,,
GALNTL6,,,,,1.0,,,,,,,,,,,,,,,,
SLC24A3,,,,,0.9895833333333334,,,,,,,,,,,,,,,,
SYNPR,,,,,0.9895833333333334,,,,,,,,,,,,,,,,
ERBB4,,,,,1.0,,,,,,,,,,,,,,,,
DLX6-AS1,,,,,0.96875,,,,,,,,,,,,,,,,
GRM7,,,,,1.0,,,,,,,,,,,,,,,,
RGS12,,,,,0.9895833333333334,,,,,,,,,,,,,,,,
ADARB2,,,,,1.0,,,,,,,,,,,,,,,,
CNTN4,,,,,1.0,,,,,,,,,,,,,,,,
THSD7A,,,,,0.9895833333333334,,,,,,,,,,,,,,,,
CALN1,,,,,0.9791666666666666,,,,,,,,,,,,,,,,
CHRM3,,,,,0.9895833333333334,,,,,,,,,,,,,,,,
VIP,,,,,0.8333333333333334,,,,,,,,,,,,,,,,
SNTG1,,,,,1.0,,,,,,,,,,,,,,,,
PLD5,,,,,0.9791666666666666,,,,,,,,,,,,,,,,
EGFR,,,,,0.96875,,,,,,,,,,,,,,,,
PROX1,,,,,0.9583333333333334,,,,,,,,,,,,,,,,
C8orf34,,,,,0.9270833333333334,,,,,,,,,,,,,,,,
CLVS1,,,,,0.9791666666666666,,,,,,,,,,,,,,,,
KCNH7,,,,,0.96875,,,,,,,,,,,,,,,,
MYRIP,,,,,0.9583333333333334,,,,,,,,,,,,,,,,
ROBO1,,,,,0.9895833333333334,,,,,,,,,,,,,,,,
FRMD4A,,,,,1.0,,,,,,,,,,,,,,,,
KCNT2,,,,,0.9479166666666666,,,,,,,,,,,,,,,,
ROBO2,,,,,0.9791666666666666,,,,,,,,,,,,,,,,
B4GALT6,,,,,0.9479166666666666,,,,,,,,,,,,,,,,
SNHG14,,,,,1.0,,,,,,,,,,,,,,,,
FGF14,,,,,0.9895833333333334,,,,,,,,,,,,,,,,
ABTB3,,,,,0.90625,,,,,,,,,,,,,,,,
PROX1-AS1,,,,,0.84375,,,,,,,,,,,,,,,,
CACNA1D,,,,,0.9791666666666666,,,,,,,,,,,,,,,,
SOBP,,,,,0.9791666666666666,,,,,,,,,,,,,,,,
ADAMTS6,,,,,0.8125,,,,,,,,,,,,,,,,
ZNF804A,,,,,0.9479166666666666,,,,,,,,,,,,,,,,
GALNT17,,,,,0.9583333333333334,,,,,,,,,,,,,,,,
GALNT13,,,,,0.9895833333333334,,,,,,,,,,,,,,,,
TRMT9B,,,,,0.96875,,,,,,,,,,,,,,,,
PKP2,,,,,0.8125,,,,,,,,,,,,,,,,
VWC2L,,,,,0.8645833333333334,,,,,,,,,,,,,,,,
PWRN1,,,,,1.0,,,,,,,,,,,,,,,,
PARD3,,,,,0.9583333333333334,,,,,,,,,,,,,,,,
PTPRE,,,,,0.9791666666666666,,,,,,,,,,,,,,,,
CNTNAP2,,,,,1.0,,,,,,,,,,,,,,,,
MAPK4,,,,,0.9270833333333334,,,,,,,,,,,,,,,,
PDE3A,,,,,0.78125,,,,,,,,,,,,,,,,
LINC03051,,,,,1.0,,,,,,,,,,,,,,,,
DSCAM,,,,,0.9895833333333334,,,,,,,,,,,,,,,,
TCF4,,,,,1.0,,,,,,,,,,,,,,,,
ARL4C,,,,,0.8958333333333334,,,,,,,,,,,,,,,,
SEZ6,,,,,0.8020833333333334,,,,,,,,,,,,,,,,
TSHZ2,,,,,,0.9891304347826086,,,,,,,,,,,,,,,
ENSG00000287722,,,,,,0.967391304347826,,,,,,,,,,,,,,,
DCC,,,,,,1.0,,,,,,,,,,,,,,,
IL1RAPL2,,,,,,1.0,,,,,,,,,,,,,,,
RORB,,,,,,0.9891304347826086,,,,,,,,,,,,,,,
RARB,,,,,,0.9891304347826086,,,,,,,,,,,,,,,
FSTL4,,,,,,1.0,,,,,,,,,,,,,,,
POU6F2,,,,,,1.0,,,,,,,,,,,,,,,
HTR1F,,,,,,0.9891304347826086,,,,,,,,,,,,,,,
COBLL1,,,,,,0.9565217391304348,,,,,,,,,,,,,,,
FOXP2,,,,,,1.0,,,,,,,,,,,,,,,
KHDRBS2,,,,,,1.0,,,,,,,,,,,,,,,
ENSG00000239498,,,,,,0.9782608695652174,,,,,,,,,,,,,,,
KCNH5,,,,,,0.9891304347826086,,,,,,,,,,,,,,,
ENSG00000236451,,,,,,0.9782608695652174,,,,,,,,,,,,,,,
CTNNA2,,,,,,1.0,,,,,,,,,,,,,,,
LINC01725,,,,,,0.9239130434782609,,,,,,,,,,,,,,,
TOX,,,,,,0.967391304347826,,,,,,,,,,,,,,,
AGBL4,,,,,,1.0,,,,,,,,,,,,,,,
LINC02232,,,,,,0.8913043478260869,,,,,,,,,,,,,,,
ENSG00000275232,,,,,,0.8478260869565217,,,,,,,,,,,,,,,
KHDRBS3,,,,,,1.0,,,,,,,,,,,,,,,
PYDC2-AS1,,,,,,0.9130434782608695,,,,,,,,,,,,,,,
KIAA0319,,,,,,0.9891304347826086,,,,,,,,,,,,,,,
RALYL,,,,,,1.0,,,,,,,,,,,,,,,
ENSG00000288087,,,,,,0.8478260869565217,,,,,,,,,,,,,,,
CASC15,,,,,,0.9456521739130435,,,,,,,,,,,,,,,
VWC2L,,,,,,0.9347826086956522,,,,,,,,,,,,,,,
UNC5D,,,,,,0.9891304347826086,,,,,,,,,,,,,,,
LRRK1,,,,,,0.9565217391304348,,,,,,,,,,,,,,,
LINC01414,,,,,,0.9347826086956522,,,,,,,,,,,,,,,
NELL2,,,,,,0.9891304347826086,,,,,,,,,,,,,,,
SLC38A11,,,,,,0.8913043478260869,,,,,,,,,,,,,,,
EPIC1,,,,,,0.9565217391304348,,,,,,,,,,,,,,,
OPCML,,,,,,0.9891304347826086,,,,,,,,,,,,,,,
RHOBTB2,,,,,,0.967391304347826,,,,,,,,,,,,,,,
THRB,,,,,,1.0,,,,,,,,,,,,,,,
CAMK1D,,,,,,1.0,,,,,,,,,,,,,,,
ENSG00000287172,,,,,,0.8695652173913043,,,,,,,,,,,,,,,
KCND3,,,,,,0.9891304347826086,,,,,,,,,,,,,,,
ENSG00000271774,,,,,,0.8260869565217391,,,,,,,,,,,,,,,
TAFA2,,,,,,0.9891304347826086,,,,,,,,,,,,,,,
EPHA4,,,,,,0.9891304347826086,,,,,,,,,,,,,,,
HECW1,,,,,,1.0,,,,,,,,,,,,,,,
ENSG00000291133,,,,,,0.967391304347826,,,,,,,,,,,,,,,
LY86-AS1,,,,,,0.9565217391304348,,,,,,,,,,,,,,,
SLIT1,,,,,,0.9782608695652174,,,,,,,,,,,,,,,
ENSG00000288902,,,,,,0.8260869565217391,,,,,,,,,,,,,,,
EFNA5,,,,,,0.9891304347826086,,,,,,,,,,,,,,,
SLC44A5,,,,,,1.0,,,,,,,,,,,,,,,
FGF13,,,,,,,0.9891304347826086,,,,,,,,,,,,,,
KIT,,,,,,,0.9782608695652174,,,,,,,,,,,,,,
GRIN2A,,,,,,,0.9891304347826086,,,,,,,,,,,,,,
GAD2,,,,,,,1.0,,,,,,,,,,,,,,
ATP8A2,,,,,,,0.9891304347826086,,,,,,,,,,,,,,
UNC13C,,,,,,,0.9782608695652174,,,,,,,,,,,,,,
SLC6A1,,,,,,,1.0,,,,,,,,,,,,,,
PTCHD4,,,,,,,0.9782608695652174,,,,,,,,,,,,,,
EYA4,,,,,,,0.967391304347826,,,,,,,,,,,,,,
MYO16,,,,,,,0.967391304347826,,,,,,,,,,,,,,
FGF14,,,,,,,0.9891304347826086,,,,,,,,,,,,,,
BCL11B,,,,,,,0.9782608695652174,,,,,,,,,,,,,,
SGCZ,,,,,,,0.9782608695652174,,,,,,,,,,,,,,
NRIP3,,,,,,,0.9782608695652174,,,,,,,,,,,,,,
PKP2,,,,,,,0.9456521739130435,,,,,,,,,,,,,,
SPHKAP,,,,,,,0.9456521739130435,,,,,,,,,,,,,,
ALK,,,,,,,0.9782608695652174,,,,,,,,,,,,,,
KAZN,,,,,,,0.9891304347826086,,,,,,,,,,,,,,
GRIP1,,,,,,,0.9782608695652174,,,,,,,,,,,,,,
TMEM132D,,,,,,,0.9891304347826086,,,,,,,,,,,,,,
NYAP2,,,,,,,0.9782608695652174,,,,,,,,,,,,,,
ANKRD55,,,,,,,0.967391304347826,,,,,,,,,,,,,,
GRIN3A,,,,,,,0.967391304347826,,,,,,,,,,,,,,
PTPRT,,,,,,,1.0,,,,,,,,,,,,,,
CRACD,,,,,,,0.9782608695652174,,,,,,,,,,,,,,
NXPH2,,,,,,,0.9347826086956522,,,,,,,,,,,,,,
SV2C,,,,,,,0.9130434782608695,,,,,,,,,,,,,,
ADARB2,,,,,,,0.9782608695652174,,,,,,,,,,,,,,
MACROD2,,,,,,,0.9782608695652174,,,,,,,,,,,,,,
RAB3C,,,,,,,0.9782608695652174,,,,,,,,,,,,,,
ENSG00000251031,,,,,,,0.9130434782608695,,,,,,,,,,,,,,
DNER,,,,,,,1.0,,,,,,,,,,,,,,
NTNG1,,,,,,,0.9347826086956522,,,,,,,,,,,,,,
TOX2,,,,,,,0.9456521739130435,,,,,,,,,,,,,,
MTUS2,,,,,,,0.9782608695652174,,,,,,,,,,,,,,
MGAT4C,,,,,,,0.9891304347826086,,,,,,,,,,,,,,
KCNIP1,,,,,,,0.9782608695652174,,,,,,,,,,,,,,
RPH3A,,,,,,,0.967391304347826,,,,,,,,,,,,,,
PRELID2,,,,,,,0.9239130434782609,,,,,,,,,,,,,,
EGFR,,,,,,,0.967391304347826,,,,,,,,,,,,,,
DLX6-AS1,,,,,,,0.967391304347826,,,,,,,,,,,,,,
UBASH3B,,,,,,,0.9456521739130435,,,,,,,,,,,,,,
TACR1,,,,,,,0.8695652173913043,,,,,,,,,,,,,,
CDK14,,,,,,,0.9891304347826086,,,,,,,,,,,,,,
RBMS3,,,,,,,0.9782608695652174,,,,,,,,,,,,,,
DGKD,,,,,,,0.9782608695652174,,,,,,,,,,,,,,
NFIB,,,,,,,0.9782608695652174,,,,,,,,,,,,,,
PMEPA1,,,,,,,0.9347826086956522,,,,,,,,,,,,,,
FSTL5,,,,,,,0.967391304347826,,,,,,,,,,,,,,
FBXL7,,,,,,,0.967391304347826,,,,,,,,,,,,,,
FGF12,,,,,,,,1.0,,,,,,,,,,,,,
ABTB3,,,,,,,,0.9888888888888889,,,,,,,,,,,,,
CNTNAP3,,,,,,,,0.9777777777777777,,,,,,,,,,,,,
ERBB4,,,,,,,,0.9888888888888889,,,,,,,,,,,,,
CNTNAP3B,,,,,,,,0.9444444444444444,,,,,,,,,,,,,
KCNC2,,,,,,,,0.9888888888888889,,,,,,,,,,,,,
ANK1,,,,,,,,0.9888888888888889,,,,,,,,,,,,,
ZNF804A,,,,,,,,0.9777777777777777,,,,,,,,,,,,,
SLIT2,,,,,,,,0.9777777777777777,,,,,,,,,,,,,
MYO5B,,,,,,,,0.9111111111111111,,,,,,,,,,,,,
ZNF385D,,,,,,,,1.0,,,,,,,,,,,,,
SAMD5,,,,,,,,0.9444444444444444,,,,,,,,,,,,,
TENM1,,,,,,,,0.9888888888888889,,,,,,,,,,,,,
KIAA1217,,,,,,,,0.9888888888888889,,,,,,,,,,,,,
RUNX2,,,,,,,,0.9222222222222223,,,,,,,,,,,,,
SCN1A-AS1,,,,,,,,0.9222222222222223,,,,,,,,,,,,,
CPLX1,,,,,,,,0.9777777777777777,,,,,,,,,,,,,
NXPH1,,,,,,,,0.9888888888888889,,,,,,,,,,,,,
PAM,,,,,,,,0.9777777777777777,,,,,,,,,,,,,
GAD2,,,,,,,,0.9888888888888889,,,,,,,,,,,,,
DLGAP1,,,,,,,,1.0,,,,,,,,,,,,,
ELAVL2,,,,,,,,0.9888888888888889,,,,,,,,,,,,,
CNTNAP2,,,,,,,,1.0,,,,,,,,,,,,,
PTPRM,,,,,,,,0.9888888888888889,,,,,,,,,,,,,
CADPS,,,,,,,,1.0,,,,,,,,,,,,,
VWC2,,,,,,,,0.9666666666666667,,,,,,,,,,,,,
ADAMTS17,,,,,,,,0.9444444444444444,,,,,,,,,,,,,
TRPC4,,,,,,,,0.9,,,,,,,,,,,,,
KLF12,,,,,,,,0.9777777777777777,,,,,,,,,,,,,
LHX6,,,,,,,,0.8777777777777778,,,,,,,,,,,,,
GRIP1,,,,,,,,0.9888888888888889,,,,,,,,,,,,,
OSBPL10,,,,,,,,0.9666666666666667,,,,,,,,,,,,,
DPP10,,,,,,,,0.9555555555555556,,,,,,,,,,,,,
GAD1,,,,,,,,0.9777777777777777,,,,,,,,,,,,,
CACNB4,,,,,,,,1.0,,,,,,,,,,,,,
TENM3,,,,,,,,0.9888888888888889,,,,,,,,,,,,,
GRIP2,,,,,,,,0.9222222222222223,,,,,,,,,,,,,
PPARGC1A,,,,,,,,0.9111111111111111,,,,,,,,,,,,,
PRKG1,,,,,,,,0.9444444444444444,,,,,,,,,,,,,
LRRFIP1,,,,,,,,0.9888888888888889,,,,,,,,,,,,,
NHS,,,,,,,,0.9666666666666667,,,,,,,,,,,,,
FAR2,,,,,,,,0.9555555555555556,,,,,,,,,,,,,
ZMAT4,,,,,,,,0.9777777777777777,,,,,,,,,,,,,
TSPAN9,,,,,,,,0.9333333333333333,,,,,,,,,,,,,
KAZN,,,,,,,,0.9888888888888889,,,,,,,,,,,,,
DTNA,,,,,,,,1.0,,,,,,,,,,,,,
SOX5,,,,,,,,1.0,,,,,,,,,,,,,
MYO16,,,,,,,,0.9333333333333333,,,,,,,,,,,,,
OSBPL3,,,,,,,,0.9777777777777777,,,,,,,,,,,,,
GRIK3,,,,,,,,0.9555555555555556,,,,,,,,,,,,,
LRMDA,,,,,,,,,0.9642857142857143,,,,,,,,,,,,
DOCK4,,,,,,,,,0.9761904761904762,,,,,,,,,,,,
PLXDC2,,,,,,,,,0.9761904761904762,,,,,,,,,,,,
SFMBT2,,,,,,,,,0.8928571428571429,,,,,,,,,,,,
ARHGAP24,,,,,,,,,0.8571428571428571,,,,,,,,,,,,
APBB1IP,,,,,,,,,0.8333333333333334,,,,,,,,,,,,
ST6GAL1,,,,,,,,,0.8690476190476191,,,,,,,,,,,,
DOCK8,,,,,,,,,0.8214285714285714,,,,,,,,,,,,
MEF2A,,,,,,,,,0.8928571428571429,,,,,,,,,,,,
FRMD4A,,,,,,,,,0.9642857142857143,,,,,,,,,,,,
SRGAP2,,,,,,,,,0.8690476190476191,,,,,,,,,,,,
FYB1,,,,,,,,,0.7857142857142857,,,,,,,,,,,,
ARHGAP22,,,,,,,,,0.8690476190476191,,,,,,,,,,,,
INPP5D,,,,,,,,,0.7857142857142857,,,,,,,,,,,,
LDLRAD4,,,,,,,,,0.8928571428571429,,,,,,,,,,,,
EPB41L2,,,,,,,,,0.9166666666666666,,,,,,,,,,,,
FOXN3,,,,,,,,,0.8690476190476191,,,,,,,,,,,,
SAT1,,,,,,,,,0.8452380952380952,,,,,,,,,,,,
SORL1,,,,,,,,,0.8333333333333334,,,,,,,,,,,,
LPAR6,,,,,,,,,0.7380952380952381,,,,,,,,,,,,
SLCO2B1,,,,,,,,,0.7261904761904762,,,,,,,,,,,,
MAML3,,,,,,,,,0.8095238095238095,,,,,,,,,,,,
AOAH,,,,,,,,,0.7619047619047619,,,,,,,,,,,,
KCNQ3,,,,,,,,,0.8452380952380952,,,,,,,,,,,,
ZFHX3,,,,,,,,,0.7738095238095238,,,,,,,,,,,,
ITPR2,,,,,,,,,0.8452380952380952,,,,,,,,,,,,
RHBDF2,,,,,,,,,0.6904761904761905,,,,,,,,,,,,
TBXAS1,,,,,,,,,0.6904761904761905,,,,,,,,,,,,
C3,,,,,,,,,0.6785714285714286,,,,,,,,,,,,
ABR,,,,,,,,,0.8214285714285714,,,,,,,,,,,,
DOCK2,,,,,,,,,0.7023809523809523,,,,,,,,,,,,
MYO1F,,,,,,,,,0.6785714285714286,,,,,,,,,,,,
SLC1A3,,,,,,,,,0.75,,,,,,,,,,,,
PALD1,,,,,,,,,0.6785714285714286,,,,,,,,,,,,
ZFP36L1,,,,,,,,,0.6666666666666666,,,,,,,,,,,,
SLC4A7,,,,,,,,,0.7738095238095238,,,,,,,,,,,,
CYFIP1,,,,,,,,,0.7619047619047619,,,,,,,,,,,,
ADAM28,,,,,,,,,0.6428571428571429,,,,,,,,,,,,
ATP8B4,,,,,,,,,0.6785714285714286,,,,,,,,,,,,
DISC1,,,,,,,,,0.7261904761904762,,,,,,,,,,,,
RBM47,,,,,,,,,0.6309523809523809,,,,,,,,,,,,
BMP2K,,,,,,,,,0.7023809523809523,,,,,,,,,,,,
CHST11,,,,,,,,,0.7738095238095238,,,,,,,,,,,,
CSF2RA,,,,,,,,,0.6071428571428571,,,,,,,,,,,,
ARHGAP15,,,,,,,,,0.6190476190476191,,,,,,,,,,,,
MGAT4A,,,,,,,,,0.7261904761904762,,,,,,,,,,,,
NEAT1,,,,,,,,,0.8214285714285714,,,,,,,,,,,,
SYK,,,,,,,,,0.5952380952380952,,,,,,,,,,,,
CSF1R,,,,,,,,,0.5952380952380952,,,,,,,,,,,,
ITGAX,,,,,,,,,0.5952380952380952,,,,,,,,,,,,
ROBO2,,,,,,,,,,1.0,,,,,,,,,,,
GRIK1,,,,,,,,,,1.0,,,,,,,,,,,
CDH12,,,,,,,,,,0.9759036144578314,,,,,,,,,,,
KIF26B,,,,,,,,,,1.0,,,,,,,,,,,
KIAA1217,,,,,,,,,,1.0,,,,,,,,,,,
XKR4,,,,,,,,,,1.0,,,,,,,,,,,
GRIK3,,,,,,,,,,0.9759036144578314,,,,,,,,,,,
NXPH1,,,,,,,,,,1.0,,,,,,,,,,,
TIAM1,,,,,,,,,,1.0,,,,,,,,,,,
SLC24A3,,,,,,,,,,1.0,,,,,,,,,,,
RPS6KA2,,,,,,,,,,1.0,,,,,,,,,,,
SOX6,,,,,,,,,,0.9879518072289156,,,,,,,,,,,
RBFOX1,,,,,,,,,,1.0,,,,,,,,,,,
DLGAP1,,,,,,,,,,1.0,,,,,,,,,,,
DAB1,,,,,,,,,,1.0,,,,,,,,,,,
PTPRM,,,,,,,,,,0.9879518072289156,,,,,,,,,,,
MYO5B,,,,,,,,,,0.8795180722891566,,,,,,,,,,,
SGCZ,,,,,,,,,,0.9518072289156626,,,,,,,,,,,
THSD7A,,,,,,,,,,0.9759036144578314,,,,,,,,,,,
LRP8,,,,,,,,,,0.927710843373494,,,,,,,,,,,
FSTL5,,,,,,,,,,0.9879518072289156,,,,,,,,,,,
NRXN3,,,,,,,,,,1.0,,,,,,,,,,,
SYNPR,,,,,,,,,,1.0,,,,,,,,,,,
PCSK5,,,,,,,,,,0.9036144578313253,,,,,,,,,,,
RASGRF2,,,,,,,,,,0.9879518072289156,,,,,,,,,,,
EPHA6,,,,,,,,,,0.9759036144578314,,,,,,,,,,,
HCN1,,,,,,,,,,1.0,,,,,,,,,,,
TENM1,,,,,,,,,,0.9879518072289156,,,,,,,,,,,
ZNF385D,,,,,,,,,,0.963855421686747,,,,,,,,,,,
KIRREL3,,,,,,,,,,0.9759036144578314,,,,,,,,,,,
WLS,,,,,,,,,,0.9156626506024096,,,,,,,,,,,
GRIP1,,,,,,,,,,1.0,,,,,,,,,,,
ENSG00000237773,,,,,,,,,,0.8674698795180723,,,,,,,,,,,
TENM3,,,,,,,,,,0.963855421686747,,,,,,,,,,,
BCL11A,,,,,,,,,,0.963855421686747,,,,,,,,,,,
CDH9,,,,,,,,,,0.963855421686747,,,,,,,,,,,
RBMS3,,,,,,,,,,0.9879518072289156,,,,,,,,,,,
NETO2,,,,,,,,,,0.9036144578313253,,,,,,,,,,,
GRIA1,,,,,,,,,,1.0,,,,,,,,,,,
PACRG,,,,,,,,,,0.9156626506024096,,,,,,,,,,,
DMD,,,,,,,,,,1.0,,,,,,,,,,,
TOX2,,,,,,,,,,0.8795180722891566,,,,,,,,,,,
FAM135B,,,,,,,,,,0.9397590361445783,,,,,,,,,,,
KCNIP1,,,,,,,,,,0.9879518072289156,,,,,,,,,,,
KAZN,,,,,,,,,,1.0,,,,,,,,,,,
LINC01122,,,,,,,,,,0.9518072289156626,,,,,,,,,,,
CUX2,,,,,,,,,,0.9518072289156626,,,,,,,,,,,
PIP5K1B,,,,,,,,,,0.9156626506024096,,,,,,,,,,,
OXR1,,,,,,,,,,0.9879518072289156,,,,,,,,,,,
SLC24A4,,,,,,,,,,0.8554216867469879,,,,,,,,,,,
KIAA1217,,,,,,,,,,,1.0,,,,,,,,,,
GRIK1,,,,,,,,,,,1.0,,,,,,,,,,
ST6GALNAC5,,,,,,,,,,,1.0,,,,,,,,,,
XKR4,,,,,,,,,,,1.0,,,,,,,,,,
SYNPR,,,,,,,,,,,1.0,,,,,,,,,,
SHISA6,,,,,,,,,,,0.9878048780487805,,,,,,,,,,
GRIK2,,,,,,,,,,,1.0,,,,,,,,,,
GRIK3,,,,,,,,,,,0.9878048780487805,,,,,,,,,,
ROBO2,,,,,,,,,,,1.0,,,,,,,,,,
NRXN3,,,,,,,,,,,1.0,,,,,,,,,,
RBFOX1,,,,,,,,,,,1.0,,,,,,,,,,
CNTNAP2,,,,,,,,,,,1.0,,,,,,,,,,
ASTN2,,,,,,,,,,,0.9878048780487805,,,,,,,,,,
PAWR,,,,,,,,,,,0.9024390243902439,,,,,,,,,,
PLCH1,,,,,,,,,,,0.926829268292683,,,,,,,,,,
NETO1,,,,,,,,,,,0.975609756097561,,,,,,,,,,
OXR1,,,,,,,,,,,1.0,,,,,,,,,,
CACNA2D3,,,,,,,,,,,0.9878048780487805,,,,,,,,,,
NXPH1,,,,,,,,,,,1.0,,,,,,,,,,
CADPS,,,,,,,,,,,1.0,,,,,,,,,,
RUNX1T1,,,,,,,,,,,0.975609756097561,,,,,,,,,,
ADCY8,,,,,,,,,,,0.926829268292683,,,,,,,,,,
WLS,,,,,,,,,,,0.926829268292683,,,,,,,,,,
DAPK1,,,,,,,,,,,0.9512195121951219,,,,,,,,,,
AAK1,,,,,,,,,,,1.0,,,,,,,,,,
PCDH11X,,,,,,,,,,,0.9390243902439024,,,,,,,,,,
GRIN3A,,,,,,,,,,,0.8658536585365854,,,,,,,,,,
CDH9,,,,,,,,,,,0.975609756097561,,,,,,,,,,
KIF26B,,,,,,,,,,,0.975609756097561,,,,,,,,,,
ROBO1,,,,,,,,,,,0.9878048780487805,,,,,,,,,,
TRHDE,,,,,,,,,,,0.8658536585365854,,,,,,,,,,
ELAVL2,,,,,,,,,,,0.926829268292683,,,,,,,,,,
KCNMB2,,,,,,,,,,,0.975609756097561,,,,,,,,,,
TMTC1,,,,,,,,,,,0.926829268292683,,,,,,,,,,
SATB1-AS1,,,,,,,,,,,0.8780487804878049,,,,,,,,,,
GRIP1,,,,,,,,,,,1.0,,,,,,,,,,
CDH13,,,,,,,,,,,0.9512195121951219,,,,,,,,,,
LRP8,,,,,,,,,,,0.9024390243902439,,,,,,,,,,
MGAT4C,,,,,,,,,,,0.975609756097561,,,,,,,,,,
SOX6,,,,,,,,,,,0.9512195121951219,,,,,,,,,,
GRIA3,,,,,,,,,,,0.9634146341463414,,,,,,,,,,
TENM3,,,,,,,,,,,0.9390243902439024,,,,,,,,,,
PDE3B,,,,,,,,,,,0.9390243902439024,,,,,,,,,,
FRMD3,,,,,,,,,,,0.8414634146341463,,,,,,,,,,
SPRY4-AS1,,,,,,,,,,,0.926829268292683,,,,,,,,,,
FLT3,,,,,,,,,,,0.7682926829268293,,,,,,,,,,
TENM2,,,,,,,,,,,1.0,,,,,,,,,,
ANK1,,,,,,,,,,,0.9024390243902439,,,,,,,,,,
STXBP6,,,,,,,,,,,0.926829268292683,,,,,,,,,,
SAMD5,,,,,,,,,,,0.7804878048780488,,,,,,,,,,
ADGRV1,,,,,,,,,,,,0.7808219178082192,,,,,,,,,
ATP1A2,,,,,,,,,,,,0.7123287671232876,,,,,,,,,
PTGDS,,,,,,,,,,,,0.7671232876712328,,,,,,,,,
MMD2,,,,,,,,,,,,0.6986301369863014,,,,,,,,,
OBI1-AS1,,,,,,,,,,,,0.6301369863013698,,,,,,,,,
MSI2,,,,,,,,,,,,0.7808219178082192,,,,,,,,,
LINC00299,,,,,,,,,,,,0.6712328767123288,,,,,,,,,
RYR3,,,,,,,,,,,,0.6986301369863014,,,,,,,,,
MACF1,,,,,,,,,,,,0.8904109589041096,,,,,,,,,
ENSG00000286757,,,,,,,,,,,,0.6027397260273972,,,,,,,,,
PITPNC1,,,,,,,,,,,,0.7397260273972602,,,,,,,,,
SLC1A2,,,,,,,,,,,,0.726027397260274,,,,,,,,,
SLC1A3,,,,,,,,,,,,0.684931506849315,,,,,,,,,
GPC5,,,,,,,,,,,,0.6712328767123288,,,,,,,,,
COL5A3,,,,,,,,,,,,0.589041095890411,,,,,,,,,
CTNNA2,,,,,,,,,,,,0.8493150684931506,,,,,,,,,
PRDM16,,,,,,,,,,,,0.547945205479452,,,,,,,,,
DPP10,,,,,,,,,,,,0.821917808219178,,,,,,,,,
GPM6A,,,,,,,,,,,,0.7808219178082192,,,,,,,,,
NTM,,,,,,,,,,,,0.863013698630137,,,,,,,,,
TNIK,,,,,,,,,,,,0.7671232876712328,,,,,,,,,
HIF3A,,,,,,,,,,,,0.5616438356164384,,,,,,,,,
SFXN5,,,,,,,,,,,,0.684931506849315,,,,,,,,,
LRIG1,,,,,,,,,,,,0.6164383561643836,,,,,,,,,
DTNA,,,,,,,,,,,,0.7534246575342466,,,,,,,,,
CAMK2G,,,,,,,,,,,,0.6986301369863014,,,,,,,,,
GFAP,,,,,,,,,,,,0.5068493150684932,,,,,,,,,
SORBS1,,,,,,,,,,,,0.7397260273972602,,,,,,,,,
NEAT1,,,,,,,,,,,,0.7397260273972602,,,,,,,,,
ACOT11,,,,,,,,,,,,0.589041095890411,,,,,,,,,
GLIS3,,,,,,,,,,,,0.5616438356164384,,,,,,,,,
SLC25A18,,,,,,,,,,,,0.5068493150684932,,,,,,,,,
TTYH1,,,,,,,,,,,,0.6027397260273972,,,,,,,,,
NEBL,,,,,,,,,,,,0.7397260273972602,,,,,,,,,
FGFR3,,,,,,,,,,,,0.4794520547945205,,,,,,,,,
MIR9-1HG,,,,,,,,,,,,0.6301369863013698,,,,,,,,,
PAMR1,,,,,,,,,,,,0.5068493150684932,,,,,,,,,
SLC4A4,,,,,,,,,,,,0.589041095890411,,,,,,,,,
PARD3,,,,,,,,,,,,0.6164383561643836,,,,,,,,,
RFX4,,,,,,,,,,,,0.5342465753424658,,,,,,,,,
ABLIM1,,,,,,,,,,,,0.6986301369863014,,,,,,,,,
ACSBG1,,,,,,,,,,,,0.4657534246575342,,,,,,,,,
CTNND2,,,,,,,,,,,,0.7945205479452054,,,,,,,,,
NKAIN3,,,,,,,,,,,,0.589041095890411,,,,,,,,,
AQP4,,,,,,,,,,,,0.4383561643835616,,,,,,,,,
ZNRF3,,,,,,,,,,,,0.5753424657534246,,,,,,,,,
ABR,,,,,,,,,,,,0.684931506849315,,,,,,,,,
MROH7,,,,,,,,,,,,0.5342465753424658,,,,,,,,,
AMZ2,,,,,,,,,,,,0.5342465753424658,,,,,,,,,
FBXL7,,,,,,,,,,,,0.6712328767123288,,,,,,,,,
HS3ST4,,,,,,,,,,,,,0.9846153846153847,,,,,,,,
SEMA3E,,,,,,,,,,,,,0.9846153846153847,,,,,,,,
ASIC2,,,,,,,,,,,,,0.9846153846153847,,,,,,,,
ADAMTSL1,,,,,,,,,,,,,0.9692307692307692,,,,,,,,
RALYL,,,,,,,,,,,,,1.0,,,,,,,,
RYR3,,,,,,,,,,,,,1.0,,,,,,,,
TRPM3,,,,,,,,,,,,,0.9692307692307692,,,,,,,,
SLC8A1,,,,,,,,,,,,,1.0,,,,,,,,
RYR2,,,,,,,,,,,,,0.9846153846153847,,,,,,,,
PDZRN4,,,,,,,,,,,,,0.9846153846153847,,,,,,,,
PTPRN2,,,,,,,,,,,,,0.9846153846153847,,,,,,,,
FRMPD4,,,,,,,,,,,,,1.0,,,,,,,,
CLSTN2,,,,,,,,,,,,,0.9846153846153847,,,,,,,,
MDGA2,,,,,,,,,,,,,0.9846153846153847,,,,,,,,
FOXP2,,,,,,,,,,,,,0.9384615384615385,,,,,,,,
AFF3,,,,,,,,,,,,,0.9846153846153847,,,,,,,,
B4GALNT3,,,,,,,,,,,,,0.9538461538461539,,,,,,,,
PTPRD,,,,,,,,,,,,,0.9846153846153847,,,,,,,,
NRP1,,,,,,,,,,,,,0.9230769230769231,,,,,,,,
MCTP1,,,,,,,,,,,,,0.9846153846153847,,,,,,,,
LRP1B,,,,,,,,,,,,,0.9846153846153847,,,,,,,,
OLFM3,,,,,,,,,,,,,0.9846153846153847,,,,,,,,
SDK2,,,,,,,,,,,,,0.9384615384615385,,,,,,,,
DGKI,,,,,,,,,,,,,0.9846153846153847,,,,,,,,
DPP10,,,,,,,,,,,,,1.0,,,,,,,,
SV2B,,,,,,,,,,,,,0.9846153846153847,,,,,,,,
SYNPO2,,,,,,,,,,,,,0.9384615384615385,,,,,,,,
DCHS2,,,,,,,,,,,,,0.8923076923076924,,,,,,,,
CADPS,,,,,,,,,,,,,1.0,,,,,,,,
PRKAG2,,,,,,,,,,,,,0.9846153846153847,,,,,,,,
SULF1,,,,,,,,,,,,,0.8615384615384616,,,,,,,,
ZFPM2,,,,,,,,,,,,,0.9846153846153847,,,,,,,,
SORBS2,,,,,,,,,,,,,1.0,,,,,,,,
NALF1,,,,,,,,,,,,,1.0,,,,,,,,
CSMD1,,,,,,,,,,,,,0.9846153846153847,,,,,,,,
TLE4,,,,,,,,,,,,,0.9692307692307692,,,,,,,,
ANKS1B,,,,,,,,,,,,,1.0,,,,,,,,
CDH18,,,,,,,,,,,,,0.9846153846153847,,,,,,,,
SLIT1,,,,,,,,,,,,,0.9384615384615385,,,,,,,,
ENSG00000253553,,,,,,,,,,,,,0.9538461538461539,,,,,,,,
GALNT16,,,,,,,,,,,,,0.9076923076923077,,,,,,,,
ENSG00000253288,,,,,,,,,,,,,0.8307692307692308,,,,,,,,
CADPS2,,,,,,,,,,,,,0.9692307692307692,,,,,,,,
NAV3,,,,,,,,,,,,,1.0,,,,,,,,
KALRN,,,,,,,,,,,,,0.9846153846153847,,,,,,,,
KHDRBS3,,,,,,,,,,,,,0.9846153846153847,,,,,,,,
ENSG00000286481,,,,,,,,,,,,,0.9076923076923077,,,,,,,,
KIAA1217,,,,,,,,,,,,,0.9846153846153847,,,,,,,,
LMO7,,,,,,,,,,,,,0.9846153846153847,,,,,,,,
PHACTR1,,,,,,,,,,,,,0.9846153846153847,,,,,,,,
ADARB2,,,,,,,,,,,,,,1.0,,,,,,,
CNR1,,,,,,,,,,,,,,0.9803921568627451,,,,,,,
GALNTL6,,,,,,,,,,,,,,1.0,,,,,,,
RGS12,,,,,,,,,,,,,,1.0,,,,,,,
CHRNA7,,,,,,,,,,,,,,0.9215686274509803,,,,,,,
CCDC85A,,,,,,,,,,,,,,1.0,,,,,,,
IGF1,,,,,,,,,,,,,,0.9607843137254902,,,,,,,
NR2F2-AS1,,,,,,,,,,,,,,0.9215686274509803,,,,,,,
SHISA6,,,,,,,,,,,,,,0.9803921568627451,,,,,,,
DLX6-AS1,,,,,,,,,,,,,,0.9803921568627451,,,,,,,
INPP4B,,,,,,,,,,,,,,1.0,,,,,,,
ROBO2,,,,,,,,,,,,,,1.0,,,,,,,
NRXN3,,,,,,,,,,,,,,1.0,,,,,,,
NPAS3,,,,,,,,,,,,,,1.0,,,,,,,
KCNT2,,,,,,,,,,,,,,0.9803921568627451,,,,,,,
PLD5,,,,,,,,,,,,,,0.9803921568627451,,,,,,,
NRXN1,,,,,,,,,,,,,,1.0,,,,,,,
MCC,,,,,,,,,,,,,,0.9411764705882353,,,,,,,
PRR16,,,,,,,,,,,,,,0.9411764705882353,,,,,,,
CRACD,,,,,,,,,,,,,,1.0,,,,,,,
ENTPD3,,,,,,,,,,,,,,0.9215686274509803,,,,,,,
ENSG00000286263,,,,,,,,,,,,,,0.8235294117647058,,,,,,,
FGF14,,,,,,,,,,,,,,1.0,,,,,,,
GABRG3,,,,,,,,,,,,,,0.9803921568627451,,,,,,,
CCK,,,,,,,,,,,,,,0.9411764705882353,,,,,,,
SHISA9,,,,,,,,,,,,,,1.0,,,,,,,
ARL4C,,,,,,,,,,,,,,0.9607843137254902,,,,,,,
KCNIP1,,,,,,,,,,,,,,1.0,,,,,,,
SYNPR,,,,,,,,,,,,,,0.9607843137254902,,,,,,,
ANKRD30BL,,,,,,,,,,,,,,1.0,,,,,,,
ZNF385D,,,,,,,,,,,,,,0.9803921568627451,,,,,,,
LRRC3B,,,,,,,,,,,,,,0.8431372549019608,,,,,,,
CACNA1D,,,,,,,,,,,,,,1.0,,,,,,,
TRMT9B,,,,,,,,,,,,,,1.0,,,,,,,
AFAP1,,,,,,,,,,,,,,0.9607843137254902,,,,,,,
PWRN1,,,,,,,,,,,,,,0.9803921568627451,,,,,,,
LINC00461,,,,,,,,,,,,,,1.0,,,,,,,
NR3C2,,,,,,,,,,,,,,0.9803921568627451,,,,,,,
KCNJ3,,,,,,,,,,,,,,0.9803921568627451,,,,,,,
ENSG00000286778,,,,,,,,,,,,,,0.7647058823529411,,,,,,,
SEZ6L,,,,,,,,,,,,,,1.0,,,,,,,
NHS,,,,,,,,,,,,,,0.9607843137254902,,,,,,,
ADRA1A,,,,,,,,,,,,,,0.8627450980392157,,,,,,,
FXYD6,,,,,,,,,,,,,,0.9803921568627451,,,,,,,
LINC02885,,,,,,,,,,,,,,0.7843137254901961,,,,,,,
CHRM3,,,,,,,,,,,,,,0.9607843137254902,,,,,,,
GRIP1,,,,,,,,,,,,,,1.0,,,,,,,
ROBO1,,,,,,,,,,,,,,0.9803921568627451,,,,,,,
VWC2,,,,,,,,,,,,,,0.9411764705882353,,,,,,,
RIPOR2,,,,,,,,,,,,,,0.9019607843137255,,,,,,,
RMST,,,,,,,,,,,,,,,1.0,,,,,,
TCERG1L,,,,,,,,,,,,,,,1.0,,,,,,
CPNE4,,,,,,,,,,,,,,,1.0,,,,,,
PTPRD,,,,,,,,,,,,,,,1.0,,,,,,
POU6F2,,,,,,,,,,,,,,,0.975,,,,,,
RORB,,,,,,,,,,,,,,,1.0,,,,,,
TRHDE,,,,,,,,,,,,,,,0.975,,,,,,
PLCH1,,,,,,,,,,,,,,,0.95,,,,,,
NEGR1,,,,,,,,,,,,,,,1.0,,,,,,
ANO3,,,,,,,,,,,,,,,0.975,,,,,,
DLGAP1-AS4,,,,,,,,,,,,,,,1.0,,,,,,
PYDC2-AS1,,,,,,,,,,,,,,,0.95,,,,,,
KCNB2,,,,,,,,,,,,,,,1.0,,,,,,
LINC02217,,,,,,,,,,,,,,,0.925,,,,,,
KHDRBS2,,,,,,,,,,,,,,,1.0,,,,,,
DCC,,,,,,,,,,,,,,,1.0,,,,,,
KCNH5,,,,,,,,,,,,,,,1.0,,,,,,
COBLL1,,,,,,,,,,,,,,,0.925,,,,,,
PTPRT,,,,,,,,,,,,,,,1.0,,,,,,
SLC38A11,,,,,,,,,,,,,,,0.925,,,,,,
KIAA0319,,,,,,,,,,,,,,,1.0,,,,,,
SNTG1,,,,,,,,,,,,,,,0.975,,,,,,
ADGRB3,,,,,,,,,,,,,,,1.0,,,,,,
IRAG2,,,,,,,,,,,,,,,0.925,,,,,,
ENSG00000285939,,,,,,,,,,,,,,,0.975,,,,,,
HECW1,,,,,,,,,,,,,,,1.0,,,,,,
GRM7,,,,,,,,,,,,,,,1.0,,,,,,
ZNF804B,,,,,,,,,,,,,,,0.95,,,,,,
OTOGL,,,,,,,,,,,,,,,0.85,,,,,,
KHDRBS3,,,,,,,,,,,,,,,1.0,,,,,,
UNC5D,,,,,,,,,,,,,,,0.975,,,,,,
EFNA5,,,,,,,,,,,,,,,1.0,,,,,,
NELL2,,,,,,,,,,,,,,,1.0,,,,,,
EPHA4,,,,,,,,,,,,,,,1.0,,,,,,
GUCY1A2,,,,,,,,,,,,,,,1.0,,,,,,
RGS7,,,,,,,,,,,,,,,0.975,,,,,,
SEMA6D,,,,,,,,,,,,,,,1.0,,,,,,
DNAH7,,,,,,,,,,,,,,,0.975,,,,,,
CELF2,,,,,,,,,,,,,,,1.0,,,,,,
CARMIL1,,,,,,,,,,,,,,,1.0,,,,,,
KCNH1,,,,,,,,,,,,,,,1.0,,,,,,
TAFA1,,,,,,,,,,,,,,,0.975,,,,,,
NR2F1-AS1,,,,,,,,,,,,,,,1.0,,,,,,
TRPM3,,,,,,,,,,,,,,,1.0,,,,,,
PARM1,,,,,,,,,,,,,,,0.95,,,,,,
NRG3,,,,,,,,,,,,,,,1.0,,,,,,
HTR1F,,,,,,,,,,,,,,,0.95,,,,,,
MSC-AS1,,,,,,,,,,,,,,,0.825,,,,,,
FMN1,,,,,,,,,,,,,,,1.0,,,,,,
PHLDB2,,,,,,,,,,,,,,,0.825,,,,,,
CXCL14,,,,,,,,,,,,,,,,1.0,,,,,
COL21A1,,,,,,,,,,,,,,,,1.0,,,,,
GRIK2,,,,,,,,,,,,,,,,1.0,,,,,
INPP4B,,,,,,,,,,,,,,,,0.9722222222222222,,,,,
NR2F2-AS1,,,,,,,,,,,,,,,,0.9722222222222222,,,,,
DAB1,,,,,,,,,,,,,,,,1.0,,,,,
RGS12,,,,,,,,,,,,,,,,1.0,,,,,
FSTL5,,,,,,,,,,,,,,,,1.0,,,,,
CHRNA7,,,,,,,,,,,,,,,,0.9444444444444444,,,,,
ADARB2,,,,,,,,,,,,,,,,1.0,,,,,
LINGO2,,,,,,,,,,,,,,,,1.0,,,,,
CNTN5,,,,,,,,,,,,,,,,1.0,,,,,
ENSG00000286263,,,,,,,,,,,,,,,,0.9166666666666666,,,,,
ADRA1A,,,,,,,,,,,,,,,,0.9722222222222222,,,,,
SIPA1L2,,,,,,,,,,,,,,,,1.0,,,,,
ZMAT4,,,,,,,,,,,,,,,,1.0,,,,,
MEGF11,,,,,,,,,,,,,,,,1.0,,,,,
ZNF385D,,,,,,,,,,,,,,,,1.0,,,,,
NR2F2,,,,,,,,,,,,,,,,0.8888888888888888,,,,,
C8orf34,,,,,,,,,,,,,,,,0.9166666666666666,,,,,
EPHA6,,,,,,,,,,,,,,,,1.0,,,,,
ERBB4,,,,,,,,,,,,,,,,1.0,,,,,
EGFR,,,,,,,,,,,,,,,,0.9444444444444444,,,,,
CCNH,,,,,,,,,,,,,,,,0.9722222222222222,,,,,
CNR1,,,,,,,,,,,,,,,,0.9166666666666666,,,,,
C1orf21,,,,,,,,,,,,,,,,1.0,,,,,
PRR16,,,,,,,,,,,,,,,,0.9444444444444444,,,,,
PLD5,,,,,,,,,,,,,,,,1.0,,,,,
EXT1,,,,,,,,,,,,,,,,0.9722222222222222,,,,,
ENSG00000251031,,,,,,,,,,,,,,,,0.8888888888888888,,,,,
NDST4,,,,,,,,,,,,,,,,0.8333333333333334,,,,,
PRELID2,,,,,,,,,,,,,,,,0.9166666666666666,,,,,
CHSY3,,,,,,,,,,,,,,,,0.9722222222222222,,,,,
ENSG00000227579,,,,,,,,,,,,,,,,0.8611111111111112,,,,,
NRXN1,,,,,,,,,,,,,,,,1.0,,,,,
NYAP2,,,,,,,,,,,,,,,,0.9722222222222222,,,,,
DNER,,,,,,,,,,,,,,,,1.0,,,,,
IL1RAPL2,,,,,,,,,,,,,,,,0.9166666666666666,,,,,
ADAMTS9-AS2,,,,,,,,,,,,,,,,0.8888888888888888,,,,,
PRICKLE2,,,,,,,,,,,,,,,,0.9722222222222222,,,,,
SDK1,,,,,,,,,,,,,,,,0.9722222222222222,,,,,
PCSK2,,,,,,,,,,,,,,,,0.9722222222222222,,,,,
SLC25A48,,,,,,,,,,,,,,,,0.8611111111111112,,,,,
PROX1,,,,,,,,,,,,,,,,0.9444444444444444,,,,,
ABTB3,,,,,,,,,,,,,,,,0.9444444444444444,,,,,
BICD1,,,,,,,,,,,,,,,,1.0,,,,,
GRIK1,,,,,,,,,,,,,,,,1.0,,,,,
SCG2,,,,,,,,,,,,,,,,0.9444444444444444,,,,,
PDE7B,,,,,,,,,,,,,,,,0.9722222222222222,,,,,
THSD7A,,,,,,,,,,,,,,,,0.9444444444444444,,,,,
ENSG00000253693,,,,,,,,,,,,,,,,,1.0,,,,
LINC03000,,,,,,,,,,,,,,,,,1.0,,,,
ENSG00000287172,,,,,,,,,,,,,,,,,1.0,,,,
CADPS2,,,,,,,,,,,,,,,,,1.0,,,,
ADAMTSL1,,,,,,,,,,,,,,,,,1.0,,,,
GALNT17,,,,,,,,,,,,,,,,,1.0,,,,
CASC15,,,,,,,,,,,,,,,,,0.9642857142857143,,,,
PHACTR1,,,,,,,,,,,,,,,,,1.0,,,,
LRRK1,,,,,,,,,,,,,,,,,1.0,,,,
FMN1,,,,,,,,,,,,,,,,,1.0,,,,
PHACTR2,,,,,,,,,,,,,,,,,1.0,,,,
AGBL4,,,,,,,,,,,,,,,,,1.0,,,,
TLL1,,,,,,,,,,,,,,,,,0.9285714285714286,,,,
DPY19L1,,,,,,,,,,,,,,,,,1.0,,,,
RORB,,,,,,,,,,,,,,,,,1.0,,,,
PTPRT,,,,,,,,,,,,,,,,,1.0,,,,
ERC2,,,,,,,,,,,,,,,,,1.0,,,,
CLSTN2,,,,,,,,,,,,,,,,,1.0,,,,
HS3ST4,,,,,,,,,,,,,,,,,1.0,,,,
CPNE4,,,,,,,,,,,,,,,,,1.0,,,,
HECW1,,,,,,,,,,,,,,,,,1.0,,,,
CNIH3,,,,,,,,,,,,,,,,,1.0,,,,
EPHA3,,,,,,,,,,,,,,,,,1.0,,,,
HTR2A,,,,,,,,,,,,,,,,,0.9642857142857143,,,,
FRMPD4,,,,,,,,,,,,,,,,,1.0,,,,
NYAP2,,,,,,,,,,,,,,,,,1.0,,,,
IPCEF1,,,,,,,,,,,,,,,,,1.0,,,,
ARHGAP29,,,,,,,,,,,,,,,,,0.9285714285714286,,,,
HS3ST2,,,,,,,,,,,,,,,,,0.9642857142857143,,,,
FOXP2,,,,,,,,,,,,,,,,,0.9642857142857143,,,,
NEGR1,,,,,,,,,,,,,,,,,1.0,,,,
DNAH6,,,,,,,,,,,,,,,,,0.9285714285714286,,,,
CCDC85A,,,,,,,,,,,,,,,,,1.0,,,,
RHBDL3,,,,,,,,,,,,,,,,,1.0,,,,
BRINP3,,,,,,,,,,,,,,,,,1.0,,,,
RGS6,,,,,,,,,,,,,,,,,1.0,,,,
XKR6,,,,,,,,,,,,,,,,,1.0,,,,
PLAGL1,,,,,,,,,,,,,,,,,0.9642857142857143,,,,
ENSG00000285940,,,,,,,,,,,,,,,,,1.0,,,,
POU6F2,,,,,,,,,,,,,,,,,1.0,,,,
CHN2,,,,,,,,,,,,,,,,,1.0,,,,
CACNA1C,,,,,,,,,,,,,,,,,1.0,,,,
KHDRBS3,,,,,,,,,,,,,,,,,1.0,,,,
PHLDB2,,,,,,,,,,,,,,,,,0.8928571428571429,,,,
FAM163B,,,,,,,,,,,,,,,,,0.9642857142857143,,,,
GRM7,,,,,,,,,,,,,,,,,1.0,,,,
ARSJ,,,,,,,,,,,,,,,,,0.8214285714285714,,,,
CPNE7,,,,,,,,,,,,,,,,,0.8571428571428571,,,,
MICAL2,,,,,,,,,,,,,,,,,1.0,,,,
RIMS1,,,,,,,,,,,,,,,,,1.0,,,,
CNTN5,,,,,,,,,,,,,,,,,,1.0,,,
ZNF385D,,,,,,,,,,,,,,,,,,1.0,,,
DPP10,,,,,,,,,,,,,,,,,,1.0,,,
CA8,,,,,,,,,,,,,,,,,,1.0,,,
CALN1,,,,,,,,,,,,,,,,,,1.0,,,
RORA,,,,,,,,,,,,,,,,,,1.0,,,
TENM1,,,,,,,,,,,,,,,,,,1.0,,,
CNTNAP3B,,,,,,,,,,,,,,,,,,1.0,,,
ANK1,,,,,,,,,,,,,,,,,,1.0,,,
MIR4500HG,,,,,,,,,,,,,,,,,,1.0,,,
SDK1,,,,,,,,,,,,,,,,,,1.0,,,
TRPS1,,,,,,,,,,,,,,,,,,1.0,,,
DLGAP2,,,,,,,,,,,,,,,,,,1.0,,,
THSD7A,,,,,,,,,,,,,,,,,,1.0,,,
TENM4,,,,,,,,,,,,,,,,,,1.0,,,
GULP1,,,,,,,,,,,,,,,,,,1.0,,,
CNTNAP3,,,,,,,,,,,,,,,,,,1.0,,,
GABRG3,,,,,,,,,,,,,,,,,,1.0,,,
MDGA2,,,,,,,,,,,,,,,,,,1.0,,,
TMTC1,,,,,,,,,,,,,,,,,,1.0,,,
GPR149,,,,,,,,,,,,,,,,,,0.9615384615384616,,,
TAFA4,,,,,,,,,,,,,,,,,,0.9615384615384616,,,
SLC7A2,,,,,,,,,,,,,,,,,,0.9615384615384616,,,
ALK,,,,,,,,,,,,,,,,,,1.0,,,
FRMPD4,,,,,,,,,,,,,,,,,,1.0,,,
OSBPL6,,,,,,,,,,,,,,,,,,1.0,,,
TMEM132D,,,,,,,,,,,,,,,,,,1.0,,,
SCN1A-AS1,,,,,,,,,,,,,,,,,,0.9615384615384616,,,
ZNF804A,,,,,,,,,,,,,,,,,,1.0,,,
PLCXD3,,,,,,,,,,,,,,,,,,1.0,,,
GRIA4,,,,,,,,,,,,,,,,,,1.0,,,
ADGRB3,,,,,,,,,,,,,,,,,,1.0,,,
VWC2,,,,,,,,,,,,,,,,,,1.0,,,
MAST4,,,,,,,,,,,,,,,,,,1.0,,,
HUNK,,,,,,,,,,,,,,,,,,1.0,,,
MYO16,,,,,,,,,,,,,,,,,,1.0,,,
RASSF8,,,,,,,,,,,,,,,,,,0.9615384615384616,,,
SHANK2,,,,,,,,,,,,,,,,,,1.0,,,
ERBB4,,,,,,,,,,,,,,,,,,1.0,,,
GRIA1,,,,,,,,,,,,,,,,,,1.0,,,
TAFA2,,,,,,,,,,,,,,,,,,1.0,,,
DPP10-AS3,,,,,,,,,,,,,,,,,,0.8846153846153846,,,
FAM78B,,,,,,,,,,,,,,,,,,0.9615384615384616,,,
FGF13,,,,,,,,,,,,,,,,,,1.0,,,
ZNF804B,,,,,,,,,,,,,,,,,,1.0,,,
SGCD,,,,,,,,,,,,,,,,,,0.9615384615384616,,,
PKNOX2,,,,,,,,,,,,,,,,,,1.0,,,
NACC2,,,,,,,,,,,,,,,,,,0.9230769230769231,,,
FSTL5,,,,,,,,,,,,,,,,,,1.0,,,
LINC01837,,,,,,,,,,,,,,,,,,0.8461538461538461,,,
NPSR1-AS1,,,,,,,,,,,,,,,,,,,1.0,,
ENSG00000283674,,,,,,,,,,,,,,,,,,,1.0,,
IFNG-AS1,,,,,,,,,,,,,,,,,,,1.0,,
TSHZ2,,,,,,,,,,,,,,,,,,,1.0,,
ITGA8,,,,,,,,,,,,,,,,,,,1.0,,
CRYM,,,,,,,,,,,,,,,,,,,1.0,,
ASIC2,,,,,,,,,,,,,,,,,,,1.0,,
HTR2C,,,,,,,,,,,,,,,,,,,0.9583333333333334,,
COL12A1,,,,,,,,,,,,,,,,,,,1.0,,
ZNF385D,,,,,,,,,,,,,,,,,,,1.0,,
CHRM2,,,,,,,,,,,,,,,,,,,1.0,,
CDH6,,,,,,,,,,,,,,,,,,,0.9583333333333334,,
PCP4,,,,,,,,,,,,,,,,,,,1.0,,
CPNE4,,,,,,,,,,,,,,,,,,,1.0,,
PRR16,,,,,,,,,,,,,,,,,,,1.0,,
MPP7,,,,,,,,,,,,,,,,,,,1.0,,
SPON1,,,,,,,,,,,,,,,,,,,0.9583333333333334,,
ATP2C2,,,,,,,,,,,,,,,,,,,0.9583333333333334,,
ADCY2,,,,,,,,,,,,,,,,,,,1.0,,
GRM4,,,,,,,,,,,,,,,,,,,0.9583333333333334,,
SEL1L3,,,,,,,,,,,,,,,,,,,1.0,,
TRMT9B,,,,,,,,,,,,,,,,,,,0.9583333333333334,,
HS3ST4,,,,,,,,,,,,,,,,,,,1.0,,
PHLDB2,,,,,,,,,,,,,,,,,,,0.9583333333333334,,
SEMA3E,,,,,,,,,,,,,,,,,,,1.0,,
SORCS2,,,,,,,,,,,,,,,,,,,1.0,,
LINC01811,,,,,,,,,,,,,,,,,,,0.9583333333333334,,
TLL1,,,,,,,,,,,,,,,,,,,0.9166666666666666,,
OLFM3,,,,,,,,,,,,,,,,,,,1.0,,
SH3RF3,,,,,,,,,,,,,,,,,,,1.0,,
ERC2,,,,,,,,,,,,,,,,,,,1.0,,
MAPK10,,,,,,,,,,,,,,,,,,,1.0,,
TLE4,,,,,,,,,,,,,,,,,,,1.0,,
TRHDE,,,,,,,,,,,,,,,,,,,1.0,,
GRM8,,,,,,,,,,,,,,,,,,,0.9583333333333334,,
DIRAS2,,,,,,,,,,,,,,,,,,,1.0,,
SEMA5B,,,,,,,,,,,,,,,,,,,0.9583333333333334,,
KCNT2,,,,,,,,,,,,,,,,,,,1.0,,
FGFR1,,,,,,,,,,,,,,,,,,,0.9583333333333334,,
VWC2L,,,,,,,,,,,,,,,,,,,0.9583333333333334,,
ERG,,,,,,,,,,,,,,,,,,,0.875,,
CDH11,,,,,,,,,,,,,,,,,,,1.0,,
ZNF385B,,,,,,,,,,,,,,,,,,,1.0,,
CLSTN2,,,,,,,,,,,,,,,,,,,1.0,,
GPRIN3,,,,,,,,,,,,,,,,,,,0.9583333333333334,,
MYRIP,,,,,,,,,,,,,,,,,,,1.0,,
LINC02822,,,,,,,,,,,,,,,,,,,0.9166666666666666,,
NEK11,,,,,,,,,,,,,,,,,,,1.0,,
ENSG00000283294,,,,,,,,,,,,,,,,,,,0.9583333333333334,,
DPY19L1,,,,,,,,,,,,,,,,,,,0.9583333333333334,,
RELN,,,,,,,,,,,,,,,,,,,,1.0,
INPP4B,,,,,,,,,,,,,,,,,,,,1.0,
CXCL14,,,,,,,,,,,,,,,,,,,,1.0,
FRAS1,,,,,,,,,,,,,,,,,,,,1.0,
SV2C,,,,,,,,,,,,,,,,,,,,1.0,
BMP6,,,,,,,,,,,,,,,,,,,,1.0,
HS3ST5,,,,,,,,,,,,,,,,,,,,1.0,
FSTL5,,,,,,,,,,,,,,,,,,,,1.0,
FAT1,,,,,,,,,,,,,,,,,,,,1.0,
NYAP2,,,,,,,,,,,,,,,,,,,,1.0,
GRM8,,,,,,,,,,,,,,,,,,,,1.0,
FGF14,,,,,,,,,,,,,,,,,,,,1.0,
GAD2,,,,,,,,,,,,,,,,,,,,1.0,
TOX3,,,,,,,,,,,,,,,,,,,,1.0,
EGFR,,,,,,,,,,,,,,,,,,,,1.0,
ENSG00000249806,,,,,,,,,,,,,,,,,,,,1.0,
DLX6-AS1,,,,,,,,,,,,,,,,,,,,1.0,
SGO1-AS1,,,,,,,,,,,,,,,,,,,,1.0,
ADRA1A,,,,,,,,,,,,,,,,,,,,1.0,
COL5A2,,,,,,,,,,,,,,,,,,,,0.9565217391304348,
B3GLCT,,,,,,,,,,,,,,,,,,,,1.0,
CCDC85A,,,,,,,,,,,,,,,,,,,,1.0,
FREM1,,,,,,,,,,,,,,,,,,,,0.9565217391304348,
ZMAT4,,,,,,,,,,,,,,,,,,,,1.0,
NMBR,,,,,,,,,,,,,,,,,,,,0.9130434782608695,
GRIK2,,,,,,,,,,,,,,,,,,,,1.0,
UNC5D,,,,,,,,,,,,,,,,,,,,1.0,
MYO16,,,,,,,,,,,,,,,,,,,,1.0,
MCTP1,,,,,,,,,,,,,,,,,,,,1.0,
CACNA2D1,,,,,,,,,,,,,,,,,,,,1.0,
XKR4,,,,,,,,,,,,,,,,,,,,1.0,
MGAT4C,,,,,,,,,,,,,,,,,,,,1.0,
NEBL,,,,,,,,,,,,,,,,,,,,1.0,
RIMBP2,,,,,,,,,,,,,,,,,,,,1.0,
ADARB2,,,,,,,,,,,,,,,,,,,,1.0,
BCL11B,,,,,,,,,,,,,,,,,,,,1.0,
SGCZ,,,,,,,,,,,,,,,,,,,,1.0,
GALNTL6,,,,,,,,,,,,,,,,,,,,1.0,
COL21A1,,,,,,,,,,,,,,,,,,,,0.9565217391304348,
CNTN5,,,,,,,,,,,,,,,,,,,,1.0,
ERBB4,,,,,,,,,,,,,,,,,,,,1.0,
GRM5,,,,,,,,,,,,,,,,,,,,1.0,
ABI1,,,,,,,,,,,,,,,,,,,,1.0,
PLD5,,,,,,,,,,,,,,,,,,,,1.0,
PRR16,,,,,,,,,,,,,,,,,,,,0.9565217391304348,
GRIP1,,,,,,,,,,,,,,,,,,,,1.0,
PIP5K1B,,,,,,,,,,,,,,,,,,,,1.0,
GRIN3A,,,,,,,,,,,,,,,,,,,,1.0,
LINGO2,,,,,,,,,,,,,,,,,,,,1.0,
HDAC9,,,,,,,,,,,,,,,,,,,,1.0,
ERC2,,,,,,,,,,,,,,,,,,,,,1.0
KCNIP4,,,,,,,,,,,,,,,,,,,,,1.0
THEMIS,,,,,,,,,,,,,,,,,,,,,1.0
TESC,,,,,,,,,,,,,,,,,,,,,1.0
NTNG2,,,,,,,,,,,,,,,,,,,,,1.0
KCTD16,,,,,,,,,,,,,,,,,,,,,1.0
ZNF804B,,,,,,,,,,,,,,,,,,,,,1.0
SORBS2,,,,,,,,,,,,,,,,,,,,,1.0
GFRA1,,,,,,,,,,,,,,,,,,,,,1.0
TENM4,,,,,,,,,,,,,,,,,,,,,1.0
NRG1,,,,,,,,,,,,,,,,,,,,,1.0
GALNT14,,,,,,,,,,,,,,,,,,,,,1.0
LINC03051,,,,,,,,,,,,,,,,,,,,,1.0
POSTN,,,,,,,,,,,,,,,,,,,,,0.9444444444444444
TMEM132D,,,,,,,,,,,,,,,,,,,,,1.0
CUX1,,,,,,,,,,,,,,,,,,,,,1.0
CLSTN2,,,,,,,,,,,,,,,,,,,,,1.0
MCTP2,,,,,,,,,,,,,,,,,,,,,0.9444444444444444
RGS12,,,,,,,,,,,,,,,,,,,,,1.0
GNB4,,,,,,,,,,,,,,,,,,,,,1.0
NWD2,,,,,,,,,,,,,,,,,,,,,1.0
ENSG00000256654,,,,,,,,,,,,,,,,,,,,,1.0
RASGEF1C,,,,,,,,,,,,,,,,,,,,,1.0
RIT2,,,,,,,,,,,,,,,,,,,,,1.0
CADPS,,,,,,,,,,,,,,,,,,,,,1.0
FRAS1,,,,,,,,,,,,,,,,,,,,,1.0
CADPS2,,,,,,,,,,,,,,,,,,,,,1.0
ATP8B1,,,,,,,,,,,,,,,,,,,,,1.0
ADAM23,,,,,,,,,,,,,,,,,,,,,1.0
RPL6,,,,,,,,,,,,,,,,,,,,,1.0
DACH1,,,,,,,,,,,,,,,,,,,,,0.9444444444444444
CPNE4,,,,,,,,,,,,,,,,,,,,,1.0
SLIT1,,,,,,,,,,,,,,,,,,,,,1.0
MAMDC2,,,,,,,,,,,,,,,,,,,,,0.9444444444444444
HS3ST4,,,,,,,,,,,,,,,,,,,,,1.0
OLFML2B,,,,,,,,,,,,,,,,,,,,,0.8888888888888888
GSG1L,,,,,,,,,,,,,,,,,,,,,1.0
GNG2,,,,,,,,,,,,,,,,,,,,,1.0
MAGI3,,,,,,,,,,,,,,,,,,,,,1.0
ENSG00000258631,,,,,,,,,,,,,,,,,,,,,0.9444444444444444
RIMS2,,,,,,,,,,,,,,,,,,,,,1.0
TMEM163,,,,,,,,,,,,,,,,,,,,,1.0
EPB41,,,,,,,,,,,,,,,,,,,,,1.0
HPSE2,,,,,,,,,,,,,,,,,,,,,0.9444444444444444
SATB2,,,,,,,,,,,,,,,,,,,,,1.0
NR4A2,,,,,,,,,,,,,,,,,,,,,0.8888888888888888
TRPC5,,,,,,,,,,,,,,,,,,,,,0.9444444444444444
RPL10A,,,,,,,,,,,,,,,,,,,,,1.0
BMAL2,,,,,,,,,,,,,,,,,,,,,0.9444444444444444
MAP2K1,,,,,,,,,,,,,,,,,,,,,1.0
