call_number,strategy,n_hvg,n_pcs,n_neighbors,resolution,yield_score_target,balanced_score_gmean,weighted_mean_cas,simple_mean_cas,mean_mcs,silhouette_score,n_individual_labels,n_consensus_labels
1,Exploit,3828,27,41,1.2743,0.2371,0.2371,75.9405,69.1711,96.7303,0.2371,49,16
2,Exploit,2231,19,28,0.8007,0.3098,0.3098,74.6493,66.1453,96.8585,0.3098,49,15
3,Exploit,851,69,12,1.4996,0.1160,0.1160,75.6804,68.9942,96.6608,0.1160,49,17
4,Exploit,4475,10,50,1.3115,0.3354,0.3354,70.6363,67.0460,97.4878,0.3354,49,14
5,Exploit,2986,11,11,1.1446,0.3024,0.3024,73.5810,69.6318,96.6072,0.3024,49,16
6,Exploit,2021,14,49,0.6190,0.3651,0.3651,74.3985,67.4825,97.5710,0.3651,49,14
7,Exploit,613,66,25,1.9698,0.0936,0.0936,75.7176,69.4604,97.7108,0.0936,49,18
8,Exploit,2326,87,37,1.0109,0.1482,0.1482,74.9837,71.5094,97.1144,0.1482,49,16
9,Exploit,260,95,33,0.8937,0.0278,0.0278,68.6112,61.3391,96.1960,0.0278,49,12
10,Exploit,273,31,20,1.4299,0.0926,0.0926,71.5281,68.8743,95.0720,0.0926,49,13
11,Exploit,2022,10,48,0.4697,0.4302,0.4302,70.4134,67.4113,97.6782,0.4302,49,12
12,Exploit,2475,10,50,0.2000,0.4720,0.4720,68.3047,64.5402,97.5870,0.4720,49,11
13,Exploit,4755,10,50,0.2000,0.4519,0.4519,68.0910,67.2089,97.4936,0.4519,49,10
14,Exploit,856,10,10,0.2000,0.4393,0.4393,72.5406,71.4645,96.8300,0.4393,49,11
15,Exploit,4755,52,50,0.2000,0.2553,0.2553,1.6349,0.9652,98.1108,0.2553,49,12
16,Exploit,4755,100,10,2.0000,0.0991,0.0991,78.2815,71.5540,97.4011,0.0991,49,21
17,Exploit,3042,10,10,0.2000,0.4150,0.4150,69.2894,66.4300,97.6191,0.4150,49,12
18,Exploit,200,10,50,0.2000,0.0556,0.0556,59.5913,63.0967,97.1254,0.0556,49,7
19,Exploit,1612,10,10,0.2000,0.4521,0.4521,68.8992,67.3305,97.6374,0.4521,49,10
20,Exploit,2934,10,50,0.2000,0.4599,0.4599,67.6173,61.0267,97.7222,0.4599,49,10
21,Exploit,4755,10,24,0.2000,0.4486,0.4486,68.1375,65.5410,97.9225,0.4486,49,11
22,Exploit,2375,10,40,0.2000,0.4673,0.4673,68.3326,64.5216,97.5474,0.4673,49,11
23,Exploit,4094,10,41,0.2000,0.4601,0.4601,68.1189,67.0913,97.4779,0.4601,49,10
24,Exploit,4314,10,10,0.2000,0.4572,0.4572,69.0757,66.4481,97.6420,0.4572,49,11
25,Exploit,4755,24,10,0.2000,0.3176,0.3176,72.1876,67.8817,97.5778,0.3176,49,13
26,Exploit,4026,10,24,0.2000,0.4559,0.4559,68.2675,65.2680,97.8222,0.4559,49,11
27,Exploit,4755,100,50,0.2000,0.2017,0.2017,1.6349,1.0521,97.4920,0.2017,49,11
28,Exploit,1043,10,10,2.0000,0.2007,0.2007,76.0706,70.0737,95.0873,0.2007,49,16
29,Exploit,1976,10,37,0.2000,0.4663,0.4663,68.1189,67.1795,97.4337,0.4663,49,10
30,Exploit,3300,100,10,0.2000,0.1817,0.1817,1.6256,0.7574,98.3404,0.1817,49,15
31,Exploit,4755,10,10,2.0000,0.2132,0.2132,74.7422,71.0540,97.0625,0.2132,49,18
32,Exploit,2994,55,10,0.2000,0.2305,0.2305,71.6489,72.1358,97.1304,0.2305,49,13
33,Exploit,1204,22,10,0.2000,0.3507,0.3507,74.2778,70.3509,96.4430,0.3507,49,12
34,Exploit,3733,10,50,0.2000,0.4539,0.4539,68.1096,67.3965,97.5953,0.4539,49,10
35,Exploit,3519,100,50,2.0000,0.1191,0.1191,74.8165,68.8226,97.3230,0.1191,49,18
36,Exploit,1647,100,10,2.0000,0.0988,0.0988,77.2782,71.5946,97.0060,0.0988,49,21
37,Exploit,4755,75,10,0.2000,0.2024,0.2024,72.4292,71.9699,98.2566,0.2024,49,14
38,Exploit,4755,66,50,2.0000,0.1459,0.1459,75.9127,70.7624,97.0377,0.1459,49,19
39,Exploit,3595,73,49,0.2619,0.2280,0.2280,73.3581,69.6140,97.2310,0.2280,49,13
40,Exploit,3176,62,10,1.9983,0.1382,0.1382,76.9717,68.9405,96.6575,0.1382,49,19
41,Exploit,4619,16,49,0.2009,0.3673,0.3673,72.6057,70.0206,97.8935,0.3673,49,13
42,Exploit,2124,49,50,0.2000,0.2681,0.2681,1.7185,1.3296,97.0136,0.2681,49,12
43,Exploit,200,52,10,0.2000,-0.1514,-0.1514,55.2996,59.2326,95.8925,-0.1514,49,8
44,Exploit,3146,36,50,0.2000,0.2928,0.2928,1.6442,0.9708,98.1327,0.2928,49,12
45,Exploit,2265,47,50,2.0000,0.1718,0.1718,77.1575,70.0136,97.0074,0.1718,49,20
46,Exploit,1373,10,22,0.2000,0.4464,0.4464,69.2429,68.2024,97.5630,0.4464,49,10
47,Exploit,3099,10,50,2.0000,0.2646,0.2646,73.2838,69.6614,97.3472,0.2646,49,15
48,Exploit,2128,10,50,0.2000,0.4688,0.4688,68.2397,64.1134,97.2974,0.4688,49,11
49,Exploit,1980,100,50,0.2000,0.1804,0.1804,72.5128,76.0226,97.4845,0.1804,49,11
50,Exploit,4670,47,11,1.5592,0.1725,0.1725,77.3247,69.9829,98.1253,0.1725,49,21
1,BO-EI,3828,27,41,1.2743,0.2371,0.2371,75.9405,69.1711,96.7303,0.2371,49,16
2,BO-EI,2231,19,28,0.8007,0.3098,0.3098,74.6493,66.1453,96.8585,0.3098,49,15
3,BO-EI,851,69,12,1.4996,0.1160,0.1160,75.6804,68.9942,96.6608,0.1160,49,17
4,BO-EI,4475,10,50,1.3115,0.3354,0.3354,70.6363,67.0460,97.4878,0.3354,49,14
5,BO-EI,2986,11,11,1.1446,0.3024,0.3024,73.5810,69.6318,96.6072,0.3024,49,16
6,BO-EI,2021,14,49,0.6190,0.3651,0.3651,74.3985,67.4825,97.5710,0.3651,49,14
7,BO-EI,613,66,25,1.9698,0.0936,0.0936,75.7176,69.4604,97.7108,0.0936,49,18
8,BO-EI,2326,87,37,1.0109,0.1482,0.1482,74.9837,71.5094,97.1144,0.1482,49,16
9,BO-EI,260,95,33,0.8937,0.0278,0.0278,68.6112,61.3391,96.1960,0.0278,49,12
10,BO-EI,273,31,20,1.4299,0.0926,0.0926,71.5281,68.8743,95.0720,0.0926,49,13
11,BO-EI,4755,10,50,0.2000,0.4519,0.4519,68.0910,67.2089,97.4936,0.4519,49,10
12,BO-EI,4755,47,50,0.2000,0.2643,0.2643,1.6349,0.9641,98.0371,0.2643,49,12
13,BO-EI,3137,10,10,0.2000,0.4737,0.4737,69.0293,63.5423,97.8733,0.4737,49,12
14,BO-EI,200,10,10,0.2000,0.0645,0.0645,58.2908,58.4608,94.2402,0.0645,49,7
15,BO-EI,3788,10,50,0.2000,0.4617,0.4617,68.1839,67.2446,97.4696,0.4617,49,10
16,BO-EI,2933,10,50,0.2000,0.4669,0.4669,68.1746,64.2996,97.4359,0.4669,49,11
17,BO-EI,2700,10,50,0.2000,0.4739,0.4739,68.1468,64.4123,97.5335,0.4739,49,11
18,BO-EI,4755,100,17,2.0000,0.1072,0.1072,76.6744,71.2971,97.8145,0.1072,49,21
19,BO-EI,2464,29,49,0.2000,0.3200,0.3200,1.6442,1.0508,98.0016,0.3200,49,11
20,BO-EI,4755,100,12,0.2000,0.1702,0.1702,1.5235,0.9072,98.1867,0.1702,49,13
21,BO-EI,1526,10,14,1.9824,0.2373,0.2373,75.2067,69.9693,96.2793,0.2373,49,15
22,BO-EI,2436,10,20,0.2000,0.4631,0.4631,69.2150,65.8732,97.7112,0.4631,49,11
23,BO-EI,4327,11,37,0.2185,0.4420,0.4420,68.1932,63.0392,97.9930,0.4420,49,12
24,BO-EI,4747,43,11,1.9905,0.1728,0.1728,79.1175,71.1995,97.3082,0.1728,49,21
25,BO-EI,1951,99,15,1.9695,0.1110,0.1110,77.1017,68.9846,97.0714,0.1110,49,20
26,BO-EI,3139,99,18,0.2074,0.1717,0.1717,1.6256,0.8741,98.1737,0.1717,49,13
27,BO-EI,1820,10,14,0.2696,0.4528,0.4528,68.5648,66.8451,97.9865,0.4528,49,11
28,BO-EI,1668,10,24,0.2025,0.4593,0.4593,68.2675,67.1152,97.5671,0.4593,49,10
29,BO-EI,3411,12,15,0.2057,0.4463,0.4463,70.5899,64.8635,97.5012,0.4463,49,13
30,BO-EI,1939,100,19,0.2170,0.1813,0.1813,72.5406,75.4840,97.9274,0.1813,49,12
31,BO-EI,3330,10,20,0.2118,0.4679,0.4679,69.4937,64.3247,97.5860,0.4679,49,12
32,BO-EI,1269,31,22,0.2196,0.3176,0.3176,73.0701,70.6653,96.1498,0.3176,49,10
33,BO-EI,1119,10,14,0.2523,0.4184,0.4184,72.2898,72.3851,97.8575,0.4184,49,11
34,BO-EI,3538,10,50,0.2254,0.4467,0.4467,67.6730,61.1374,97.6927,0.4467,49,10
35,BO-EI,4351,10,13,0.2292,0.4577,0.4577,68.7599,65.9482,97.7249,0.4577,49,11
36,BO-EI,2758,10,12,0.2887,0.4142,0.4142,70.5992,66.2643,97.3424,0.4142,49,13
37,BO-EI,1508,11,27,0.2738,0.4387,0.4387,69.5495,66.9085,97.6336,0.4387,49,11
38,BO-EI,3949,10,42,0.2000,0.4613,0.4613,68.1189,67.1047,97.4989,0.4613,49,10
39,BO-EI,4732,11,26,0.2331,0.4398,0.4398,68.2304,63.0892,98.0123,0.4398,49,12
40,BO-EI,2343,10,12,0.2195,0.4127,0.4127,68.9642,67.4108,97.8230,0.4127,49,11
41,BO-EI,1584,10,50,0.2589,0.4544,0.4544,69.4380,68.5400,97.3872,0.4544,49,10
42,BO-EI,3166,10,38,0.2267,0.4691,0.4691,68.1189,64.2322,97.5017,0.4691,49,11
43,BO-EI,3484,10,45,0.2462,0.4567,0.4567,68.9271,68.0618,97.5086,0.4567,49,10
44,BO-EI,4114,10,21,0.2569,0.3902,0.3902,69.2615,69.0941,97.6424,0.3902,49,11
45,BO-EI,3213,10,11,0.2000,0.4183,0.4183,69.1593,65.8405,97.6466,0.4183,49,12
46,BO-EI,3434,10,27,0.2084,0.4680,0.4680,68.2675,62.7645,97.9719,0.4680,49,12
47,BO-EI,1761,10,50,0.2000,0.4580,0.4580,68.3233,67.4852,97.7252,0.4580,49,10
48,BO-EI,1743,10,50,0.2000,0.4601,0.4601,68.3790,67.4446,97.7139,0.4601,49,10
49,BO-EI,4733,11,33,0.3618,0.4052,0.4052,69.2894,66.9507,97.6808,0.4052,49,12
50,BO-EI,3178,10,50,0.2000,0.4662,0.4662,68.1654,67.4177,97.6054,0.4662,49,10
1,Explore,3828,27,41,1.2743,0.2371,0.2371,75.9405,69.1711,96.7303,0.2371,49,16
2,Explore,2231,19,28,0.8007,0.3098,0.3098,74.6493,66.1453,96.8585,0.3098,49,15
3,Explore,851,69,12,1.4996,0.1160,0.1160,75.6804,68.9942,96.6608,0.1160,49,17
4,Explore,4475,10,50,1.3115,0.3354,0.3354,70.6363,67.0460,97.4878,0.3354,49,14
5,Explore,2986,11,11,1.1446,0.3024,0.3024,73.5810,69.6318,96.6072,0.3024,49,16
6,Explore,2021,14,49,0.6190,0.3651,0.3651,74.3985,67.4825,97.5710,0.3651,49,14
7,Explore,613,66,25,1.9698,0.0936,0.0936,75.7176,69.4604,97.7108,0.0936,49,18
8,Explore,2326,87,37,1.0109,0.1482,0.1482,74.9837,71.5094,97.1144,0.1482,49,16
9,Explore,260,95,33,0.8937,0.0278,0.0278,68.6112,61.3391,96.1960,0.0278,49,12
10,Explore,273,31,20,1.4299,0.0926,0.0926,71.5281,68.8743,95.0720,0.0926,49,13
11,Explore,4755,10,50,0.2000,0.4519,0.4519,68.0910,67.2089,97.4936,0.4519,49,10
12,Explore,4755,54,50,0.2000,0.2496,0.2496,1.6349,0.9630,97.8517,0.2496,49,12
13,Explore,4755,100,21,2.0000,0.1101,0.1101,76.3586,69.5165,97.9227,0.1101,49,20
14,Explore,4626,99,28,0.2427,0.1935,0.1935,72.4106,74.7318,98.0999,0.1935,49,13
15,Explore,548,11,12,0.2334,0.4025,0.4025,0.4645,0.7493,96.9229,0.4025,49,11
16,Explore,267,45,44,0.2037,0.0946,0.0946,63.8830,65.3573,96.0312,0.0946,49,8
17,Explore,4700,71,10,1.9957,0.1261,0.1261,78.4765,71.0256,97.4665,0.1261,49,21
18,Explore,4735,24,28,0.2369,0.3178,0.3178,71.2308,67.0012,97.7720,0.3178,49,13
19,Explore,4432,72,32,0.2083,0.2283,0.2283,1.6349,0.8917,98.3289,0.2283,49,13
20,Explore,1059,10,48,1.8735,0.2229,0.2229,74.7051,70.6549,96.9754,0.2229,49,14
21,Explore,4155,11,15,0.2791,0.4572,0.4572,69.2429,64.2503,97.6774,0.4572,49,12
22,Explore,2901,10,28,0.2215,0.4271,0.4271,69.2708,67.6941,97.7840,0.4271,49,11
23,Explore,4670,45,11,1.9204,0.1695,0.1695,79.0618,70.1930,97.8995,0.1695,49,21
24,Explore,4316,10,46,0.2225,0.4519,0.4519,68.1282,67.1833,97.5030,0.4519,49,10
25,Explore,4595,16,35,1.9995,0.2514,0.2514,76.0892,67.6505,95.9907,0.2514,49,17
26,Explore,395,73,19,0.2264,0.1455,0.1455,68.3047,68.0044,98.1214,0.1455,49,10
27,Explore,543,10,29,0.2788,0.4256,0.4256,68.8249,69.2725,97.4196,0.4256,49,10
28,Explore,495,22,19,0.2339,0.3539,0.3539,1.7000,1.3220,96.5140,0.3539,49,11
29,Explore,4450,40,17,0.2318,0.2796,0.2796,73.4789,73.4804,97.0206,0.2796,49,13
30,Explore,674,100,10,1.9802,0.0649,0.0649,75.5968,70.1420,97.5344,0.0649,49,17
31,Explore,261,10,41,0.7060,0.2112,0.2112,67.9610,67.2774,96.4278,0.2112,49,11
32,Explore,4330,10,23,0.2634,0.4024,0.4024,69.2708,69.0342,97.6617,0.4024,49,11
33,Explore,4659,11,25,0.2045,0.4387,0.4387,68.2582,63.2353,98.0217,0.4387,49,12
34,Explore,4698,11,23,0.3224,0.4020,0.4020,69.2801,66.9342,97.6647,0.4020,49,12
35,Explore,4351,10,13,0.2292,0.4577,0.4577,68.7599,65.9482,97.7249,0.4577,49,11
36,Explore,277,10,25,0.2225,0.4188,0.4188,1.6907,1.2636,97.0572,0.4188,49,9
37,Explore,4671,10,11,0.8753,0.3374,0.3374,69.8189,63.1300,97.4523,0.3374,49,14
38,Explore,1082,10,26,0.2016,0.4400,0.4400,72.3920,72.3257,97.6150,0.4400,49,11
39,Explore,4707,61,20,0.9851,0.1796,0.1796,74.1477,67.4692,96.8209,0.1796,49,16
40,Explore,2343,10,12,0.2195,0.4127,0.4127,68.9642,67.4108,97.8230,0.4127,49,11
41,Explore,4692,19,12,0.2154,0.3140,0.3140,74.3428,69.8817,97.3509,0.3140,49,14
42,Explore,4630,10,20,1.9394,0.2382,0.2382,73.4789,69.5762,96.2957,0.2382,49,15
43,Explore,4626,12,35,0.2123,0.4381,0.4381,68.1932,63.2070,97.9600,0.4381,49,12
44,Explore,4595,10,20,0.2279,0.4408,0.4408,66.4933,61.9421,97.9333,0.4408,49,12
45,Explore,528,10,29,0.2186,0.5261,0.5261,1.6721,1.2415,97.4372,0.5261,49,9
46,Explore,909,99,25,0.2193,0.2157,0.2157,1.6163,1.0907,96.4223,0.2157,49,10
47,Explore,4434,100,28,0.2137,0.2020,0.2020,1.6349,0.9667,98.0911,0.2020,49,12
48,Explore,248,11,40,1.9365,0.1081,0.1081,70.7199,69.8972,96.1361,0.1081,49,12
49,Explore,4725,100,21,0.8909,0.1429,0.1429,74.7515,68.9602,97.9578,0.1429,49,17
50,Explore,231,37,18,1.9846,-0.0011,-0.0011,68.3140,64.3741,94.8291,-0.0011,49,14
